,,,LALANDER 5 Building General Expenses sheet,,,,,,,,,,,,,,
,,,جدول عمومی مصارفات تعمیر للندر 5,,,,,,,,,,,,,,
ملاحظات,مجموع مصارفات به دالر,مصارف افغانی+ دالری,مصرف دالری,نرخ اسعار,,مصرف افغانی ,توضیحات,بل نمبر ,پروژه,تاریخ,شماره ,,,,,,
Remarks,Total Expenses by USD,AFN+USD,USD,Exchange Rate,,AFN,Discretion,Bill No,Project,DATE,S/N,,,,,,
توسط عرش الله,$586 ,$585.71 ,,$70.00 ,"AFN 41,000","AFN 41,000",پرداخت برای کاکا بادام گل روز الدین در ساحه بابت انتقال پرانه به دارالامان و بارگیری استکواتور ,,,7-Dec-24,1,,,,,,
توسط عرش الله,$791 ,$205.71 ,,$70.00 ,"AFN 55,400","AFN 14,400",خریداری آهن چادر 0.5/125 ایرانی به تعمیرللندر 5 توسط سمیرللندر 5,,,10-Dec-24,2,,,,,,
توسط عرش الله,"$2,629 ","$1,838.00 ","$1,838 ",$70.00 ,"AFN 55,400",AFN 0,خریداری سیخ گول 14 ملی و سیخ گول 10 ملی ملی همراه با سیم جستی به تعمیرللندر 5 توسط سمیر (2455) کیلو),,,10-Dec-24,3,,,,,,
توسط عرش الله,"$2,679 ",$50.00 ,,$70.00 ,"AFN 58,900","AFN 3,500","خریداری تیل پطرول به موتر کرولا, زاغ نول ,کلفت متوسط , کلفت خورد و پیچ واشر دار به تعمیرللندر 5 توسط سمیر للندر ",,,12-Dec-24,4,,,,,,
توسط عرش الله,"$2,894 ",$214.29 ,,$70.00 ,"AFN 73,900","AFN 15,000",پرداخت معاش فرید للندر بابت ماه قوس 1403 بابت تعمیرللندر 5,,,25-Dec-24,5,,,,,,
توسط عرش الله,"$3,902 ","$1,008.66 ",,$70.00 ,"AFN 144,506","AFN 70,606","پرداخت تعرفه تحویلی ریاست آبرسانی بابت سروی , دیزائین , اراده اسناد , سه بار نظارت در جریان تطبیق و مراقبت چاه فاضلاب تعمیرللندر 5 واقع کارته چهار و کمیشن بانکی",,,25-Dec-24,6,,,,,,
توسط عرش الله,"$4,474 ",$571.43 ,,$70.00 ,"AFN 184,506","AFN 40,000",پرداخت برای شرکت لابرتواری BMGS بابت 50% قرارداد تست خاک تعمیرللندر 5,,,30-Dec-25,7,,,,,,
توسط عرش الله,"$4,645 ",$171.43 ,,$70.00 ,"AFN 196,506","AFN 12,000",خریداری سه موتر گل زرد به چاه تعمیرللندر 5,,,18-Jan-25,8,,,,,,
توسط عرش الله,"$5,074 ",$428.57 ,,$70.00 ,"AFN 226,506","AFN 30,000",پیش پرداخت برای مشعل بابت حفر چاه عمیق تعمیرللندر 5,,,18-Jan-25,9,,,,,,
توسط عرش الله,"$5,288 ",$214.29 ,,$70.00 ,"AFN 241,506","AFN 15,000",پرداخت معاش فرید للندر بابت ماه جدی 1403 بابت تعمیرللندر 5,,,19-Jan-25,10,,,,,,
توسط عرش الله,"$5,631 ",$342.86 ,,$70.00 ,"AFN 265,506","AFN 24,000",پرداخت برای شرکت لابرتواری BMGS بابت 30% قرارداد تست خاک تعمیرللندر 5,,,22-Jan-25,11,,,,,,
توسط عرش الله,"$6,192 ",$560.71 ,,$70.00 ,"AFN 304,756","AFN 39,250",پرداخت برای مشعل چاه کن تعمیرللندر 5,,,29-Jan-25,12,,,,,,
توسط عرش الله,"$9,527 ","$3,335.71 ",,$70.00 ,"AFN 538,256","AFN 233,500","خریداری پائیپ 7"" به چاه آب تعمیر للندر 5",,,8-Feb-25,13,,,,,,
توسط عرش الله,"$9,584 ",$57.00 ,,$70.00 ,"AFN 542,246","AFN 3,990","خریداری نت و بولت 13 ملی , پل برمه اول و دوم , سرش پاکستانی 717 به چاه آب تعمیرللندر 5",,,8-Feb-25,14,,,,,,
توسط عرش الله,"$9,727 ",$142.86 ,,$70.00 ,"AFN 552,246","AFN 10,000",پرداخت برای مشعل چاه کن بابت چاه آب تعمیرللندر 5,,,8-Feb-25,15,,,,,,
توسط عرش الله,"$9,956 ",$228.57 ,,$70.00 ,"AFN 568,246","AFN 16,000",پرداخت و تصفیه حساب شرکت لابرتواری BMGS بابت تست خاک تعمیرللندر 5,,,10-Feb-25,16,,,,,,
توسط عرش الله,"$10,104 ",$148.57 ,,$70.00 ,"AFN 578,646","AFN 10,400",خریداری جغل دریایی به چاه آب تعمیرللندر 5,,,11-Feb-25,17,,,,,,
توسط عرش الله,"$10,433 ",$328.57 ,,$70.00 ,"AFN 601,646","AFN 23,000",پرداخت برای حاجی رحمت الله بابت کمپرسور کاری چاه آب تعمیرللندر 5,,,15-Feb-25,18,,,,,,
توسط عرش الله,"$11,972 ","$1,539.29 ",,$70.00 ,"AFN 709,396","AFN 107,750",پرداخت و تصفیه حساب شرکت اولین کوثر بابت حفاری چاه عمیق تعمیرللندر 5,,,15-Feb-25,19,,,,,,
توسط عرش الله,"$11,987 ",$15.00 ,,$70.00 ,"AFN 710,446","AFN 1,050","خریداری چای صبح به کارمندان ماشین کمپرسور , اجرت بارگیری پایئپ های چاه,خریداری واشر به بسته کاری پائیپ ها, خریداری قلم توش,پیچ اسکرو ,پل برمه و کرای تکسی کارمنندان ریاست اطفائیه ",,,23-Feb-25,20,,,,,,
توسط عرش الله,"$12,032 ",$44.94 ,,$70.00 ,"AFN 713,592","AFN 3,146",خریداری گاز مایع به خانه و نان چاشت بابت خریداری پایپ ها به چاه عمیق تعمیرللندر 5,,,23-Feb-25,21,,,,,,
توسط عرش الله,"$12,246 ",$214.29 ,,$70.00 ,"AFN 728,592","AFN 15,000",پرداخت معاش فرید للندر بابت ماه دلو 1403 بابت تعمیرللندر 5,,,23-Feb-25,22,,,,,,
توسط رفیع الله,"$51,885 ","$39,638.11 ",,$70.00 ,"AFN 3,503,260","AFN 2,774,668",پرداخت تعرفه تحویلی محترم خلیل الله و صفی الله ولدان احمد شاه  ارزش ارزش افزوده تغیر فعالیت زمین پلانی سابقه به مساحت 652.54 متر مربع تحت ساختمان 442.8 متر مربع واقع کارته چهار ناحیه سوم و پرداخت تحویلی محترم خلیل الله و صفی الله ولدان احمد شاه مدرک تکس نقشه تعمیرللندر 5,,,20-Mar-25,23,,,,,,
توسط رفیع الله,"$76,768 ","$24,883.69 ",,$70.00 ,"AFN 5,245,118","AFN 1,741,858",پرداخت تعرفه تحویلی محترم خلیل الله و صفی الله ولدان احمد شاه مدرک قیمت ارزش تراکم تعمیرللندر 5 و پرداخت کمیشن بانکی تعرفه مذکور,,,20-Mar-25,24,,,,,,
توسط عرش الله,"$76,897 ",$128.57 ,,$70.00 ,"AFN 5,254,118","AFN 9,000",پرداخت برای امیر خان بابت کندن کاری چاه به پایل های تعمیرللندر 5 ,,,29-Mar-25,25,,,,,,
توسط عرش الله,"$77,081 ",$184.29 ,,$70.00 ,"AFN 5,267,018","AFN 12,900",خریداری پایئپ پی پی آر و ریسمان 14 ملی به چاه آب تعمیرللندر 5,,,2-Apr-25,26,,,,,,
توسط عرش الله,"$77,375 ",$294.29 ,,$70.00 ,"AFN 5,287,618","AFN 20,600",خریداری لین مغان به چاه آب تعمیرللندر 5,,,2-Apr-25,27,,,,,,
توسط عرش الله,"$77,383 ",$7.14 ,,$70.00 ,"AFN 5,288,118",AFN 500,خریداری کارت مبایل به فرید للندر بابت تعمیرللندر 5,,,2-Apr-25,28,,,,,,
توسط عرش الله,"$77,415 ",$32.14 ,,$70.00 ,"AFN 5,290,368","AFN 2,250",پرداخت اجرت یک روزه کرن کار بابت پائین کردن سیخ پایل های تعمیرللندر 5,,,2-Apr-25,29,,,,,,
توسط عرش الله,"$77,417 ",$2.29 ,,$70.00 ,"AFN 5,290,528",AFN 160,پرداخت برای پنچری تایر موتر کرولا نقره ایی ,,,3-Apr-25,30,,,,,,
توسط عرش الله,"$77,426 ",$9.29 ,,$70.00 ,"AFN 5,291,178",AFN 650,"خریداری کلمپ ,چسپ کلان , چسپ ساده , بورشینگ  و غیره به آب بازک چاه تعمیرللندر 5",,,3-Apr-25,31,,,,,,
توسط عرش الله,"$77,441 ",$14.29 ,,$70.00 ,"AFN 5,292,178","AFN 1,000",خریداری تیل پطرول به موتر کرولا نقره ایی,,,3-Apr-25,32,,,,,,
توسط عرش الله,"$77,443 ",$2.86 ,,$70.00 ,"AFN 5,292,378",AFN 200,خریداری پل پرخ و کوکه به تعمیرللندر 5,,,3-Apr-25,33,,,,,,
توسط عرش الله,"$77,447 ",$3.43 ,,$70.00 ,"AFN 5,292,618",AFN 240,خریداری سیخ ولدینگ به تعمیرللندر 5,,,3-Apr-25,34,,,,,,
توسط عرش الله,"$77,450 ",$3.57 ,,$70.00 ,"AFN 5,292,868",AFN 250,خریداری دستکش به کاریگران تعمیرللندر 5,,,3-Apr-25,35,,,,,,
توسط عرش الله,"$77,453 ",$2.14 ,,$70.00 ,"AFN 5,293,018",AFN 150,خریداری پایئپ لیول به تعمیر للندر 5,,,3-Apr-25,36,,,,,,
توسط عرش الله,"$77,477 ",$24.57 ,,$70.00 ,"AFN 5,294,738","AFN 1,720","خریداری چوچه وال ,مسلم شاور ,پایپ , سامی و خرپیچ کش برقی به تعمیرللندر 5",,,3-Apr-25,37,,,,,,
توسط عرش الله,"$77,491 ",$14.29 ,,$70.00 ,"AFN 5,295,738","AFN 1,000",خریداری تیل پطرول به موتر کرولا نقره ایی,,,3-Apr-25,38,,,,,,
توسط عرش الله,"$77,499 ",$7.14 ,,$70.00 ,"AFN 5,296,238",AFN 500,پرداخت عیدی برای گارد همسایه تعمیرللندر 5,,,3-Apr-25,39,,,,,,
توسط عرش الله,"$77,517 ",$18.29 ,,$70.00 ,"AFN 5,297,518","AFN 1,280",خریداری چک به چاه بخاطر پایل تعمیرللندر 5,,,3-Apr-25,40,,,,,,
توسط عرش الله,"$77,524 ",$7.14 ,,$70.00 ,"AFN 5,298,018",AFN 500,خریداری جوس به مهمانی حاجی رفیع الله بابت تعمیرللندر 5,,,3-Apr-25,41,,,,,,
توسط عرش الله,"$77,614 ",$90.00 ,,$70.00 ,"AFN 5,304,318","AFN 6,300",پرداخت برای چاه کن پایل های تعمیر للندر 5,,,3-Apr-25,42,,,,,,
توسط عرش الله,"$77,624 ",$9.71 ,,$70.00 ,"AFN 5,304,998",AFN 680,خریداری پیتزا به مهمانان حاجی رفیع الله بابت تعمیرللندر 5,,,3-Apr-25,43,,,,,,
توسط عرش الله,"$77,627 ",$2.86 ,,$70.00 ,"AFN 5,305,198",AFN 200,پرداخت برای کارمند دولتی به هدایت حاجی رفیع الله بابت تعمیرللندر 5,,,3-Apr-25,44,,,,,,
توسط عرش الله,"$77,629 ",$2.14 ,,$70.00 ,"AFN 5,305,348",AFN 150,پرداخت برای انتقال پائیپ چاه تعمیرللندر 5,,,3-Apr-25,45,,,,,,
توسط عرش الله,"$77,637 ",$8.57 ,,$70.00 ,"AFN 5,305,948",AFN 600,پرداخت اجرت یک روزه جکمر بابت تعمیرللندر 5,,,3-Apr-25,46,,,,,,
توسط عرش الله,"$77,639 ",$1.43 ,,$70.00 ,"AFN 5,306,048",AFN 100,خریداری دستکش به کاریگران تعمیرللندر 5,,,3-Apr-25,47,,,,,,
توسط عرش الله,"$77,754 ",$115.71 ,,$70.00 ,"AFN 5,314,148","AFN 8,100",پرداخت برای چاه کن پایل های تعمیر للندر 5,,,3-Apr-25,48,,,,,,
توسط عرش الله,"$77,926 ",$171.43 ,,$70.00 ,"AFN 5,326,148","AFN 12,000",پرداخت برای مکسر کار بابت کانکریت ریزی 9 حفره پایل های تعمیرللندر 5,,,3-Apr-25,49,,,,,,
توسط عرش الله,"$78,047 ",$121.43 ,,$70.00 ,"AFN 5,334,648","AFN 8,500",خریداری واترپمپ 2.2 کیلووات و تفاوت صندوق برق واترپمپ به چاه تعمیرللندر 5,,,3-Apr-25,50,,,,,,
توسط عرش الله,"$78,611 ",$563.57 ,,$70.00 ,"AFN 5,374,098","AFN 39,450",پرداخت برای امیرخان چاه کن بابت پایل های تعمیرللندر 5,,,5-Apr-25,51,,,,,,
توسط عرش الله,"$78,612 ",$0.71 ,,$70.00 ,"AFN 5,374,148",AFN 50,خریداری توش به تعمیرللندر 5,,,5-Apr-25,52,,,,,,
توسط عرش الله,"$78,754 ",$142.86 ,,$70.00 ,"AFN 5,384,148","AFN 10,000",پرداخت برای مکسر کار جدید بابت کانکریت ریزی پایل های تعمیرللندر 5,,,5-Apr-25,53,,,,,,
توسط عرش الله,"$78,783 ",$28.57 ,,$70.00 ,"AFN 5,386,148","AFN 2,000",پرداخت اجرت یک روزه کرن کار تعمیرللندر 5 بابت پائین کردن سیخ ها به پایل تعمیرللندر 5,,,5-Apr-25,54,,,,,,
توسط عرش الله,"$78,804 ",$21.43 ,,$70.00 ,"AFN 5,387,648","AFN 1,500",پرداخت اجرت کرن کار تعمیرللندر 5 بابت پائین کردن سیخ ها,,,5-Apr-25,55,,,,,,
توسط عرش الله,"$78,843 ",$38.57 ,,$70.00 ,"AFN 5,390,348","AFN 2,700",پرداخت برای چاه کن پایل های تعمیر للندر 5,,,5-Apr-25,56,,,,,,
توسط عرش الله,"$78,914 ",$71.43 ,,$70.00 ,"AFN 5,395,348","AFN 5,000",پرداخت تعرفه خلیل الله و صفی الله بابت بروتوکول نظارت ساختمانها تعمیرللندر 5,,,6-Apr-25,57,,,,,,
توسط عرش الله,"$79,036 ",$121.43 ,,$70.00 ,"AFN 5,403,848","AFN 8,500",خریداری پروجکتور به تعمیرللندر 5,,,6-Apr-25,58,,,,,,
توسط عرش الله,"$84,315 ","$5,279.00 "," $5,279 ",$70.00 ,"AFN 5,403,848",AFN 0,خریداری سیخ گول 16 ملی به تعمیرللندر 5 (7085 کیلو) به تعمیرللندر5,,,7-Apr-25,59,,,,,,
توسط عرش الله,"$94,003 ","$9,688.00 "," $9,688 ",$70.00 ,"AFN 5,403,848",AFN 0,خریداری سیخ گول 12 ملی و 14 ملی و سیم جستی به تعمیرللندر 5 (12815 کیلو) به تعمیرللندر5,,,7-Apr-25,60,,,,,,
توسط عرش الله,"$94,010 ",$7.14 ,,$70.00 ,"AFN 5,404,348",AFN 500,پرداخت برای امیر خان چاه کن پایل های تعمیرللندر 5,,,7-Apr-25,61,,,,,,
توسط عرش الله,"$94,067 ",$57.14 ,,$70.00 ,"AFN 5,408,348","AFN 4,000",پرداخت برای عبدالستار سیم تاب تعمیرللندر 5,,,7-Apr-25,62,,,,,,
توسط عرش الله,"$94,166 ",$98.57 ,,$70.00 ,"AFN 5,415,248","AFN 6,900",خریداری چک چاه به پایل های تعمیرللندر 5,,,7-Apr-25,63,,,,,,
توسط عرش الله,"$94,309 ",$142.86 ,,$70.00 ,"AFN 5,425,248","AFN 10,000",پرداخت برای مکسر کارکانکریت ریزی پایل های تعمیرللندر 5,,,7-Apr-25,64,,,,,,
توسط عرش الله,"$94,316 ",$7.14 ,,$70.00 ,"AFN 5,425,748",AFN 500,پرداخت برای امیر خان چاه کن پایل های تعمیرللندر 5,,,7-Apr-25,65,,,,,,
توسط عرش الله,"$94,340 ",$24.29 ,,$70.00 ,"AFN 5,427,448","AFN 1,700",خریداری نان چاشت به مهمانان تعمیرللندر 5,,,7-Apr-25,66,,,,,,
توسط عرش الله,"$96,047 ","$1,707.14 ",,$70.00 ,"AFN 5,546,948","AFN 119,500",خریداری 250 خریطه سمنت قاین به تعمیرللندر 5 و پرداخت آن توسط صرافی به تعمیرللندر5,,,7-Apr-25,67,,,,,,
توسط عرش الله,"$96,297 ",$250.00 ,,$70.00 ,"AFN 5,564,448","AFN 17,500",پرداخت برای امیر خان چاه کن بابت کندن کاری پایل های تعمیرللندر 5,,,9-Apr-25,68,,,,,,
توسط عرش الله,"$96,373 ",$75.71 ,,$70.00 ,"AFN 5,569,748","AFN 5,300",پرداخت برای تصفیه حساب قبلی عباس چاه کن بابت پایل های تعمیرللندر 5,,,9-Apr-25,69,,,,,,
توسط عرش الله,"$96,380 ",$7.14 ,,$70.00 ,"AFN 5,570,248",AFN 500,پرداخت برای قالبکاری تعمیرللندر 5,,,9-Apr-25,70,,,,,,
توسط عرش الله,"$96,395 ",$15.00 ,,$70.00 ,"AFN 5,571,298","AFN 1,050","خریداری بیل , کلند همراه با دسته و متر لابری به تعمیرللندر5",,,9-Apr-25,71,,,,,,
توسط عرش الله,"$99,286 ","$2,891.43 ",,$70.00 ,"AFN 5,773,698","AFN 202,400","پرداخت برای کاکا بادام گل بابت خریداری سمنت به تعمیرللندر 5 بل نمبر های 418 , 419 و 428  بابت تعمیرللندر5",,,9-Apr-25,72,,,,,,
,"$99,330 ",$43.43 ,,$70.00 ,"AFN 5,776,738","AFN 3,040",پرداخت برای مبلایل تبدیلی موتر هایلکس ,,,9-Apr-25,73,,,,,,
,"$99,393 ",$62.86 ,,$70.00 ,"AFN 5,781,138","AFN 4,400",خریداری تیل پطرول به موتر هایلکس,,,9-Apr-25,74,,,,,,
توسط عرش الله,"$99,533 ",$140.00 ,,$70.00 ,"AFN 5,790,938","AFN 9,800",پرداخت برای شرکت هرات الکتریک بابت خریداری کیبل 2.2.5 گول و چینچ آور دستی به تعمیرللندر 5,,,10-Apr-25,75,,,,,,
توسط عرش الله,"$99,776 ",$242.86 ,,$70.00 ,"AFN 5,807,938","AFN 17,000",پرداخت برای مکسر کار بابت کانکریت ریزی رینگ ها پایل تعمیرللندر 5,,,10-Apr-25,76,,,,,,
توسط عرش الله,"$99,797 ",$21.43 ,,$70.00 ,"AFN 5,809,438","AFN 1,500",پرداخت برای قالبکار تعمیرللندر 5,,,10-Apr-25,77,,,,,,
توسط عرش الله,"$100,011 ",$214.29 ,,$70.00 ,"AFN 5,824,438","AFN 15,000",پرداخت برای عبدالستار سیم تاب تعمیرللندر 5,,,10-Apr-25,78,,,,,,
توسط عرش الله,"$100,065 ",$53.57 ,,$70.00 ,"AFN 5,828,188","AFN 3,750",پرداخت برای تصفیه حساب کرن کار بابت پائین کردن جال های پایل تعمیرللندر 5,,,10-Apr-25,79,,,,,,
توسط عرش الله,"$100,081 ",$15.71 ,,$70.00 ,"AFN 5,829,288","AFN 1,100",پرداخت اجرت گلکار ها بابت کانکریت ریزی پایل و رینگ های تعمیرللندر 5,,,10-Apr-25,80,,,,,,
توسط عرش الله,"$100,083 ",$2.14 ,,$70.00 ,"AFN 5,829,438",AFN 150,خریداری نان چاشت به قالبکار تعمیرللندر 5,,,10-Apr-25,81,,,,,,
توسط عرش الله,"$100,088 ",$5.71 ,,$70.00 ,"AFN 5,829,838",AFN 400,خریداری جوس به مهمانان حاجی رفیع الله بابت تعمیرللندر5,,,10-Apr-25,82,,,,,,
توسط عرش الله,"$100,448 ",$360.00 ,,$70.00 ,"AFN 5,855,038","AFN 25,200",خریداری سمنت پاکستانی همرا با کرا موتر و پول جوالی به تعمیرللندر 5,,,10-Apr-25,83,,,,,,
توسط عرش الله,"$100,520 ",$71.43 ,,$70.00 ,"AFN 5,860,038","AFN 5,000",پرداخت برای عبدالستار سیم تاب تعمیرللندر 5,,,10-Apr-25,84,,,,,,
توسط عرش الله,"$100,634 ",$114.29 ,,$70.00 ,"AFN 5,868,038","AFN 8,000",پرداخت برای پرنت اسناد نقشه های تعمیرللندر 5,,,17-Apr-25,85,,,,,,
توسط عرش الله,"$100,641 ",$7.14 ,,$70.00 ,"AFN 5,868,538",AFN 500,خریداری تیل پطرول به موتر کرولا نقره ایی,,,17-Apr-25,86,,,,,,
توسط عرش الله,"$107,641 ","$7,000.00 "," $7,000.00 ",$70.00 ,"AFN 5,868,538",AFN 0,پرداخت برای انجنیر مهرالله بابت دیزائین نقشه های تعمیرللندر 5,,,17-Apr-25,87,,,,,,
توسط عرش الله,"$108,198 ",$557.14 ,,$70.00 ,"AFN 5,907,538","AFN 39,000",پرداخت برای کاکا بادام گل توسط حاجی صبغت الله بابت کندن کاری تهکو تعمیرللندر 5,,,17-Apr-25,88,,,,,,
توسط عرش الله,"$108,241 ",$42.86 ,,$70.00 ,"AFN 5,910,538","AFN 3,000",پیش پرداخت  برای ادریس گارد جدید تعمیرللندر 5 بابت ماه حمل 1404,,,17-Apr-25,89,,,,,,
توسط عرش الله,"$108,341 ",$100.00 ,,$70.00 ,"AFN 5,917,538","AFN 7,000",پرداخت رشوه به انجنیران تحلیل صدورمجوز بابت خط اندازی تعمیرللند 5 از دوکان لباس فروشی شهر نو از نزد ادریس به هدایت حاجی رفیع الله بدست کارمند دوکان شیر زی,,,17-Apr-25,90,,,,,,
توسط عرش الله,"$108,456 ",$114.29 ,,$70.00 ,"AFN 5,925,538","AFN 8,000",پرداخت برای عبدالستار سیم تاب تعمیرللندر 5,,,17-Apr-25,91,,,,,,
توسط عرش الله,"$108,956 ",$500.00 , $500 ,$70.00 ,"AFN 5,925,538",AFN 0,پرداخت برای گل نظر بخاطر رشوه به انجنیران ریاست کنترول ساختمانها بابت اعمار تعمیرللندر 5,,,17-Apr-25,92,,,,,,
توسط عرش الله,"$116,956 ","$8,000.00 "," $8,000 ",$70.00 ,"AFN 5,925,538",AFN 0,پرداخت برای انجنیر مهرالله بابت دیزائین نقشه های تعمیرللندر 5,,,17-Apr-25,93,,,,,,
,"$116,998 ",$42.86 ,,$70.00 ,"AFN 5,928,538","AFN 3,000",خریداری تیل پطرول به موتر لکسس,,,17-Apr-25,94,,,,,,
توسط عرش الله,"$117,090 ",$91.43 ,,$70.00 ,"AFN 5,934,938","AFN 6,400",پرداخت برای اسکواتور کار بابت جمع آوری ریگ های انتقال داده شده به زمین دارالامان از تعمیرللندر 5,,,19-Apr-25,95,,,,,,
توسط عرش الله,"$117,111 ",$21.43 ,,$70.00 ,"AFN 5,936,438","AFN 1,500",پرداخت برای خریداری گوشت گوساله و گوشت کوفته به تعمیرللندر 5,,,22-Apr-25,96,,,,,,
توسط عرش الله,"$117,113 ",$1.29 ,,$70.00 ,"AFN 5,936,528",AFN 90,خریداری سمنت سفید به تعمیرللندر 5,,,22-Apr-25,97,,,,,,
توسط عرش الله,"$117,132 ",$19.29 ,,$70.00 ,"AFN 5,937,878","AFN 1,350","خریداری مخلوط کن ظرفشویی, وال کاک , واشر , نوار طفلون و سرش سلیکان به تعمیرللندر 5",,,22-Apr-25,98,,,,,,
توسط عرش الله,"$117,150 ",$18.43 ,,$70.00 ,"AFN 5,939,168","AFN 1,290","خریداری سمنت سفید , سرش سلیکان , نان شب اسکواتور کار و آب معدنی و نوشابه به دریوران و اسکواتور کار تعمیر للندر 5",,,22-Apr-25,99,,,,,,
توسط عرش الله,"$117,157 ",$7.14 ,,$70.00 ,"AFN 5,939,668",AFN 500,خریداری سکا لیدر به تعمیرللندر 5,,,22-Apr-25,100,,,,,,
توسط عرش الله,"$117,158 ",$0.86 ,,$70.00 ,"AFN 5,939,728",AFN 60,خریداری پیچ و بکسوانه به تعمیرللندر 5,,,22-Apr-25,101,,,,,,
توسط عرش الله,"$117,373 ",$214.29 ,,$70.00 ,"AFN 5,954,728","AFN 15,000",پرداخت معاش فرید للندر بابت ماه حمل 1404 بابت تعمیرللندر5,,,22-Apr-25,102,,,,,,
توسط عرش الله,"$117,373 ",$0.86 ,,$70.00 ,"AFN 5,954,788",AFN 60,خریداری گچ به تعمیرللندر 5,,,23-Apr-25,103,,,,,,
توسط عرش الله,"$117,376 ",$2.29 ,,$70.00 ,"AFN 5,954,948",AFN 160,خریداری پل برش اول به تعمیرللندر 5,,,23-Apr-25,104,,,,,,
توسط عرش الله,"$117,390 ",$14.29 ,,$70.00 ,"AFN 5,955,948","AFN 1,000",خریداری تیل پطرول به موتر کرولا نقره ایی,,,23-Apr-25,105,,,,,,
توسط عرش الله,"$117,392 ",$1.64 ,,$70.00 ,"AFN 5,956,063",AFN 115,"خریداری جالی آبی , برس سیمی و دستکش به تعمیرللندر 5",,,23-Apr-25,106,,,,,,
توسط عرش الله,"$117,395 ",$3.71 ,,$70.00 ,"AFN 5,956,323",AFN 260,"خریداری پیپ 2"" , سیفون 2"" مکمل سه دهن و سرش رازی به تعمیرللندر 5",,,23-Apr-25,107,,,,,,
توسط حاجی صبغت الله,"$117,461 ",$65.29 ,,$70.00 ,"AFN 5,960,893","AFN 4,570","خریداری میخ ساده 3"" و 4"" و تار رجه به تعمیرللندر 5",,,23-Apr-25,108,,,,,,
توسط حاجی صبغت الله,"$120,135 ","$2,674.29 ",,$70.00 ,"AFN 6,148,093","AFN 187,200",خریداری 400 خریطه سمنت سیستان به تعمیرللندر 5,,,24-Apr-25,109,,,,,,
توسط حاجی صبغت الله,"$120,821 ",$685.71 ,,$70.00 ,"AFN 6,196,093","AFN 48,000",خریداری مواد ضد نم اکومات به تعمیرللندر 5,,,24-Apr-25,110,,,,,,
توسط حاجی صبغت الله,"$120,823 ",$2.14 ,,$70.00 ,"AFN 6,196,243",AFN 150,خریداری کتابچه کهاته چرمی و قلم به تعمیرللندر5,,,24-Apr-25,111,,,,,,
توسط حاجی صبغت الله,"$120,902 ",$79.29 ,,$70.00 ,"AFN 6,201,793","AFN 5,550",خریداری سیم جستی یک میلی به تعمیرللندر 5,,,24-Apr-25,112,,,,,,
توسط عرش الله,"$121,042 ",$140.00 ,,$70.00 ,"AFN 6,211,593","AFN 9,800",پرداخت برای compaction ( کمپکشن) تعمیرللندر 5 و کرای انتقال کرن بابت سیخ قطع کن های برقی به کارته سه  بابت تعمیرللندر5,,,24-Apr-25,113,,,,,,
توسط عرش الله,"$121,060 ",$17.86 ,,$70.00 ,"AFN 6,212,843","AFN 1,250",خریداری بیل و سیخ ولدینگ به تعمیرللندر 5,,,24-Apr-25,114,,,,,,
توسط حاجی صبغت الله,"$121,075 ",$14.86 ,,$70.00 ,"AFN 6,213,883","AFN 1,040","خریداری متر , تار رجه کلان , جکش , متر خورد, میخ و اسپری به تعمیرللندر 5",,,26-Apr-25,115,,,,,,
توسط حاجی صبغت الله,"$121,172 ",$96.86 ,,$70.00 ,"AFN 6,220,663","AFN 6,780",خریداری پلاستیک ایرانی به تعمیرللندر 5,,,26-Apr-25,116,,,,,,
توسط حاجی صبغت الله,"$121,176 ",$4.14 ,,$70.00 ,"AFN 6,220,953",AFN 290,"خریداری اسپری , توش و کچ نجاری آهنی به تعمیرللندر 5",,,26-Apr-25,117,,,,,,
توسط حاجی صبغت الله,"$121,183 ",$7.71 ,,$70.00 ,"AFN 6,221,493",AFN 540,خریداری میخ ایرانی به تعمیرللندر 5 ,,,26-Apr-25,118,,,,,,
توسط حاجی صبغت الله,"$121,526 ",$342.86 ,,$70.00 ,"AFN 6,245,493","AFN 24,000",خریداری مواد ضد نم به تعمیرللندر 5,,,26-Apr-25,119,,,,,,
توسط حاجی صبغت الله,"$121,569 ",$42.86 ,,$70.00 ,"AFN 6,248,493","AFN 3,000",خریداری کیبل 3/6 ملی مغان اصلی به تعمیرللندر 5,,,28-Apr-25,120,,,,,,
توسط حاجی صبغت الله,"$121,726 ",$157.14 ,,$70.00 ,"AFN 6,259,493","AFN 11,000",خریداری موتور 5.5 HP به ماشین سیخ خم کن تعمیرللندر 5,,,28-Apr-25,121,,,,,,
توسط ثناالله,"$122,026 ",$300.00 , $300 ,$70.00 ,"AFN 6,259,493",AFN 0,پرداخت برای انجنیر قدیر نبوی بابت دیزائین بیرونی نما تعمیرللندر 5,,,28-Apr-25,122,,,,,,
توسط رفیع الله,"$142,026 ","$20,000.00 "," $20,000 ",$70.00 ,"AFN 6,259,493",AFN 0,پرداخت برای شرکت آریا ترک بابت قرارداد کانکریت ریزی تعمیرللندر 5,,,30-Apr-25,123,,,,,,
توسط رفیع الله,"$162,026 ","$20,000.00 "," $20,000 ",$70.50 ,"AFN 6,259,493",AFN 0,پرداخت برای شرکت زم زم فولاد از درک قرارداد 150 تن خرید سیخ گول به تعمیرللندر 5,,,5-May-25,124,,,,,,
توسط بلال,"$169,414 ","$7,388.09 ",,$70.50 ,"AFN 6,780,353","AFN 520,860",پرداخت برای خریداری تخته 18 ملی پلایوت به تعمیرللندر 5,,,5-May-25,125,,,,,,
توسط رفیع الله,"$171,314 ","$1,900.00 ",,$70.50 ,"AFN 6,914,303","AFN 133,950",پرداخت برای بادام گل بابت کندن کاری تهکو تعمیرللندر 5 مبلغ 1900$ معادل به افغانی,,,5-May-25,126,,,,,,
توسط عرش الله,"$171,316 ",$1.99 ,,$70.20 ,"AFN 6,914,443",AFN 140,خریداری دستکش به تعمیرللندر 5,,,6-May-25,127,,,,,,
توسط حاجی صبغت الله,"$172,316 ","$1,000.00 ",,$70.20 ,"AFN 6,984,643","AFN 70,200",پرداخت برای سید حلیم سعادتی بابت سیم تابی تعمیرللندر 5 مبلغ 1000$ دالر امریکایی معادل به افغانی ,,,6-May-25,128,,,,,,
توسط حاجی صبغت الله,"$172,388 ",$71.23 ,,$70.20 ,"AFN 6,989,643","AFN 5,000",پرداخت برای خریداری وسایل به ماشین سیخ خم کن و اجرت مستری بابت تعمیرللندر 5,,,6-May-25,129,,,,,,
توسط حاجی صبغت الله,"$172,425 ",$37.04 ,,$70.20 ,"AFN 6,992,243","AFN 2,600",پرداخت برای مبایل تبدیلی و فلتر جنراتور ساحه کاری تعمیرللندر5,,,6-May-25,130,,,,,,
توسط حاجی صبغت الله,"$172,487 ",$62.68 ,,$70.20 ,"AFN 6,996,643","AFN 4,400",خریداری کانچه مکمل برقی و اجرت مستری به جنراتور ساحه کاری تعمیرللندر 5,,,6-May-25,131,,,,,,
توسط حاجی صبغت الله,"$172,516 ",$28.49 ,,$70.20 ,"AFN 6,998,643","AFN 2,000",پرداخت اجرت 5 نفر کاریگر از چوک بابت تهکو تعمیرللندر 5,,,6-May-25,132,,,,,,
توسط حاجی صبغت الله,"$172,637 ",$121.08 ,,$70.20 ,"AFN 7,007,143","AFN 8,500",پرداخت برای خریداری سپیسر به سیم تابی تعمیرللندر 5,,,6-May-25,133,,,,,,
توسط حاجی صبغت الله,"$173,237 ",$600.34 ,,$70.20 ,"AFN 7,049,287","AFN 42,144",خریداری سنگ بولدر به کف تعمیرللندر 5 به مقدار 87.80 متر فی متر 480 افغانی به تعمیرللندر5,,,6-May-25,134,,,,,,
توسط عرش الله,"$175,237 ","$2,000.00 "," $2,000 ",$70.20 ,"AFN 7,049,287",AFN 0,پرداخت برای انجنیر مقدس توسط عبدالطارق برادرش بابت طرح نقشه تعمیرللندر 5,,,6-May-25,135,,,,,,
توسط عرش الله,"$175,252 ",$14.25 ,,$70.20 ,"AFN 7,050,287","AFN 1,000",خریداری تیل پطرول به ویبراتور های تعمیرللندر 5,,,6-May-25,136,,,,,,
توسط عرش الله,"$175,256 ",$4.70 ,,$70.20 ,"AFN 7,050,617",AFN 330,خریداری تیل پطرول به ویبراتور های تعمیرللندر 5,,,6-May-25,137,,,,,,
توسط عرش الله,"$175,270 ",$14.25 ,,$70.20 ,"AFN 7,051,617","AFN 1,000",پیش پرداخت برای ادریس گارد تعمیرللندر 5 بابت ماه جوزا 1404,,,6-May-25,138,,,,,,
توسط عرش الله,"$175,313 ",$42.74 ,,$70.20 ,"AFN 7,054,617","AFN 3,000",پرداخت اجرت گلکاران و کاریگران کانکریت ریزی شفته تهکوی تعمیرللندر 5,,,6-May-25,139,,,,,,
توسط عرش الله,"$175,712 ",$398.86 ,,$70.20 ,"AFN 7,082,617","AFN 28,000",پرداخت اجرت مکسر کار بابت کانکریت ریزی شفته تهکوی تعمیرللندر 5,,,6-May-25,140,,,,,,
توسط عرش الله,"$175,911 ",$199.43 ,,$70.20 ,"AFN 7,096,617","AFN 14,000",پرداخت برای کرن کار بابت بلند کردن خاک های ریخته شده از کف تهکوی تعمیرللندر 5,,,6-May-25,141,,,,,,
توسط عرش الله,"$175,961 ",$49.86 ,,$70.20 ,"AFN 7,100,117","AFN 3,500","پرداخت برای کرن کار بابت انتقال جنراتور , ماشین سیخ قطع کن و انتقال کانکریت به تعمیرللندر 5",,,6-May-25,142,,,,,,
توسط عرش الله,"$175,971 ",$9.29 ,,$70.00 ,"AFN 7,100,767",AFN 650,خریداری فیوز به تعمیرللندر 5,,,15-May-25,143,,,,,,
توسط عرش الله,"$176,013 ",$42.86 ,,$70.00 ,"AFN 7,103,767","AFN 3,000",خریداری تیل پطرول به موتر کرولا نقره ایی سه بارو موتر لکسس توسط عرش بابت تعمیرللندر5,,,15-May-25,144,,,,,,
توسط عرش الله,"$176,035 ",$21.14 ,,$70.00 ,"AFN 7,105,247","AFN 1,480",خریداری موزه و ساکت به تعمیرللندر 5,,,15-May-25,145,,,,,,
توسط عرش الله,"$178,063 ","$2,028.57 ",,$70.00 ,"AFN 7,247,247","AFN 142,000",پرداخت برای سید حلیم سعادتی بابت سیم تابی تعمیرللندر 5  ,,,15-May-25,146,,,,,,
توسط عرش الله,"$178,068 ",$4.76 ,,$70.00 ,"AFN 7,247,580",AFN 333,پرداخت معاش ادریس ولد دولت گارد تعمیرللندر 5 بابت ماه حمل 1404,,,15-May-25,147,,,,,,
توسط عرش الله,"$178,211 ",$142.86 ,,$70.00 ,"AFN 7,257,580","AFN 10,000",پرداخت معاش ادریس ولد دولت گارد تعمیرللندر 5 بابت ماه ثور 1404,,,15-May-25,148,,,,,,
توسط عرش الله,"$178,235 ",$23.81 ,,$70.00 ,"AFN 7,259,247","AFN 1,667",پیش پرداخت دوم برای ادریس گارد تعمیرللندر 5 بابت ماه جوزا 1404,,,15-May-25,149,,,,,,
توسط حاجی صبغت الله,"$178,249 ",$14.29 ,,$70.00 ,"AFN 7,260,247","AFN 1,000",خریداری تیل پطرول به موتر کرولا نقره ایی,,,16-May-25,150,,,,,,
توسط حاجی صبغت الله,"$178,306 ",$57.14 ,,$70.00 ,"AFN 7,264,247","AFN 4,000",خریداری تیل دیزل به جنراتور تعمیرللندر 5,,,16-May-25,151,,,,,,
توسط حاجی صبغت الله,"$178,369 ",$62.86 ,,$70.00 ,"AFN 7,268,647","AFN 4,400",خریداری پایپ ویبراتور به تعمیرللندر 5,,,16-May-25,152,,,,,,
توسط حاجی صبغت الله,"$178,449 ",$80.00 ,,$70.00 ,"AFN 7,274,247","AFN 5,600",خریداری سیم یک ملی به تعمیرللندر 5,,,17-May-25,153,,,,,,
توسط حاجی صبغت الله,"$178,467 ",$18.00 ,,$70.00 ,"AFN 7,275,507","AFN 1,260","خریداری پل برش , مبلایل سوخته به تعمیرللندر 5",,,17-May-25,154,,,,,,
توسط حاجی صبغت الله,"$178,480 ",$12.86 ,,$70.00 ,"AFN 7,276,407",AFN 900,"خریداری رول , مبلایل سوخته به چرپ کاری تخته های کانکریت تعمیرللندر 5",,,17-May-25,155,,,,,,
توسط حاجی صبغت الله,"$178,494 ",$14.29 ,,$70.00 ,"AFN 7,277,407","AFN 1,000",خریداری تیل پطرول به موتر کرولا نقره ایی,,,17-May-25,156,,,,,,
توسط حاجی صبغت الله,"$178,497 ",$2.86 ,,$70.00 ,"AFN 7,277,607",AFN 200,خریداری مبلایل سوخته به چرپ کاری تخته های کانکریت تعمیرللندر 5,,,18-May-25,157,,,,,,
توسط حاجی صبغت الله,"$178,504 ",$7.14 ,,$70.00 ,"AFN 7,278,107",AFN 500,خریداری تیل پطرول به موتر کرولا نقره ایی,,,18-May-25,158,,,,,,
توسط حاجی صبغت الله,"$178,506 ",$2.27 ,,$70.00 ,"AFN 7,278,266",AFN 159,خریداری گاز مایع به تعمیرللندر 5,,,18-May-25,159,,,,,,
توسط حاجی صبغت الله,"$178,521 ",$14.29 ,,$70.00 ,"AFN 7,279,266","AFN 1,000",خریداری تیل پطرول به موتر کرولا نقره ایی,,,18-May-25,160,,,,,,
توسط حاجی صبغت الله,"$178,569 ",$48.57 ,,$70.00 ,"AFN 7,282,666","AFN 3,400",خریداری پیپ ایرانی به تعمیرللندر 5,,,18-May-25,161,,,,,,
توسط حاجی صبغت الله,"$178,573 ",$3.43 ,,$70.00 ,"AFN 7,282,906",AFN 240,خریداری یک کواتر رنگ روغنی به تعمیرللندر 5,,,18-May-25,162,,,,,,
توسط عرش الله,"$188,573 ","$10,000.00 "," $10,000 ",$70.00 ,"AFN 7,282,906",AFN 0,پرداخت قسط دوم برای شرکت ساختمانی آریا ترک بابت کانکریت ریزی تعمیرللندر 5,,,19-May-25,163,,,,,,
توسط حاجی صبغت الله,"$188,577 ",$4.35 ,,$69.00 ,"AFN 7,283,206",AFN 300,خریداری مبلایل سوخته به چرپ کاری تخته های کانکریت تعمیرللندر 5,,,22-May-25,164,,,,,,
توسط حاجی صبغت الله,"$188,582 ",$4.93 ,,$69.00 ,"AFN 7,283,546",AFN 340,خریداری پلک برق و لابر تیبپ به تعمیرللندر 5,,,22-May-25,165,,,,,,
توسط حاجی صبغت الله,"$188,711 ",$128.99 ,,$69.00 ,"AFN 7,292,446","AFN 8,900",پرداخت برای مبلایل تبدیلی موتر لکسس و هایلکس,,,22-May-25,166,,,,,,
توسط حاجی صبغت الله,"$188,740 ",$28.99 ,,$69.00 ,"AFN 7,294,446","AFN 2,000",خریداری تیل دیزل به جنراتور تعمیرللندر 5,,,24-May-25,167,,,,,,
توسط حاجی صبغت الله,"$188,748 ",$8.41 ,,$69.00 ,"AFN 7,295,026",AFN 580,خریداری موتور کاولر به تعمیرللندر 5,,,24-May-25,168,,,,,,
توسط حاجی صبغت الله,"$188,833 ",$84.78 ,,$69.00 ,"AFN 7,300,876","AFN 5,850",خریداری سیم یک ملی به تعمیرللندر 5,,,24-May-25,169,,,,,,
توسط حاجی صبغت الله,"$188,839 ",$5.80 ,,$69.00 ,"AFN 7,301,276",AFN 400,خریداری سه لیتر مبلایل به تعمیرللندر 5,,,24-May-25,170,,,,,,
توسط حاجی صبغت الله,"$188,853 ",$14.49 ,,$69.00 ,"AFN 7,302,276","AFN 1,000",خریداری تیل پطرول به موتر کرولا نقره ایی,,,24-May-25,171,,,,,,
توسط حاجی صبغت الله,"$188,910 ",$56.38 ,,$69.00 ,"AFN 7,306,166","AFN 3,890",خریداری تیل دیزل به جنراتور تعمیرللندر 5,,,24-May-25,172,,,,,,
توسط عرش الله,"$198,910 ","$10,000.00 "," $10,000 ",$69.00 ,"AFN 7,306,166",AFN 0,پرداخت قسط سوم برای شرکت ساختمانی آریا ترک بابت کانکریت ریزی تعمیرللندر 5,,,25-May-25,173,,,,,,
توسط حاجی صبغت الله,"$198,913 ",$3.48 ,,$69.00 ,"AFN 7,306,406",AFN 240,خریداری پل چرخ به تعمیرللندر 5,,,27-May-25,174,,,,,,
توسط حاجی صبغت الله,"$198,943 ",$29.83 ,,$69.00 ,"AFN 7,308,464","AFN 2,058",خریداری تیل دیزل به پطرول به جنراتور و ویبراتور های تعمیرللندر 5,,,27-May-25,175,,,,,,
توسط حاجی صبغت الله,"$198,958 ",$14.49 ,,$69.00 ,"AFN 7,309,464","AFN 1,000",خریداری تیل پطرول به موتر کرولا نقره ایی  ,,,27-May-25,176,,,,,,
توسط حاجی صبغت الله,"$198,960 ",$2.17 ,,$69.00 ,"AFN 7,309,614",AFN 150,خریداری گاز مایع به تعمیرللندر 5,,,27-May-25,177,,,,,,
توسط حاجی صبغت الله,"$201,981 ","$3,021.74 ",,$69.00 ,"AFN 7,518,114","AFN 208,500",پرداخت برای سید حلیم سعادتی بابت قالبکاری تعمیرللندر 5 مبلغ سه هزاردالر معادل به افغانی,,,28-May-25,178,,,,,,
توسط حاجی صبغت الله,"$202,062 ",$80.29 ,,$69.00 ,"AFN 7,523,654","AFN 5,540",خریداری تیل دیزل به جنراتور و ویبراتور های تعمیرللندر 5,,,1-Jun-25,179,,,,,,
توسط حاجی صبغت الله,"$202,069 ",$7.54 ,,$69.00 ,"AFN 7,524,174",AFN 520,خریداری دستکش به تعمیرللندر 5,,,1-Jun-25,180,,,,,,
توسط حاجی صبغت الله,"$202,084 ",$14.49 ,,$69.00 ,"AFN 7,525,174","AFN 1,000",پرداخت برای ترمیم موتر کرولا نقره ایی,,,1-Jun-25,181,,,,,,
توسط حاجی صبغت الله,"$202,098 ",$14.49 ,,$69.00 ,"AFN 7,526,174","AFN 1,000",خریداری تیل پطرول به موتر کرولا نقره ایی,,,1-Jun-25,182,,,,,,
توسط حاجی صبغت الله,"$202,101 ",$2.32 ,,$69.00 ,"AFN 7,526,334",AFN 160,خریداری گاز به تعمیرللندر 5,,,1-Jun-25,183,,,,,,
توسط حاجی صبغت الله,"$203,810 ","$1,709.00 "," $1,709 ",$69.00 ,"AFN 7,526,334",AFN 0,خریداری کاک سقفی به تعمیرللندر 5,,,1-Jun-25,184,,,,,,
توسط حاجی صبغت الله,"$203,941 ",$131.88 ,,$69.00 ,"AFN 7,535,434","AFN 9,100",خریداری مسیخ ساده و میخ فولادی و دستکش به تعمیرللندر 5,,,4-Jun-25,185,,,,,,
توسط حاجی صبغت الله,"$206,499 ","$2,557.97 ",,$69.00 ,"AFN 7,711,934","AFN 176,500",خریداری تخته چوپ خار به تعمیرللندر 5,,,4-Jun-25,186,,,,,,
توسط حاجی صبغت الله,"$206,699 ",$200.00 , $200.00 ,$69.00 ,"AFN 7,711,934",AFN 0,خریداری دو پایه ویبراتور به تعمیرللندر 5,,,4-Jun-25,187,,,,,,
توسط حاجی صبغت الله,"$206,914 ",$214.29 ,,$70.00 ,"AFN 7,726,934","AFN 15,000",پرداخت معاش فرید للندر بابت ماه جوزا 1404,,,5-Jun-25,188,,,,,,
توسط حاجی صبغت الله,"$207,128 ",$214.29 ,,$70.00 ,"AFN 7,741,934","AFN 15,000",پرداخت معاش 18 روزه وحید الله ولد حبیب الله بابت ماه حمل 1404,,,5-Jun-25,189,,,,,,
توسط حاجی صبغت الله,"$207,485 ",$357.14 ,,$70.00 ,"AFN 7,766,934","AFN 25,000",پرداخت معاش وحید الله ولد حبیب الله بابت ماه ثور 1404,,,5-Jun-25,190,,,,,,
توسط حاجی صبغت الله,"$207,623 ",$138.24 ,,$70.00 ,"AFN 7,776,611","AFN 9,677",پرداخت معاش شریف الله ولد فیض محمد بابت ماه ثور 1404,,,5-Jun-25,191,,,,,,
توسط حاجی صبغت الله,"$207,713 ",$89.61 ,,$70.00 ,"AFN 7,782,884","AFN 6,273",پرداخت برای خبازی عصر بابت خریداری نان خشک به تعمیرللندر5 ماه می 2025,,,5-Jun-25,192,,مربوط به پروزه نیست,,,,
توسط حاجی صبغت الله,"$207,735 ",$21.74 ,,$69.00 ,"AFN 7,784,384","AFN 1,500",پرداخت اجرت گلکار بابت تعمیرللندر 5,,,6-Jun-25,193,,,,,,
توسط حاجی صبغت الله,"$207,822 ",$86.96 ,,$69.00 ,"AFN 7,790,384","AFN 6,000",پرداخت اجرت کرایه خوازه تعمیرللندر 5,,,6-Jun-25,194,,,,,,
توسط حاجی صبغت الله,"$207,859 ",$37.68 ,,$69.00 ,"AFN 7,792,984","AFN 2,600",پرداخت برای مبلایل تبدیلی جنراتور تعمیرللندر 5 ,,,9-Jun-25,195,,,,,,
توسط حاجی صبغت الله,"$208,859 ","$1,000.00 ",,$70.00 ,"AFN 7,862,984","AFN 70,000",پرداخت برای سید حلیم سعادتی بابت سیم تابی تعمیرللندر 5,,,10-Jun-25,196,,,,,,
توسط حاجی صبغت الله,"$208,902 ",$42.86 ,,$70.00 ,"AFN 7,865,984","AFN 3,000",خریداری تیل پطرول به موتر کرولا نقره ایی و تیل دیزل به جنراتور تعمیرللندر 5,,,11-Jun-25,197,,,,,,
توسط حاجی صبغت الله,"$208,988 ",$85.71 ,,$70.00 ,"AFN 7,871,984","AFN 6,000",خریداری سیم 1.5 ملی به تعمیرللندر 5,,,13-Jun-25,198,,,,,,
توسط حاجی صبغت الله,"$209,006 ",$18.14 ,,$70.00 ,"AFN 7,873,254","AFN 1,270",خریداری غذا از رستورانت به مهمانان تعمیرللندر5,,,13-Jun-25,199,,,,,,
توسط حاجی صبغت الله,"$209,066 ",$60.00 ,,$70.00 ,"AFN 7,877,454","AFN 4,200",خریداری تیل پطرول به موتر کرولا نقره ایی,,,13-Jun-25,200,,,,,,
توسط حاجی صبغت الله,"$209,095 ",$28.57 ,,$70.00 ,"AFN 7,879,454","AFN 2,000",خریداری تیل دیزل به جنراتور تعمیرللندر 5,,,14-Jun-25,201,,,,,,
توسط رفیع الله,"$211,095 ","$2,000.00 "," $2,000 ",$70.00 ,"AFN 7,879,454",AFN 0,پرداخت برای شرکت آریا ترک بابت کانکریت ریزی تعمیرللندر 5,,,14-Jun-25,202,,,,,,
توسط رفیع الله,"$236,095 ","$25,000.00 "," $25,000 ",$70.00 ,"AFN 7,879,454",AFN 0,پرداخت برای شرکت زم زم فولاد از درک قرارداد 150 تن خرید سیخ گول به تعمیرللندر 5,,,15-Jun-25,203,,,,,,
توسط رفیع الله,"$266,095 ","$30,000.00 "," $30,000 ",$70.00 ,"AFN 7,879,454",AFN 0,پرداخت برای شرکت زم زم فولاد از درک قرارداد 150 تن خرید سیخ گول به تعمیرللندر 5,,,17-Jun-25,204,,,,,,
توسط حاجی صبغت الله,"$266,109 ",$14.29 ,,$70.00 ,"AFN 7,880,454","AFN 1,000",خریداری تیل پطرول به موتر کرولا نقره ایی ,,,18-Jun-25,205,,,,,,
توسط حاجی صبغت الله,"$266,166 ",$57.14 ,,$70.00 ,"AFN 7,884,454","AFN 4,000",خریداری تیل دیزل به جنراتور تعمیرللندر 5,,,18-Jun-25,206,,,,,,
توسط حاجی صبغت الله,"$266,192 ",$25.71 ,,$70.00 ,"AFN 7,886,254","AFN 1,800",خریداری غذا از رستورانت به مهمانی ,,,18-Jun-25,207,,,,,,
توسط حاجی صبغت الله,"$266,233 ",$41.71 ,,$70.00 ,"AFN 7,889,174","AFN 2,920","خریداری تیل به ویبراتور ها, سیم جستی , گاز مایع , تیل پطرول به کرولا , تیل موتر, دسته بیل , دسته , دستکش , عینک,گاز مایع و سیم جستی به تعمیرللندر 5",,,18-Jun-25,208,,,,,,
توسط حاجی صبغت الله,"$266,344 ",$110.71 ,,$70.00 ,"AFN 7,896,924","AFN 7,750","خریداری تیل تیل دیزل , تیل پطرول گ, رجه خورد,میخ 4"" فولادی و دستکش به تعمیرللندر 5",,,18-Jun-25,209,,,,,,
توسط حاجی صبغت الله,"$266,387 ",$42.86 ,,$70.00 ,"AFN 7,899,924","AFN 3,000",خریداری تیل پطرول به موتر کرولا نقره ایی,,,18-Jun-25,210,,,,,,
توسط حاجی صبغت الله,"$266,892 ",$504.71 ,,$70.00 ,"AFN 7,935,254","AFN 35,330","خریداری جالی راویز , پرده سبز 4 متره , مبلایل,دستکش , سه پلکه ,آب معدنی,قیماق ,میخ ساده , میخ فولادی,میخ 4"" , دستکش و پیپ ویبراتور تعمیرللندر 5",,,18-Jun-25,211,,,,,,
توسط رفیع الله,"$269,392 ","$2,500.00 "," $2,500 ",$70.00 ,"AFN 7,935,254",AFN 0,پرداخت برای شرکت کانکریت پلانت افغان بابت کانکریت ریزی 33 متر مکعب کانکریت پایه های منزل دوم تعمیرللندر 5,,,18-Jun-25,212,,,,,,
توسط عرش الله,"$269,681 ",$289.29 ,,$70.00 ,"AFN 7,955,504","AFN 20,250","پرداخت برای کاکا بادام گل روز الدین بابت انتقال اموال از قبیل چوب,آهن آلات,سیخ ,خرید جغل بادامی , ریگ شسته به تعمیرللندر 5",,,19-Jun-25,213,,,,,,
توسط عرش الله,"$279,681 ","$10,000.00 "," $10,000 ",$70.00 ,"AFN 7,955,504",AFN 0,پرداخت برای شرکت زم زم فولاد از درک قرارداد 150 تن خرید سیخ گول به تعمیرللندر 5,,,19-Jun-25,214,,,,,,
توسط عرش الله,"$289,681 ","$10,000.00 "," $10,000 ",$70.00 ,"AFN 7,955,504",AFN 0,پرداخت برای شرکت آریا ترک بابت کانکریت ریزی تعمیرللندر 5,,,19-Jun-25,215,,,,,,
توسط حاجی صبغت الله,"$290,681 ","$1,000.00 ",,$71.50 ,"AFN 8,027,004","AFN 71,500",پرداخت برای سید حلیم سعادتی از درک سیم تابی تعمیرللندر 5,,,22-Jun-25,216,,,,,,
توسط حاجی صبغت الله,"$294,617 ","$3,936.00 "," $3,936.00 ",$71.50 ,"AFN 8,027,004",AFN 0,خریداری چوب چهار تراش به تعمیرللندر 5,,,25-Jun-25,217,,,,,,
توسط ثناالله,"$294,917 ",$300.00 , $300 ,$71.50 ,"AFN 8,027,004",AFN 0,پرداخت برای انجنیر قدیر نبوی بابت دیزائین بیرونی نما تعمیرللندر 5,,,26-Jun-25,218,,,,,,
توسط حاجی صبغت الله,"$296,600 ","$1,683.00 "," $1,683 ",$71.50 ,"AFN 8,027,004",AFN 0,خریداری کاک سقفی به تعمیرللندر 5,,,27-Jun-25,219,,,,,,
توسط حاجی صبغت الله,"$296,691 ",$90.91 ,,$71.50 ,"AFN 8,033,504","AFN 6,500","خریداری تیل سوپر به ویبراتور ها,تیل دیزل به جنراتور ,تیل پطرول به کرولا نقره ایی",,,28-Jun-25,220,,,,,,
توسط عرش الله,"$321,691 ","$25,000.00 "," $25,000 ",$71.50 ,"AFN 8,033,504",AFN 0,پرداخت برای شرکت زم زم فولاد از درک قرارداد 150 تن خرید سیخ گول به تعمیرللندر 5,,,28-Jun-25,221,,,,,,
توسط حاجی صبغت الله,"$325,691 ","$4,000.00 ",,$70.00 ,"AFN 8,313,504","AFN 280,000",پرداخت برای سید حلیم سعادتی بعد از حسابی مبلغ 4000$ دالر امریکایی از نزد حاجی صبغت الله برداشت نموده بود که شامل برداشت های راپور قالبکاری سید حلیم گردید,,,28-Jun-25,222,,,,,,
توسط عرش الله,"$325,698 ",$7.14 ,,$70.00 ,"AFN 8,314,004",AFN 500,خریداری تیل سوپر به ویبراتورها و جالی به سرن ریگ زمین دارالامان بخاطر للندر 5,,,30-Jun-25,223,,,,,,
توسط عرش الله,"$345,698 ","$20,000.00 "," $20,000 ",$70.20 ,"AFN 8,314,004",AFN 0,پرداخت برای شرکت ساختمانی آریا ترک بابت کانکریت ریزی تعمیرللندر 5,,,30-Jun-25,224,,,,,,
توسط حاجی صبغت الله,"$346,698 ","$1,000.00 ",,$70.20 ,"AFN 8,384,204","AFN 70,200",پرداخت برای سید حلیم سعادتی توسط حاجی صبغت الله مبلغ یک هزار دالر معادل به افغانی,,,30-Jun-25,225,,,,,,
توسط حاجی صبغت الله,"$346,764 ",$65.53 ,,$70.20 ,"AFN 8,388,804","AFN 4,600",خریداری لوبیا به دفترو تعمیرللندر 5,,,2-Jul-25,226,,,,,,
توسط حاجی صبغت الله,"$347,323 ",$559.83 ,,$70.20 ,"AFN 8,428,104","AFN 39,300",پرداخت برای روزالدین بابت خریداری های سمنت به تعمیرللندر 5,,,2-Jul-25,227,,,,,,
توسط حاجی صبغت الله,"$347,626 ",$302.28 ,,$70.20 ,"AFN 8,449,324","AFN 21,220",خریداری مواد شوینده به واحد های کارته سه توسط حاجی صبغت الله,,,2-Jul-25,228,,,,,,
توسط حاجی صبغت الله,"$347,668 ",$42.74 ,,$70.20 ,"AFN 8,452,324","AFN 3,000",خریداری تیل دیزل به جنراتور تعمیرللندر 5,,,2-Jul-25,229,,,,,,
توسط حاجی صبغت الله,"$349,475 ","$1,806.98 ",,$70.20 ,"AFN 8,579,174","AFN 126,850","خریداری سیم جریدار 2/1.5 ,3/2.5 , لین کمره و کلمپ 8 ملی به تعمیرللندر 5",,,2-Jul-25,230,,,,,,
توسط حاجی صبغت الله,"$349,490 ",$14.25 ,,$70.20 ,"AFN 8,580,174","AFN 1,000",خریداری تیل پطرول به موتر کرولا نقره ایی ,,,3-Jul-25,231,,,,,,
توسط حاجی صبغت الله,"$349,491 ",$1.42 ,,$70.20 ,"AFN 8,580,274",AFN 100,خریداری گاز مایع به تعمیرللندر 5,,,3-Jul-25,232,,,,,,
توسط حاجی صبغت الله,"$349,498 ",$6.41 ,,$70.20 ,"AFN 8,580,724",AFN 450,خریداری دستکش به تعمیرللندر 5,,,3-Jul-25,233,,,,,,
توسط حاجی صبغت الله,"$349,505 ",$7.12 ,,$70.20 ,"AFN 8,581,224",AFN 500,خریداری تیل سوپر به ویبراتور های تعمیرللندر 5,,,3-Jul-25,234,,,,,,
توسط رفیع الله,"$358,505 ","$9,000.00 "," $9,000 ",$69.80 ,"AFN 8,581,224",AFN 0,پرداخت برای شرکت ساختمانی آریا ترک بابت کانکریت ریزی تعمیرللندر 5,,,3-Jul-25,235,,,,,,
توسط حاجی صبغت الله,"$360,289 ","$1,784.00 "," $1,784 ",$69.80 ,"AFN 8,581,224",AFN 0,خریداری کاک سقفی به تعمیرللندر 5,,,5-Jul-25,236,,,,,,
توسط حاجی صبغت الله,"$360,574 ",$285.71 ,,$70.00 ,"AFN 8,601,224","AFN 20,000",پرداخت برای نورالدین بابت سیم تابی تعمیرللندر 5,,,5-Jul-25,237,,,,,,
توسط حاجی صبغت الله,"$361,574 ","$1,000.00 ",,$70.00 ,"AFN 8,671,224","AFN 70,000",پرداخت برای نورالدین بابت سیم تابی تعمیرللندر 5 مبلغ یک هزار دالر معادل به افغانی,,,5-Jul-25,238,,,,,,
توسط حاجی صبغت الله,"$361,724 ",$149.31 ,,$70.00 ,"AFN 8,681,676","AFN 10,452",پرداخت معاش شریف الله ولد فیض محمد بابت ماه جوزا 1404,,,6-Jul-25,239,,,,,,
توسط حاجی صبغت الله,"$361,781 ",$57.58 ,,$68.60 ,"AFN 8,685,626","AFN 3,950","خریداری گوشت سرخی , گوشت گوساله,گوشت مرغ به تعمیرللندر 5",,,7-Jul-25,240,,,,,,
توسط حاجی صبغت الله,"$361,829 ",$48.10 ,,$68.60 ,"AFN 8,688,926","AFN 3,300",خریداری تیل دیزل به جنراتور تعمیرللندر 5,,,7-Jul-25,241,,,,,,
توسط حاجی صبغت الله,"$361,859 ",$29.15 ,,$68.60 ,"AFN 8,690,926","AFN 2,000",خریداری تیل پطرول به موتر کرولا نقره ایی,,,7-Jul-25,242,,,,,,
توسط حاجی صبغت الله,"$361,939 ",$80.76 ,,$68.60 ,"AFN 8,696,466","AFN 5,540","خریداری کیل 2/2.5 ملی , سه ساکته سقفی و پلک ایرانی به تعمیرللندر 5",,,7-Jul-25,243,,,,,,
توسط حاجی صبغت الله,"$361,978 ",$39.07 ,,$68.60 ,"AFN 8,699,146","AFN 2,680",خریداری تیل دیزل به جنراتور تعمیرللندر 5,,,7-Jul-25,244,,,,,,
توسط حاجی صبغت الله,"$362,015 ",$36.44 ,,$68.60 ,"AFN 8,701,646","AFN 2,500",خریداری تیل پطرول به موتر کرولا نقره ایی بتاریخ های مختلف ,,,7-Jul-25,245,,,,,,
توسط حاجی صبغت الله,"$362,100 ",$85.15 ,,$68.70 ,"AFN 8,707,496","AFN 5,850","خریداری دستکش , میخ 4"" و میخ فولادی به تعمیرللندر 5",,,8-Jul-25,246,,,,,,
توسط حاجی صبغت الله,"$362,105 ",$5.53 ,,$68.70 ,"AFN 8,707,876",AFN 380,خریداری رجه خورد به تعمیرللندر 5,,,8-Jul-25,247,,,,,,
توسط حاجی صبغت الله,"$362,107 ",$1.74 ,,$68.90 ,"AFN 8,707,996",AFN 120,خریداری گچ سیلنگ به تعمیرللندر 5,,,10-Jul-25,248,,,,,,
توسط حاجی صبغت الله,"$362,387 ",$279.54 ,,$68.90 ,"AFN 8,727,256","AFN 19,260",خریداری خشت سفالی به تعمیرللندر 5,,,10-Jul-25,249,,,,,,
توسط حاجی صبغت الله,"$362,467 ",$79.83 ,,$68.90 ,"AFN 8,732,756","AFN 5,500",خریداری برمه 25 ملی رولکس به تعمیرللندر 5,,,10-Jul-25,250,,,,,,
توسط حاجی صبغت الله,"$362,684 ",$217.42 ,,$68.90 ,"AFN 8,747,736","AFN 14,980",خریداری خشت سفالی به تعمیرللندر 5,,,10-Jul-25,251,,,,,,
توسط حاجی صبغت الله,"$362,738 ",$54.35 ,,$69.00 ,"AFN 8,751,486","AFN 3,750",خریداری تایرویل و توپ به تعمیرللندر 5,,,11-Jul-25,252,,,,,,
توسط حاجی صبغت الله,"$362,749 ",$10.43 ,,$69.00 ,"AFN 8,752,206",AFN 720,خریداری بیل گول به تعمیرللندر 5,,,11-Jul-25,253,,,,,,
توسط حاجی صبغت الله,"$362,756 ",$7.25 ,,$69.00 ,"AFN 8,752,706",AFN 500,خریداری تیل پطرول به موتر کرولا نقره ایی,,,11-Jul-25,254,,,,,,
توسط حاجی صبغت الله,"$362,814 ",$57.97 ,,$69.00 ,"AFN 8,756,706","AFN 4,000",خریداری تیل دیزل به جنراتور تعمیرللندر 5,,,11-Jul-25,255,,,,,,
توسط حاجی صبغت الله,"$363,124 ",$309.71 ,,$69.00 ,"AFN 8,778,076","AFN 21,370",خریداری سمنت چرات به تعمیرللندر 5,,,12-Jul-25,256,,,,,,
توسط حاجی صبغت الله,"$363,220 ",$96.09 ,,$69.00 ,"AFN 8,784,706","AFN 6,630","خریداری بیل اصلی , گچ و پیپ سنایا اصلی به تعمیرللندر 5",,,12-Jul-25,257,,,,,,
توسط حاجی صبغت الله,"$363,250 ",$30.43 ,,$69.00 ,"AFN 8,786,806","AFN 2,100",خریداری شش رخه و سیم 1.5 ملی به تعمیرللندر 5,,,12-Jul-25,258,,,,,,
توسط حاجی صبغت الله,"$363,303 ",$52.90 ,,$69.00 ,"AFN 8,790,456","AFN 3,650",خریداری سمنت به تعمیرللندر 5,,,12-Jul-25,259,,,,,,
توسط حاجی صبغت الله,"$363,317 ",$13.62 ,,$69.00 ,"AFN 8,791,396",AFN 940,"خریداری گلماله , موزه و دستکش به تعمیرللندر 5",,,12-Jul-25,260,,,,,,
توسط حاجی صبغت الله,"$363,319 ",$2.46 ,,$69.00 ,"AFN 8,791,566",AFN 170,خریداری سیم جستی به تعمیرللندر 5,,,12-Jul-25,261,,,,,,
توسط حاجی صبغت الله,"$363,397 ",$78.26 ,,$69.00 ,"AFN 8,796,966","AFN 5,400","خریداری نل 32 PPR زانو خم 32 , سه دهن , زانو خم چوری دار , وال مکمل , نوار طفلون , دبل پیچ و غیره به تعمیرللندر 5",,,12-Jul-25,262,,,,,,
توسط حاجی صبغت الله,"$365,146 ","$1,749.00 "," $1,749 ",$69.00 ,"AFN 8,796,966",AFN 0,خریداری کاک سقفی به تعمیرللندر 5,,,12-Jul-25,263,,,,,,
توسط حاجی صبغت الله,"$368,041 ","$2,894.36 ",,$69.10 ,"AFN 8,996,966","AFN 200,000",پرداخت برای نورالدین بابت سیم تابی تعمیرللندر 5,,,13-Jul-25,264,,,,,,
توسط حاجی صبغت الله,"$368,830 ",$788.71 ,,$69.10 ,"AFN 9,051,466","AFN 54,500",پرداخت برای نورالدین بابت سیم تابی تعمیرللندر 5,,,13-Jul-25,265,,,,,,
توسط حاجی صبغت الله,"$368,844 ",$14.01 ,,$69.10 ,"AFN 9,052,434",AFN 968,پرداخت معاش شمس الدین ولد قمرالدین بابت ماه سرطان 1404,,,14-Jul-25,266,,,,,,
توسط حاجی صبغت الله,"$368,858 ",$14.01 ,,$69.10 ,"AFN 9,053,402",AFN 968,پرداخت معاش شکرالله ولد محی الدین بابت ماه سرطان 1404,,,14-Jul-25,267,,,,,,
توسط حاجی صبغت الله,"$368,872 ",$14.01 ,,$69.10 ,"AFN 9,054,370",AFN 968,پرداخت معاش حشمت الله ولد نعمت الله بابت ماه سرطان 1404,,,14-Jul-25,268,,,,,,
توسط رفیع الله,"$398,872 ","$30,000.00 "," $30,000 ",$69.10 ,"AFN 9,054,370",AFN 0,پرداخت برای شرکت ساختمانی آریا ترک بابت کانکریت ریزی تعمیرللندر 5,,,16-Jul-25,269,,,,,,
توسط حاجی صبغت الله,"$400,372 ","$1,500.00 ",,$69.10 ,"AFN 9,158,020","AFN 103,650",پرداخت برای عبدالله بابت خشت کاری تعمیرللندر 5 دالر معادل به افغانی,,,17-Jul-25,270,,,,,,
توسط حاجی صبغت الله,"$402,053 ","$1,681.13 ",,$69.10 ,"AFN 9,274,186","AFN 116,166",پرداخت برای کاکا بادام گل  روزالدین بابت خریداری خشت اول به تعمیرللندر 5 ,,,17-Jul-25,271,,,,,,
توسط حاجی صبغت الله,"$402,622 ",$569.46 ,,$69.10 ,"AFN 9,313,536","AFN 39,350",پرداخت برای کاکا بادام گل  روزالدین بابت خریداری خشت اول به تعمیرللندر 5 ,,,17-Jul-25,272,,,,,,
توسط حاجی صبغت الله,"$406,747 ","$4,124.46 ",,$69.10 ,"AFN 9,598,536","AFN 285,000",پرداخت بتاریخ های مختلف در ساحه کاری به روزالدین بابت کندن کاری تهکوی تعمیرللندر 5,,,17-Jul-25,273,,,,,,
توسط عرش الله,"$426,747 ","$20,000.00 "," $20,000 ",$69.10 ,"AFN 9,598,536",AFN 0,پرداخت برای شرکت زم زم فولاد از درک خریداری سیخ گول به تعمیرللندر 5,,,17-Jul-25,274,,,,,,
توسط حاجی صبغت الله,"$428,147 ","$1,400.00 "," $1,400 ",$69.10 ,"AFN 9,598,536",AFN 0,پرداخت برای شرکت فراز آژمان بابت خریداری کاک سقفی به تعمیرللندر 5 از مجموع 2011$ دالر ,,,17-Jul-25,275,,,,,,
توسط حاجی صبغت الله,"$428,256 ",$109.01 ,,$68.80 ,"AFN 9,606,036","AFN 7,500","خریداری کیبل 2/2.5 کیبل 3/6 , هواکش ,آلیژن و لابرتیب به تعمیرللندر 5",,,24-Jul-25,276,,,,,,
توسط حاجی صبغت الله,"$429,244 ",$988.37 ,,$68.80 ,"AFN 9,674,036","AFN 68,000",پرداخت برای کاکا بادام گل  روزالدین بابت خریداری خشت اول به تعمیرللندر 5 ,,,24-Jul-25,277,,,,,,
توسط حاجی صبغت الله,"$429,331 ",$87.21 ,,$68.80 ,"AFN 9,680,036","AFN 6,000",پرداخت اجرت روز مزد نور محمد خوازه کار بابت تعمیرللندر 5,,,24-Jul-25,278,,,,,,
توسط حاجی صبغت الله,"$429,477 ",$145.35 ,,$68.80 ,"AFN 9,690,036","AFN 10,000",پرداخت برای سفر برقی بابت تعمیرللندر 5,,,24-Jul-25,279,,,,,,
توسط حاجی صبغت الله,"$430,058 ",$581.40 ,,$68.80 ,"AFN 9,730,036","AFN 40,000",پرداخت برای عبدالله بابت خشت کاری تعمیرللندر 5 ,,,24-Jul-25,280,,,,,,
توسط حاجی صبغت الله,"$430,116 ",$58.14 ,,$68.80 ,"AFN 9,734,036","AFN 4,000",پرداخت برای سرن کردن ریگ زمین دارالامان بخاطر للندر 5,,,24-Jul-25,281,,,,,,
توسط حاجی صبغت الله,"$430,454 ",$338.08 ,,$68.80 ,"AFN 9,757,296","AFN 23,260","خریداری ها به تاریخ های مختلف توسط حاجی صبغت الله به تعمیرللندر 5 از قبیل تیل جنراتور,میخ فولادی ,دستکش , میخ ساده ,گاز مایع ,تیل دیزل,سیم جستی , تیل سوپر به ویبراتور ها,زانو خم , سرش , پیپ ,مخلوط کن,گچ ساده ,تیل دیزل , سیم جستی به تعمیرللندر ",,,26-Jul-25,282,,,,,,
توسط حاجی صبغت الله,"$434,893 ","$4,438.81 ",,$68.80 ,"AFN 10,062,686","AFN 305,390","خریداری ها به تاریخ های مختلف توسط حاجی صبغت الله به تعمیرللندر 5 تیل پطرول , برس کلان , مبلایل , مسلم شاور , نیچه, مخلوط کن , چوچه وال , پیچکش , موزه  , دس پنا,گلگل, سرش , سمنت سفید ,پایپ ,جین بکس,بیل , دسته بیل,جالی,چسپ , پل چرخ,لابرتیب و سمنت چرات به تعمیرللندر 5",,,26-Jul-25,283,,,,,,
توسط حاجی صبغت الله,"$437,446 ","$2,552.54 ",,$68.80 ,"AFN 10,238,301","AFN 175,615","خریداری ها به تاریخ های مختلف توسط حاجی صبغت الله به تعمیرللندر 5 از قبیل , پرده سبز , گچ , مواد خوراکه, خشت سفالی ,گچ 25 کیلویی,تیل دیزل , دولچه , بیل ,پیتزا به مهمانان,تیل پطرول به موتر کرولا,گاز مایع,بست خوازه,بست خوازه ,دس پنا و جالی سبز به تعمیرللندر 5",,,26-Jul-25,284,,,,,,
توسط حاجی صبغت الله,"$438,516 ","$1,070.58 ",,$68.80 ,"AFN 10,311,957","AFN 73,656","خریداری گاز مایع ,تیل پطرول,غذا به مهمانان از رستورانت ,نت خوازه , کارت تلفون به حاجی صبغت الله,مواد خوراکه ,گاز مایع, خشت سفالی , تیل پطرول ,بامیه ,فلتر دیزل برقی, مبلایل, اجرت مستری جنراتور,گاز مایع,پلک و سر پلکی و مبلایل آلوین مکس به ویبراتور های تعمیرللندر 5",,,26-Jul-25,285,,,,,,
توسط حاجی صبغت الله,"$441,903 ","$3,387.00 "," $3,387 ",$68.80 ,"AFN 10,311,957",AFN 0,پرداخت برای خریداری کاک سقفی به تعمیرللندر 5,,,26-Jul-25,286,,,,,,
توسط حاجی صبغت الله,"$442,567 ",$664.00 , $664.00 ,$68.80 ,"AFN 10,311,957",AFN 0,پرداخت برای شرکت فراز آژمان بابت خریداری کاک سقفی به تعمیرللندر 5 از بل نمبر 494,,,28-Jul-25,287,,,,,,
توسط حاجی صبغت الله,"$444,291 ","$1,724.00 "," $1,724.00 ",$68.80 ,"AFN 10,311,957",AFN 0,پرداخت برای شرکت فراز آژمان بابت خریداری کاک سقفی به تعمیرللندر 5 بل نمبر 503,,,28-Jul-25,288,,,,,,
توسط حاجی صبغت الله,"$445,691 ","$1,400.00 ",,$68.85 ,"AFN 10,408,347","AFN 96,390",پرداخت برای نورالدین بابت سیم تابی تعمیرللندر 5 مبلغ چهارده صد دالر امریکایی معادل به افغانی,,,29-Jul-25,289,,,,,,
توسط عرش الله,"$447,144 ","$1,452.43 ",,$68.85 ,"AFN 10,508,347","AFN 100,000",پرداخت برای نورالدین بابت سیم تابی تعمیرللندر 5 ,,,29-Jul-25,290,,,,,,
توسط رفیع الله,"$457,144 ","$10,000.00 "," $10,000.00 ",$68.85 ,"AFN 10,508,347",AFN 0,پرداخت برای شرکت زم زم فولاد بابت خریداری سیخ گول به تعمیرللندر 5 از رسید مشتری واحد نمبر A19 للندر 3,,,29-Jul-25,291,,,,,,
توسط حاجی صبغت الله,"$457,653 ",$509.51 ,,$68.85 ,"AFN 10,543,427","AFN 35,080",پرداخت برای خریداری جالی راویز به تعمیرللندر 5 ,,,31-Jul-25,292,,,,,,
توسط حاجی صبغت الله,"$458,016 ",$363.11 ,,$68.85 ,"AFN 10,568,427","AFN 25,000",پرداخت معاش انجنیروحید الله ولد حبیب الله بابت ماه جوزا 1404,,,31-Jul-25,293,,,,,,
توسط حاجی صبغت الله,"$458,379 ",$363.11 ,,$68.85 ,"AFN 10,593,427","AFN 25,000",پرداخت معاش انجنیروحید الله ولد حبیب الله بابت ماه سرطان 1404,,,31-Jul-25,294,,,,,,
توسط حاجی صبغت الله,"$458,779 ",$399.71 ,,$68.85 ,"AFN 10,620,947","AFN 27,520",پرداخت برای عبدالله خشت کار بابت تعمیرللندر 5,,,31-Jul-25,295,,,,,,
توسط حاجی صبغت الله,"$458,832 ",$52.68 ,,$68.85 ,"AFN 10,624,574","AFN 3,627",پرداخت برای خبازی عصر بابت خریداری نان خشک به تعمیرللندر5 ماه جون 2025,,,31-Jul-25,296,,,,,,
,"$466,832 ","$8,000.00 "," $8,000.00 ",$68.85 ,"AFN 10,624,574",AFN 0,پرداخت برای شرکت زم زم استیل بابت خریداری سیخ گول به تعمیرللندر 5,,,3-Aug-25,297,,,,,,
توسط حاجی صبغت الله,"$467,156 ",$324.53 ,,$68.90 ,"AFN 10,646,934","AFN 22,360","خریداری مواد ساختمانی به تاریخ های مختلف از قبیل , غذا از رستورانت , ترمیم جنراتور ,تیل پطرول به موتر ها , تیل دیزل به جنراتور ,سیخ ولدینگ,گچ ساده و غیره",,,7-Aug-25,298,,,,,,
توسط حاجی صبغت الله,"$477,156 ","$10,000.00 "," $10,000 ",$68.90 ,"AFN 10,646,934",AFN 0,پرداخت برای شرکت ساختمانی آریا ترک بابت کانکریت ریزی تعمیرللندر 5,,,7-Aug-25,299,,,,,,
توسط رفیع الله,"$487,156 ","$10,000.00 "," $10,000 ",$68.90 ,"AFN 10,646,934",AFN 0,پرداخت برای شرکت ساختمانی آریا ترک بابت کانکریت ریزی تعمیرللندر 5,,,7-Aug-25,300,,,,,,
,"$488,143 ",$986.94 ,,$68.90 ,"AFN 10,714,934","AFN 68,000",پردخت برای کاکا بادام گل روز الدین بابت خریداری خشت اول به تعمیرللندر 5 از جمع آوری ماه سرطان باغ قاضی,,,7-Aug-25,301,,,,,,
,"$488,528 ",$384.67 ,,$68.90 ,"AFN 10,741,438","AFN 26,504","خریداری گاز مایع , گوشت به خیرات , سیخ ولدینگ ,تیل پطرول به موتر هایلکس , سرکلوشن گاز , تیل دیزل به جنراتور تعمیرللندر 5 و غیره ",,,7-Aug-25,302,,,,,,
توسط حاجی صبغت الله,"$489,528 ","$1,000.00 ",,$68.40 ,"AFN 10,809,838","AFN 68,400",پرداخت برای نورالدین بابت سیم تابی و قالبکاری تعمیرللندر 5,,,12-Aug-25,303,,,,,,
,"$499,528 ","$10,000.00 "," $10,000 ",$68.40 ,"AFN 10,809,838",AFN 0,پرداخت برای شرکت زمزم استیل بابت خریداری سیخ گول به تعمیرللندر 5 توسط حاجی رفیع الله,,,12-Aug-25,304,,,,,,
,"$500,844 ","$1,315.79 ",,$68.40 ,"AFN 10,899,838","AFN 90,000",پرداخت برای روزالدین توسط کاکا بادام گل بابت خریداری خشت اول به تعمیرللندر 5,,,14-Aug-25,305,,,,,,
توسط حاجی صبغت الله,"$502,044 ","$1,200.00 ",,$68.40 ,"AFN 10,981,918","AFN 82,080",پرداخت برای عبدالله خشت کار بابت تعمیرللندر 5 ,,,14-Aug-25,306,,,,,,
,"$502,343 ",$299.71 ,,$68.40 ,"AFN 11,002,418","AFN 20,500",پرداخت برای علی یاور بابت راویز کاری تعمیرللندر 5,,,14-Aug-25,307,,,,,,
,"$502,780 ",$436.68 ,,$68.70 ,"AFN 11,032,418","AFN 30,000",پرداخت برای نورالدین بابت سیم تابی و قالبکاری تعمیرللندر 5,,,18-Aug-25,308,,,,,,
,"$502,870 ",$90.06 ,,$68.40 ,"AFN 11,038,578","AFN 6,160",پرداخت برای نور محمد خوازه کار بابت اجرت روزانه و 270 متر مربع نصب خوازه به تعمیرللندر 5 تصفیه حساب مکمل بسته کاری خوازه به تعمیرللندر 5,,,21-Aug-25,309,,,,,,
,"$503,016 ",$146.20 ,,$68.40 ,"AFN 11,048,578","AFN 10,000",پرداخت برای انجنیر جواد بابت سیستم برق تعمیرللندر 5 ,,,21-Aug-25,310,,,,,,
,"$503,309 ",$292.40 ,,$68.40 ,"AFN 11,068,578","AFN 20,000",پرداخت برای عبدالله خشت کار بابت تعمیرللندر 5,,,21-Aug-25,311,,,,,,
,"$504,398 ","$1,089.18 ",,$68.40 ,"AFN 11,143,078","AFN 74,500","پرداخت برای کاکا بادام گل بابت خریداری خشت اول به تعمیرللندر 5 بل نمبر های 143,144,145,148,149",,,21-Aug-25,312,,,,,,
,"$504,516 ",$117.91 ,,$68.40 ,"AFN 11,151,143","AFN 8,065",پرداخت معاش ادریس ولد دولت بابت ماه جوزا 1404,,,25-Aug-25,313,,,,,,
,"$504,549 ",$33.17 ,,$68.40 ,"AFN 11,153,412","AFN 2,269",پرداخت معاش ادریس ولد دولت بابت ماه سرطان 1404,,,25-Aug-25,314,,,,,,
,"$504,692 ",$142.82 ,,$68.40 ,"AFN 11,163,181","AFN 9,769",پرداخت معاش ادریس ولد دولت بابت ماه اسد 1404,,,25-Aug-25,315,,,,,,
,"$504,867 ",$175.44 ,,$68.40 ,"AFN 11,175,181","AFN 12,000",پرداخت معاش شریف الله ولد فیض محمد بابت ماه سرطان 1404,,,25-Aug-25,316,,,,,,
,"$504,891 ",$23.39 ,,$68.40 ,"AFN 11,176,781","AFN 1,600",پیش پرداخت برای شریف الله ولد فیض محمد بابت ماه اسد 1404,,,25-Aug-25,317,,,,,,
,"$505,043 ",$152.05 ,,$68.40 ,"AFN 11,187,181","AFN 10,400",پرداخت معاش شریف الله ولد فیض محمد بابت ماه سنبله  1404,,,25-Aug-25,318,,,,,,
,"$512,043 ","$7,000.00 "," $7,000 ",$68.40 ,"AFN 11,187,181",AFN 0,پرداخت برای شرکت زم زم استیل بابت خریداری سیخ گول به تعمیرللندر 5,,,25-Aug-25,319,,,,,,
توسط حاجی صبغت الله,"$513,648 ","$1,604.97 ",,$68.40 ,"AFN 11,296,961","AFN 109,780","خریداری ها به تاریخ های مختلف توسط حاجی صبغت الله از قبیل , جین کلفت,پیچ برنجی,کیبل 2/1.5, سیم جریدار ,ترکاری ,میوه خشک,پرده سبز,فلتر دیزلی,دسته فلزکاری, سمنت سفید ,پودر سنگ,سرش سلیکان , پودر سنگ ,قفل ,سرش سلیکان,دستکش,دبل 7 نمبر,سنگ چرخ, مبلایل,تانکی لیلیتر,ترمیم سرکلوشن ,ترمیم جنراتور,نوار تفلون,برشنگ , سامی , بست 40 , بست 90, اشتت ,زانوخم,سامی , کپ , سیفون , نل 2"" ,نوار تفلون , و بطری به جنراتور تعمیرللندر 5",,,25-Aug-25,320,,,,,,
توسط حاجی صبغت الله,"$513,785 ",$137.06 ,,$68.40 ,"AFN 11,306,336","AFN 9,375","خریداری ها به تاریخ های مختلف توسط حاجی صبغت الله از قبیل , مواد غذایی , جوس به مهمانان , گاز مایع,سیخ ولدینگ, گچ و پلک برق به تعمیرللندر 5",,,25-Aug-25,321,,,,,,
توسط حاجی صبغت الله,"$514,292 ",$506.87 ,,$68.40 ,"AFN 11,341,006","AFN 34,670","خریداری ها به تاریخ های مختلف توسط حاجی صبغت الله به تعمیرللندر 5 از قبیل , تیل دیزل به جنراتور, سیخ ولدینگ , سیم جستی , پل برمه , تیل پطرول به موتر کرولا , بابت تعمیرللندر 5",,,25-Aug-25,322,,,,,,
,"$514,350 ",$58.39 ,,$68.50 ,"AFN 11,345,006","AFN 4,000",خریداری تیل پطرول به موتر هایلکس,,,27-Aug-25,323,,,,,,
,"$514,387 ",$37.37 ,,$68.50 ,"AFN 11,347,566","AFN 2,560",پرداخت برای مبلایل تبدیلی جنراتور تعمیرللندر 5 ,,,27-Aug-25,324,,,,,,
,"$514,408 ",$20.44 ,,$68.50 ,"AFN 11,348,966","AFN 1,400",خریداری غذا از رستورانت به مهمانان حاجی رفیع الله و کرای موتر بریالی ,,,27-Aug-25,325,,,,,,
,"$514,554 ",$145.99 ,,$68.50 ,"AFN 11,358,966","AFN 10,000",پیش پرداخت برای نعمان ولد عصمت الله بابت سیستم سرد کننده تعمیرللندر 5,,,28-Aug-25,326,,,,,,
,"$515,138 ",$583.94 ,,$68.50 ,"AFN 11,398,966","AFN 40,000",پرداخت برای علی یاور بابت راویز کاری تعمیرللندر 5,,,28-Aug-25,327,,,,,,
,"$515,357 ",$218.98 ,,$68.50 ,"AFN 11,413,966","AFN 15,000",پرداخت برای محمد جواد بدست ابراهیم بابت ویرینگ و سیستم برق تعمیرللندر 5,,,28-Aug-25,328,,,,,,
,"$515,795 ",$437.96 ,,$68.50 ,"AFN 11,443,966","AFN 30,000",پرداخت برای عبدلله بابت خشت کاری تعمیرللندر 5,,,28-Aug-25,329,,,,,,
,"$516,160 ",$364.96 ,,$68.50 ,"AFN 11,468,966","AFN 25,000",پرداخت معاش وحید الله ولد حبیب الله بابت ماه اسد 1404,,,28-Aug-25,330,,,,,,
,"$516,379 ",$218.98 ,,$68.50 ,"AFN 11,483,966","AFN 15,000",پرداخت معاش احمد فرید ولد علاالدین بابت ماه اسد 1404,,,28-Aug-25,331,,,,,,
,"$516,397 ",$18.83 ,,$68.50 ,"AFN 11,485,256","AFN 1,290",پرداخت معاش سرور ولد طالب بابت ماه سرطان 1404,,,28-Aug-25,332,,,,,,
,"$516,543 ",$145.99 ,,$68.50 ,"AFN 11,495,256","AFN 10,000",پرداخت معاش سرور ولد طالب بابت ماه اسد 1404,,,28-Aug-25,333,,,,,,
,"$519,463 ","$2,919.71 ",,$68.50 ,"AFN 11,695,256","AFN 200,000",پرداخت برای شرکت هرات الکتریک از درک بل نمبر 915 بابت خریداری سیم جریدار سیم آنتن به تعمیرللندر 5,,,28-Aug-25,334,,,,,,
,"$519,901 ",$437.96 ,,$68.50 ,"AFN 11,725,256","AFN 30,000",پرداخت از درک خرید بل نمبر 70 جالی راویز به تعمیرللندر 5,,,28-Aug-25,335,,,,,,
,"$519,929 ",$28.28 ,,$68.50 ,"AFN 11,727,193","AFN 1,937",پرداخت برای ترمیم تانکر آب ,,,28-Aug-25,336,,,,,,
,"$520,075 ",$145.99 ,,$68.50 ,"AFN 11,737,193","AFN 10,000",پرداخت معاش هارون ولد فضل الرحمن بابت ماه ثور 1404,,,28-Aug-25,337,,,,,,
,"$520,221 ",$145.99 ,,$68.50 ,"AFN 11,747,193","AFN 10,000",پرداخت معاش هارون ولد فضل الرحمن بابت ماه جوزا 1404,,,28-Aug-25,338,,,,,,
,"$520,367 ",$145.99 ,,$68.50 ,"AFN 11,757,193","AFN 10,000",پرداخت معاش هارون ولد فضل الرحمن بابت ماه سرطان 1404,,,28-Aug-25,339,,,,,,
,"$520,513 ",$145.99 ,,$68.50 ,"AFN 11,767,193","AFN 10,000",پرداخت معاش هارون ولد فضل الرحمن بابت ماه اسد 1404,,,28-Aug-25,340,,,,,,
,"$520,535 ",$22.19 ,,$68.50 ,"AFN 11,768,713","AFN 1,520",خریداری پایپ و سامی و مواد نلدوانی به تعمیرللندر5,,,28-Aug-25,341,,,,,,
,"$520,957 ",$421.90 ,,$68.50 ,"AFN 11,797,613","AFN 28,900","خریداری بل ها بتاریخ های مختلف توسط حاجی صبغت الله به تعمیرللندر 5 از قبیل پل چرخ 10ملی , تیل پطرول,تیل دیزل,کپ , فیوز,تیل پطرول, گاز مایع , پرزه جات به جنراتور",,,28-Aug-25,342,,,,,,
,"$521,206 ",$248.70 ,,$68.50 ,"AFN 11,814,649","AFN 17,036","خریداری بل ها بتاریخ های مختلف توسط حاجی صبغت الله به تعمیرللندر 5 از قبیل چسپ , تیل دیزل به جنراتور,پرزه جات به ترمیم جنراتور,سیخ ولدینگ , کیبل تای, مبلایل تبدیلی موتر لکسس,دبل فلزی ",,,28-Aug-25,343,,,,,,
,"$531,206 ","$10,000.00 "," $10,000.00 ",$68.50 ,"AFN 11,814,649",AFN 0,پرداخت برای شرکت ساختمانی آریا ترک بابت کانکریت ریزی تعمیرللندر 5,,,1-Sep-25,344,,,,,,
,"$531,235 ",$29.20 ,,$68.50 ,"AFN 11,816,649","AFN 2,000",پیش پرداخت برای شریف الله ولد فیض محمد بابت ماه سنبله 1404,,,2-Sep-25,345,,,,,,
,"$531,273 ",$37.37 ,,$68.50 ,"AFN 11,819,209","AFN 2,560",پرداخت برای مبلایل تبدیلی جنراتور تعمیرللندر 5 ,,,2-Sep-25,346,,,,,,
,"$531,293 ",$20.44 ,,$68.50 ,"AFN 11,820,609","AFN 1,400",خریداری غذا از رستورانت برای مهمانان و کرای موتر توسط بریالی ,,,2-Sep-25,347,,,,,,
,"$531,521 ",$227.88 ,,$68.50 ,"AFN 11,836,219","AFN 15,610","پرداخت برای نوار کاری و برش کاری تخته های میز دفتر, خریداری چینل , قفل الماری,دستگیره خورد, دستگیره کلان, پیچ سیاه,سرش فوری,پل قفل , قابک,جای کیبل , پایه میز و خریداری تخته 16 ملی همراه با پول جوالی و کرای تکسی ",,,3-Sep-25,348,,,,,,
,"$532,397 ",$875.91 ,,$68.50 ,"AFN 11,896,219","AFN 60,000","پرداخت برای کاکا بادام گل بابت خریداری خشت اول به تعمیرللندر 5 بل نمبر های 150,204,205,206,207,208",,,4-Sep-25,349,,,,,,
,"$532,981 ",$583.94 ,,$68.50 ,"AFN 11,936,219","AFN 40,000",پرداخت برای عبدالله خشت کار بابت تعمیرللندر 5,,,4-Sep-25,350,,,,,,
,"$533,083 ",$102.19 ,,$68.50 ,"AFN 11,943,219","AFN 7,000",پرداخت برای احمد سالم بابت سرن کاری ریگ های زمین دارالامان به تعمیرللندر 5,,,4-Sep-25,351,,,,,,
,"$534,565 ","$1,482.48 ",,$68.50 ,"AFN 12,044,769","AFN 101,550",پرداخت برای شرکت هرات الکتریک و تصفیه بل نمبر 915 بابت خریداری سیم جریدار به تعمیرللندر 5,,,4-Sep-25,352,,,,,,
,"$534,865 ",$300.00 ,,$68.50 ,"AFN 12,065,319","AFN 20,550",پرداخت برای نعمان ولد عصمت الله بابت سیستم سرد کننده تعمیرللندر 5,,,4-Sep-25,353,,,,,,
,"$534,872 ",$6.42 ,,$68.50 ,"AFN 12,065,759",AFN 440,"خریداری رنگ روغنی , ضد زنگ , تینر و برس 2"" به رنگمالی چوکات میز دفتر",,,4-Sep-25,354,,,,,,
,"$534,873 ",$1.61 ,,$68.50 ,"AFN 12,065,869",AFN 110,خریداری آب معدنی و مصاله بریانی به دفتر,,,4-Sep-25,355,,,,,,
,"$534,881 ",$7.30 ,,$68.50 ,"AFN 12,066,369",AFN 500,خریداری گوشت مرغ به آشپزخانه دفتر للندر 5,,,4-Sep-25,356,,,,,,
,"$534,881 ",$0.58 ,,$68.50 ,"AFN 12,066,409",AFN 40,خریداری نت و بولت به تعمیرللندر 5,,,4-Sep-25,357,,,,,,
,"$535,021 ",$139.93 ,,$68.50 ,"AFN 12,075,994","AFN 9,585",خریداری تیل دیزل به جنراتور تعمیرللندر 5,,,4-Sep-25,358,,,,,,
,"$535,029 ",$7.30 ,,$68.50 ,"AFN 12,076,494",AFN 500,خریداری گوشت مرغ به دفتر کارته سه و کاریگران تعمیرللندر5,,,4-Sep-25,359,,,,,,
,"$535,032 ",$3.65 ,,$68.50 ,"AFN 12,076,744",AFN 250,خریداری بوره و چای به دفتر تعمیرللندر5,,,4-Sep-25,360,,,,,,
,"$535,034 ",$2.04 ,,$68.50 ,"AFN 12,076,884",AFN 140,خریداری مصاله بریانی و جوس سن ایچ به مهمانان دفتر تعمیرللندر5,,,4-Sep-25,361,,,,,,
,"$535,042 ",$7.30 ,,$68.50 ,"AFN 12,077,384",AFN 500,خریداری گاز مایع به آشپزخانه دفتر کارته سه  و کاریگران تعمیرللندر5,,,4-Sep-25,362,,,,,,
,"$535,048 ",$6.28 ,,$68.50 ,"AFN 12,077,814",AFN 430,"خریداری مصاله قورمه , نمک چینایی, بوره و رومی به آشپزخانه کارته سه و تعمیرللندر5",,,4-Sep-25,363,,,,,,
,"$535,261 ",$212.99 ,,$68.50 ,"AFN 12,092,404","AFN 14,590","خریداری فلنج , پیچ برمه, توش, پیچ 6ملی, 10 ملی , دبل 7 و غیره به تعمیرللندر 5",,,4-Sep-25,364,,,,,,
,"$535,264 ",$2.92 ,,$68.50 ,"AFN 12,092,604",AFN 200,خریداری دو کواتر مبلایل ایرانی به ویبراتور های تعمیرللندر 5,,,4-Sep-25,365,,,,,,
,"$535,266 ",$1.90 ,,$68.50 ,"AFN 12,092,734",AFN 130,خریداری گچ 25 کیلویی به تعمیرللندر 5,,,4-Sep-25,366,,,,,,
,"$535,268 ",$2.41 ,,$68.50 ,"AFN 12,092,899",AFN 165,خریداری گاز مایع به دفتر بخاطر آشپزخانه تعمیرللندر5,,,5-Sep-25,367,,,,,,
,"$535,297 ",$29.20 ,,$68.50 ,"AFN 12,094,899","AFN 2,000",خریداری تیل پطرول به موتر کرولا نقره ایی,,,5-Sep-25,368,,,,,,
,"$535,304 ",$6.57 ,,$68.50 ,"AFN 12,095,349",AFN 450,خریداری تخته لاسانی سفید به میز دفترتعمیرللندر5,,,6-Sep-25,369,,,,,,
,"$545,304 ","$10,000.00 "," $10,000.00 ",$68.50 ,"AFN 12,095,349",AFN 0,پرداخت برای شرکت زم زم استیل بابت خریداری سیخ گول به تعمیرللندر 5,,,6-Sep-25,370,,,,,,
,"$545,306 ",$2.19 ,,$68.50 ,"AFN 12,095,499",AFN 150,خریداری زلفی به تعمیرللندر 5,,,6-Sep-25,371,,,,,,
,"$545,362 ",$56.06 ,,$68.50 ,"AFN 12,099,339","AFN 3,840","خریداری پرزه جات به جنراتور از قبیل فلتر مبلایل , سرکی لیلیترو غیره به تعمیرللندر 5",,,6-Sep-25,372,,,,,,
,"$545,363 ",$1.31 ,,$68.50 ,"AFN 12,099,429",AFN 90,خریداری گچ خورد به تعمیرللندر 5,,,6-Sep-25,373,,,,,,
,"$545,378 ",$14.60 ,,$68.50 ,"AFN 12,100,429","AFN 1,000",خریداری تیل پطرول به موتر کرولا نقره ایی,,,6-Sep-25,374,,,,,,
,"$545,381 ",$2.54 ,,$68.50 ,"AFN 12,100,603",AFN 174,خریداری گاز مایع به تعمیرللندر 5,,,7-Sep-25,375,,,,,,
,"$545,382 ",$1.75 ,,$68.50 ,"AFN 12,100,723",AFN 120,خریداری گاز مایع به تعمیرللندر 5,,,7-Sep-25,376,,,,,,
,"$545,397 ",$14.60 ,,$68.50 ,"AFN 12,101,723","AFN 1,000",خریداری تیل پطرول به موتر کرولا نقره ایی,,,7-Sep-25,377,,,,,,
,"$545,442 ",$44.67 ,,$68.50 ,"AFN 12,104,783","AFN 3,060","خریداری مواد خوراکه به آشپزخانه کارته سه از قبیل کچالو, پیاز,روغن, نمک, روب,آچار,زردچوبه و مایع ظرفشویی به آشپزخانه تعمیرللندر5",,,10-Sep-25,378,,,,,,
,"$545,446 ",$4.60 ,,$68.50 ,"AFN 12,105,098",AFN 315,"خریداری یک بوتل روغن مایع , کچالو و گاز مایع به آشپزخانه تعمیرللندر5",,,10-Sep-25,379,,,,,,
,"$545,511 ",$64.38 ,,$68.50 ,"AFN 12,109,508","AFN 4,410",پرداخت برای خبازی عبدالمطلب بغلانی بابت خریداری نان خشک به تعمیرللندر 5,,,11-Sep-25,380,,,,,,
,"$545,518 ",$7.30 ,,$68.50 ,"AFN 12,110,008",AFN 500,پرداخت برای انجنیر وحید الله صدیقی بابت فعال نمودن انترنت مبایل,,,11-Sep-25,381,,,,,,
,"$545,605 ",$87.59 ,,$68.50 ,"AFN 12,116,008","AFN 6,000",پیش پرداخت برای انجنیر وحید الله بابت ماه سنبله 1404,,,11-Sep-25,382,,,,,,
,"$545,751 ",$145.99 ,,$68.50 ,"AFN 12,126,008","AFN 10,000",پیش پرداخت برای محمد ابراهیم بابت گچ کاری تعمیرللندر 5,,,11-Sep-25,383,,,,,,
,"$546,050 ",$298.25 ,,$68.50 ,"AFN 12,146,438","AFN 20,430",پرداخت برای نورالدین بابت سیم تابی و قالبکاری تعمیرللندر 5,,,11-Sep-25,384,,,,,,
,"$546,705 ",$655.47 ,,$68.50 ,"AFN 12,191,338","AFN 44,900",پرداخت برای کاکا بادام گل بابت خریداری خشت اول و گل زرد به گچ کاری  تعمیرللندر 5 ,,,11-Sep-25,385,,,,,,
,"$546,749 ",$43.80 ,,$68.50 ,"AFN 12,194,338","AFN 3,000",پرداخت برای نعمان ولد عصمت الله بابت سیستم سرد کننده تعمیرللندر 5,,,11-Sep-25,386,,,,,,
,"$547,041 ",$291.97 ,,$68.50 ,"AFN 12,214,338","AFN 20,000",پرداخت برای عبدالله بابت خشت کاری تعمیرللندر 5,,,11-Sep-25,387,,,,,,
,"$547,114 ",$72.99 ,,$68.50 ,"AFN 12,219,338","AFN 5,000",پرداخت برای انجنیر جواد بابت سیستم برق تعمیرللندر 5 ,,,11-Sep-25,388,,,,,,
,"$547,683 ",$569.34 ,,$68.50 ,"AFN 12,258,338","AFN 39,000",پرداخت برای خریدای گچ سفید به تعمیرللندر 5,,,11-Sep-25,389,,,,,,
,"$547,696 ",$13.14 ,,$68.50 ,"AFN 12,259,238",AFN 900,خریداری چارچر type C برای کمپیوتر سمیرللندر,,,11-Sep-25,390,,,,,,
,"$547,755 ",$58.39 ,,$68.50 ,"AFN 12,263,238","AFN 4,000",خریداری تیل دیزل به جنراتور تعمیرللندر 5,,,11-Sep-25,391,,,,,,
,"$547,777 ",$21.75 ,,$68.50 ,"AFN 12,264,728","AFN 1,490","خریداری پنج بولت , ترموستات,سرش,واشر و غیره به ترمیم جنراتورتعمیرللندر 5",,,11-Sep-25,392,,,,,,
,"$547,777 ",$0.44 ,,$68.50 ,"AFN 12,264,758",AFN 30,خریداری عینک به کاریگران تعمیرللندر 5,,,11-Sep-25,393,,,,,,
,"$547,784 ",$7.30 ,,$68.50 ,"AFN 12,265,258",AFN 500,خریداری کارت مبایل به رایگان نمودن سیم کارت تلفون فرید للندر,,,13-Sep-25,394,,,,,,
,"$547,810 ",$25.55 ,,$68.50 ,"AFN 12,267,008","AFN 1,750",خریداری سیم جستی 1.5 ملی به تعمیرللندر 5,,,13-Sep-25,395,,,,,,
,"$547,816 ",$5.84 ,,$68.50 ,"AFN 12,267,408",AFN 400,خریداری فیوز 20 امپیر به تعمیرللندر5,,,13-Sep-25,396,,,,,,
,"$547,965 ",$149.26 ,,$68.50 ,"AFN 12,277,632","AFN 10,224",خریداری تیل دیزل به جنراتور تعمیرللندر 5,,,13-Sep-25,397,,,,,,
,"$547,987 ",$21.90 ,,$68.50 ,"AFN 12,279,132","AFN 1,500",پرداخت برای ترمیم جنراتور تعمیرللندر 5,,,14-Sep-25,398,,,,,,
,"$547,998 ",$11.68 ,,$68.50 ,"AFN 12,279,932",AFN 800,پرداخت اجرت مزد دو روزه نورآغا بابت تعمیرللندر5,,,15-Sep-25,399,,,,,,
,"$548,028 ",$29.20 ,,$68.50 ,"AFN 12,281,932","AFN 2,000",خریداری تیل پطرول به موتر کرولا نقره ایی,,,15-Sep-25,400,,,,,,
,"$548,071 ",$42.92 ,,$68.50 ,"AFN 12,284,872","AFN 2,940","خریداری کیبل 3/6 فیوز, سه فاز 32 امپیر به تعمیرللندر5",,,15-Sep-25,401,,,,,,
,"$548,268 ",$197.66 ,,$68.50 ,"AFN 12,298,412","AFN 13,540","خریداری فلنج,کشی فلنج, سرش سلیکان,پیچ کاه دار, نوک پیچکش و توش به تعمیرللندر5",,,15-Sep-25,402,,,,,,
,"$548,332 ",$64.23 ,,$68.50 ,"AFN 12,302,812","AFN 4,400",خریداری آلیژن از جام الکتریک به تعمیرللندر5,,,15-Sep-25,403,,,,,,
,"$548,486 ",$153.28 ,,$68.50 ,"AFN 12,313,312","AFN 10,500",خریداری بست موتروسه فاز به ماشین سیخ قطع کن تعمیرللندر 5,,,15-Sep-25,404,,,,,,
,"$549,165 ",$678.83 ,,$68.50 ,"AFN 12,359,812","AFN 46,500",خریداری چینل المونیمی به نورخطی سیستم نوردهی آپارتمان های للندر 5,,,15-Sep-25,405,,,,,,
,"$549,194 ",$29.20 ,,$68.50 ,"AFN 12,361,812","AFN 2,000",پرداخت برای مصراف غذا انجنران توسط حاجی صبغت الله ,,,16-Sep-25,406,,,,,,
,"$549,296 ",$102.19 ,,$68.50 ,"AFN 12,368,812","AFN 7,000",پرداخت برای محمد سالم بابت سرن نمودن ریگ های زمین دارلامان به تعمیرللندر5,,,,407,,,,,,
,"$549,298 ",$1.90 ,,$68.50 ,"AFN 12,368,942",AFN 130,خریداری تار رجه به تعمیرللندر 5,,,17-Sep-25,408,,,,,,
,"$549,342 ",$43.80 ,,$68.50 ,"AFN 12,371,942","AFN 3,000",خریداری تیل پطرول به موتر لکسس,,,17-Sep-25,409,,,,,,
,"$549,444 ",$102.19 ,,$68.50 ,"AFN 12,378,942","AFN 7,000",پرداخت برای سفر برقی بابت حساب باقیمانده تعمیرگذرگاه للندر 3,,,17-Sep-25,410,,,,,,
,"$549,446 ",$1.75 ,,$68.50 ,"AFN 12,379,062",AFN 120,خریداری اسپری و مارکر به خط اندازی تعمیرللندر5,,,18-Sep-25,411,,,,,,
,"$549,458 ",$12.26 ,,$68.50 ,"AFN 12,379,902",AFN 840,"پرداخت برای کرای موتربه ریاست آبرسانی بابت سه روز,کرای تکسی به کنترول ساختمانها,فوتوکاپی اسناد پل سرخ ,کارت مبایل به رایگان نمودن سیم کارت و خریداری سگرت و لایتر به حاجی صبغت الله توسط معراج ",,,18-Sep-25,412,,,,,,
,"$549,516 ",$58.39 ,,$68.50 ,"AFN 12,383,902","AFN 4,000",پرداخت برای محمد ابراهیم بابت گچ کاری تعمیرللندر5,,,18-Sep-25,413,,,,,,
,"$549,662 ",$145.99 ,,$68.50 ,"AFN 12,393,902","AFN 10,000",پرداخت برای عبدالله بابب خشت کاری و پلسترکاری تعمیرللندر5,,,18-Sep-25,414,,,,,,
,"$550,131 ",$468.61 ,,$68.50 ,"AFN 12,426,002","AFN 32,100","پرداخت برای کاکا بادام گل بابت خریداری خشت اول به تعمیرللندر 5 بل نمبر های 214,215,219",,,18-Sep-25,415,,,,,,
,"$550,218 ",$87.59 ,,$68.50 ,"AFN 12,432,002","AFN 6,000",پیش پرداخت برای ادریس گارد تعمیرللندر 5 بابت ماه سنبله 1404,,,18-Sep-25,416,,,,,,
,"$551,240 ","$1,021.90 ",,$68.50 ,"AFN 12,502,002","AFN 70,000",پرداخت برای نورالدین بابت سیم تابی و قالبکاری تعمیرللندر 5,,,18-Sep-25,417,,,,,,
,"$551,386 ",$145.99 ,,$68.50 ,"AFN 12,512,002","AFN 10,000",پیش پرداخت برای انجنیر وحید الله بابت ماه سنبله 1404,,,18-Sep-25,418,,,,,,
,"$551,968 ",$581.90 ,,$68.50 ,"AFN 12,551,862","AFN 39,860",پرداخت قسط دوم بل خریداری جالی راویز به تعمیرللندر 5,,,18-Sep-25,419,,,,,,
,"$551,997 ",$29.20 ,,$68.50 ,"AFN 12,553,862","AFN 2,000",پیش پرداخت برای شریف الله ولد فیض محمد بابت ماه سنبله 1404,,,20-Sep-25,420,,,,,,
,"$552,128 ",$130.66 ,,$68.50 ,"AFN 12,562,812","AFN 8,950",خریداری تیل دیزل به جنراتور تعمیرللندر 5,,,20-Sep-25,421,,,,,,
,"$552,194 ",$65.69 ,,$68.50 ,"AFN 12,567,312","AFN 4,500",خریداری تیل پطرول به موتر لکسس,,,20-Sep-25,422,,,,,,
,"$552,202 ",$8.03 ,,$68.50 ,"AFN 12,567,862",AFN 550,"خریداری کچالو, پیاز به دفتر",,,20-Sep-25,423,,,,,,
,"$552,441 ",$239.27 ,,$68.50 ,"AFN 12,584,252","AFN 16,390","خریداری مواد خوراکه از قبیل دال نخود, لوبیا, نخود , روغن,بوره,مرچ سیاه,زیره میده,مصاله دیگ,نمک,مایع ظرفشویی و زردچوبه و مرچ سرخ به آشپزخانه کارته سه ",,,20-Sep-25,424,,,,,,
,"$552,448 ",$7.30 ,,$68.50 ,"AFN 12,584,752",AFN 500,"خریداری بوره , لیموو غیره به تعمیرللندر5",,,20-Sep-25,425,,,,,,
,"$552,624 ",$175.18 ,,$68.50 ,"AFN 12,596,752","AFN 12,000",پرداخت معاش شریف الله ولد فیض محمد بابت ماه سنبله 1404,,,21-Sep-25,426,,,,,,
,"$552,629 ",$5.84 ,,$68.50 ,"AFN 12,597,152",AFN 400,خریداری جوس به آمر کنترول ساختمانها بابت امر دو متر افزدی منزل نهم تعمیرللندر5,,,21-Sep-25,427,,,,,,
,"$552,652 ",$22.63 ,,$68.50 ,"AFN 12,598,702","AFN 1,550",خریداری گاز مایع به آشپزخانه دفتر کارته سه ,,,21-Sep-25,428,,,,,,
,"$552,659 ",$7.30 ,,$68.50 ,"AFN 12,599,202",AFN 500,"خریداری بوره ,چای خشک و لیمو به تعمیرللندر5",,,21-Sep-25,429,,,,,,
,"$552,698 ",$38.48 ,,$68.50 ,"AFN 12,601,838","AFN 2,636","خریداری سیخ ولدینگ ,دبل 10 ملی و نت و بولت به تعمیرللندر5",,,21-Sep-25,430,,,,,,
,"$552,701 ",$2.77 ,,$68.50 ,"AFN 12,602,028",AFN 190,"خریداری رومی , کچالو,پیاز,روب, گشنیز و مرچ تازه به دفتر",,,21-Sep-25,431,,,,,,
,"$552,934 ",$233.58 ,,$68.50 ,"AFN 12,618,028","AFN 16,000",پرداخت معاش باقیمانده احمد فرید للندر ولد علاالدین بابت ماه سنبله 1404,,,23-Sep-25,432,,,,,,
,"$552,961 ",$27.15 ,,$68.50 ,"AFN 12,619,888","AFN 1,860",خریداری غذا از رستورانت کفتریا به مهمانان تعمیرللندر 5,,,23-Sep-25,433,,,,,,
,"$553,453 ",$491.97 ,,$68.50 ,"AFN 12,653,588","AFN 33,700",پرداخت برای ساخت model house تعمیرللندر 5,,,23-Sep-25,434,,,,,,
,"$553,499 ",$45.55 ,,$68.50 ,"AFN 12,656,708","AFN 3,120",پرداخت برای مبلایل تبدیلی جنراتور تعمیرللندر 5 ,,,23-Sep-25,435,,,,,,
,"$553,550 ",$51.09 ,,$68.50 ,"AFN 12,660,208","AFN 3,500",خریداری تیل پطرول به موتر لکسس,,,24-Sep-25,436,,,,,,
,"$553,565 ",$14.60 ,,$68.50 ,"AFN 12,661,208","AFN 1,000",خریداری چینج آور به تعمیرللندر5,,,25-Sep-25,437,,,,,,
,"$553,634 ",$69.05 ,,$68.50 ,"AFN 12,665,938","AFN 4,730","پرداخت برای مصارف از تاریخ 21 سپتمبر الی 25 سپتمبر 2025 بابت کرای تکسی و کرای موتر به کنترول ساختمانها, مصارف نان چاشت,فوتوکاپی 4 جلد نقشه ها همراه با نقشه فاضلاب منزل نهم تعمیرللندر5 و رشوه برای مدیره اداری پیاده کنترول ساختمانها بابت منزل نهم تعمیرللندر5",,,25-Sep-25,438,,,,,,
,"$553,946 ",$312.41 ,,$68.50 ,"AFN 12,687,338","AFN 21,400",پرداخت برای کاکا بادام گل بابت خریداری خشت اول به تعمیرللندر5 بل نمبر های 220-221,,,25-Sep-25,439,,,,,,
,"$554,004 ",$58.39 ,,$68.50 ,"AFN 12,691,338","AFN 4,000",پرداخت معاش باقیمانده ادریس ولد دولت بابت ماه سنبله 1404,,,25-Sep-25,440,,,,,,
,"$554,296 ",$291.97 ,,$68.50 ,"AFN 12,711,338","AFN 20,000",پرداخت برای عبدالله بابت خشت کاری و پلستر کاری تعمیرللندر5,,,25-Sep-25,441,,,,,,
,"$554,734 ",$437.96 ,,$68.50 ,"AFN 12,741,338","AFN 30,000",پرداخت برای محمد ابراهیم بابت 20% گچ کاری سه منزل اول تعمیرللندر5,,,25-Sep-25,442,,,,,,
,"$555,114 ",$379.56 ,,$68.50 ,"AFN 12,767,338","AFN 26,000",پرداخت برای نورالدین بابت سیم تابی و قالبکاری تعمیرللندر 5,,,25-Sep-25,443,,,,,,
,"$555,260 ",$145.99 ,,$68.50 ,"AFN 12,777,338","AFN 10,000",پرداخت برای محمد شریف بابت سیستم نلدوانی عمومی تعمیرللندر5,,,25-Sep-25,444,,,,,,
,"$568,379 ","$13,119.00 "," $13,119 ",$68.50 ,"AFN 12,777,338",AFN 0,پرداخت برای شرکت زمزم استیل علی جان بابت خریداری سیخ گول به تعمیرللندر5,,,25-Sep-25,445,,,,,,
,"$568,598 ",$218.98 ,,$68.50 ,"AFN 12,792,338","AFN 15,000",پرداخت برای علی یاور بابت راویز کاری تعمیرللندر 5,,,25-Sep-25,446,براشت های علی یاور الی تاریخ 25 سپتمبر 2025 مبلغ 85000,,,,,
,"$568,729 ",$131.39 ,,$68.50 ,"AFN 12,801,338","AFN 9,000",پرداخت معاش باقیمانده انجنیر وحید الله ولد حبیب الله بابت ماه سنبله 1404,,,25-Sep-25,447,,,,,,
,"$568,753 ",$23.36 ,,$68.50 ,"AFN 12,802,938","AFN 1,600",پرداخت اجرت روز مزد کانکریت ریزی و اموار کاری کانکریت چت منزل هشتم تعمیرللندر5,,,25-Sep-25,448,,,,,,
,"$569,265 ",$512.41 ,,$68.50 ,"AFN 12,838,038","AFN 35,100",پرداخت برای شرکت تولیدی گچ قلب آسیاه بابت خریداری گچ بل نمبر 497 به تعمیرللندر5,,,25-Sep-25,449,,,,,,
,"$569,367 ",$102.19 ,,$68.50 ,"AFN 12,845,038","AFN 7,000",پرداخت برای انجنیر جواد بابت سیستم ویرینگ کاری تعمیرللندر5,,,25-Sep-25,450,,,,,,
,"$569,440 ",$72.99 ,,$68.50 ,"AFN 12,850,038","AFN 5,000",پیش پرداخت برای نعمان بابت ماه سنبله 1404 از درک سیستم سرد کننده تعمیرللندر5 بدست ثابت ,,,25-Sep-25,451,,,,,,
,"$569,640 ",$200.00 , $200.00 ,$68.50 ,"AFN 12,850,038",AFN 0,پرداخت برای آمر کنترول ساختمانها بابت امر ارتفاع منزل نهم تعمیرللندر5,,,25-Sep-25,452,,,,,,
,"$569,855 ",$214.64 ,,$68.50 ,"AFN 12,864,741","AFN 14,703",پرداخت مصرف بل دفتر و واحد های تعمیرکارته سه بابت دوره 5 میترخوانی 1404,,,25-Sep-25,453,,,,,,
,"$569,893 ",$38.12 ,,$68.50 ,"AFN 12,867,352","AFN 2,611",پرداخت بل برق میتر تعمیرللندر5 بابت دوره میترخوانی 5 سال 1404,,,25-Sep-25,454,,,,,,
,"$570,293 ",$400.00 , $400.00 ,$68.50 ,"AFN 12,867,352",AFN 0,پرداخت برای انجنیر شعیب رحمانی بابت دیزائین و تعدیل نقشه استرکچر منزل نهم تعمیرللندر5,,,27-Sep-25,455,,,,,,
,"$570,453 ",$159.85 ,,$68.50 ,"AFN 12,878,302","AFN 10,950",خریداری تیل دیزل به جنراتور تعمیرللندر 5,,,27-Sep-25,456,,,,,,
,"$570,455 ",$2.55 ,,$68.50 ,"AFN 12,878,477",AFN 175,خریداری گاز مایع به تعمیرللندر5,,,29-Sep-25,457,,,,,,
,"$570,499 ",$43.80 ,,$68.50 ,"AFN 12,881,477","AFN 3,000",خریداری تیل پطرول به موتر لکسس,,,29-Sep-25,458,,,,,,
,"$570,501 ",$1.90 ,,$68.50 ,"AFN 12,881,607",AFN 130,خریاری گچ 25 کیلویی به تعمیرللندر5,,,29-Sep-25,459,,,,,,
,"$570,505 ",$3.65 ,,$68.50 ,"AFN 12,881,857",AFN 250,"خریداری دوسیه پلاستیکی ,عریضه سفید و کرای تکسی انتقال مواد از هرات الکریک به تعمیرللندر5",,,29-Sep-25,460,,,,,,
,"$588,205 ","$17,700.00 "," $17,700.00 ",$68.50 ,"AFN 12,881,857",AFN 0,پرداخت تصفیه حساب شرکت ساختمانی آریا ترک بابت کانکریت ریزی تعمیرللندر5,,,29-Sep-25,461,,,,,,
,"$588,397 ",$192.68 ,,$67.47 ,"AFN 12,894,857","AFN 13,000",پرداخت برای کاکا بادام گل توسط روز الدین بابت خریداری ریگ شسته به تعمیرللندر 5 بل نمبر 413,,,1-Oct-25,462,,,,,,
,"$588,416 ",$18.53 ,,$67.47 ,"AFN 12,896,107","AFN 1,250",برداشت شخصی حاجی صبغت الله و پرداخت کرای تکسی مواد نلدوانی شرکت پاور اطلس به تعمیرللندر 5,,,1-Oct-25,463,,,,,,
,"$588,438 ",$22.23 ,,$67.47 ,"AFN 12,897,607","AFN 1,500",پرداخت اجرت مستری بابت ترمیم جنراتور تعمیرللندر 5,,,1-Oct-25,464,,,,,,
,"$588,463 ",$25.20 ,,$67.47 ,"AFN 12,899,307","AFN 1,700",خریاری سیم جستی به تعمیرللندر 5,,,1-Oct-25,465,,,,,,
,"$588,478 ",$14.82 ,,$67.47 ,"AFN 12,900,307","AFN 1,000",خریداری تیل پطرول به موتر کرولا نقره ایی,,,1-Oct-25,466,,,,,,
,"$588,502 ",$23.71 ,,$67.47 ,"AFN 12,901,907","AFN 1,600",پرداخت برای مبلایل تبدیلی جنراتور تعمیرللندر 5 ,,,1-Oct-25,467,,,,,,
,"$588,524 ",$22.23 ,,$67.47 ,"AFN 12,903,407","AFN 1,500",پرداخت برای خریداری هیت به جنراتور تعمیرللندر 5,,,1-Oct-25,468,,,,,,
,"$589,265 ",$741.07 ,,$67.47 ,"AFN 12,953,407","AFN 50,000",پرداخت برای نورالدین بابت سیم تابی و قالبکاری تعمیرللندر 5,,,2-Oct-25,469,,,,,,
,"$589,785 ",$520.23 ,,$67.47 ,"AFN 12,988,507","AFN 35,100",پرداخت برای خریداری گچ سفید به تعمیرللندر 5,,,2-Oct-25,470,,,,,,
,"$589,934 ",$148.21 ,,$67.47 ,"AFN 12,998,507","AFN 10,000",پرداخت معاش هارون ولد فضل الرحمن بابت ماه سنبله 1404,,,2-Oct-25,471,,,,,,
,"$590,092 ",$158.59 ,,$67.47 ,"AFN 13,009,207","AFN 10,700",پرداخت برای کاکا بادام گل توسط روزالدین بابت خریداری خشت اول به تعمیرللندر 5,,,2-Oct-25,472,,,,,,
,"$590,240 ",$148.21 ,,$67.47 ,"AFN 13,019,207","AFN 10,000",پرداخت معاش محمد سرور ولد طالب بابت ماه سنبله 1404,,,2-Oct-25,473,,,,,,
,"$590,685 ",$444.64 ,,$67.47 ,"AFN 13,049,207","AFN 30,000",پرداخت برای محمد ابراهیم بابت گچ خاک چهار منزل تعمیرللندر 5,,,2-Oct-25,474,,,,,,
,"$591,056 ",$370.54 ,,$67.47 ,"AFN 13,074,207","AFN 25,000",پرداخت برای علی یاور بابت راویز کاری الی منزل هفتم تعمیرللندر 5,,,2-Oct-25,475,,,,,,
,"$591,352 ",$296.43 ,,$67.47 ,"AFN 13,094,207","AFN 20,000",پرداخت برای عبدالله بابت خشت کاری و پلستر کاری الی منزل هفتم تعمیرللندر 5,,,2-Oct-25,476,,,,,,
,"$591,426 ",$74.11 ,,$67.47 ,"AFN 13,099,207","AFN 5,000",پیش پرداخت انجنیر وحید الله ولد حبیب الله بابت ماه میزان 1404,,,2-Oct-25,477,,,,,,
,"$592,373 ",$946.64 ,,$67.47 ,"AFN 13,163,077","AFN 63,870","خریداری مواد نلدوانی از شرکت تولیدی وحدت از قبیل کلکتور,وال , پیوند,صندوق , کلمپ و نوار تفلون به تعمیرللندر 5",,,2-Oct-25,478,,,,,,
,"$592,374 ",$1.48 ,,$67.47 ,"AFN 13,163,177",AFN 100,خریداری جین کلفت به تعمیرللندر 5,,,2-Oct-25,479,,,,,,
,"$612,374 ","$20,000.00 "," $20,000 ",$67.00 ,"AFN 13,163,177",AFN 0,پرداختبرای شرکت زمزم استیل علی جان بابت خریداری سیخ گول به تعمیرللندر 5,,,4-Oct-25,480,,,,,,
,"$612,404 ",$29.85 ,,$67.00 ,"AFN 13,165,177","AFN 2,000",خریداری تیل پطرول به موتر ,,,4-Oct-25,481,,,,,,
,"$612,559 ",$155.22 ,,$67.00 ,"AFN 13,175,577","AFN 10,400",خریداری تیل دیزل به جنراتور تعمیرللندر 5,,,4-Oct-25,482,,,,,,
,"$612,578 ",$18.66 ,,$67.00 ,"AFN 13,176,827","AFN 1,250",خریداری تفون مایع به تعمیرللندر 5,,,4-Oct-25,483,,,,,,
,"$612,593 ",$14.93 ,,$67.00 ,"AFN 13,177,827","AFN 1,000",خریداری تیل پطرول به موتر ,,,4-Oct-25,484,,,,,,
,"$612,598 ",$5.07 ,,$67.00 ,"AFN 13,178,167",AFN 340,"خریداری مواد خوراکه از قبیل برنج ,خلال زردک و مصاله برنج ",,,4-Oct-25,485,,,,,,
,"$612,605 ",$7.46 ,,$67.00 ,"AFN 13,178,667",AFN 500,خریداری گوشت گوساله ,,,4-Oct-25,486,,,,,,
,"$612,619 ",$13.73 ,,$67.00 ,"AFN 13,179,587",AFN 920,خریداری شکاستیب و توش به دفتر للندر5,,,4-Oct-25,487,,,,,,
,"$612,624 ",$5.07 ,,$67.00 ,"AFN 13,179,927",AFN 340,"خریداری برس جاروب ,قفل مزاری به دفترللندر 5",,,5-Oct-25,488,,,,,,
,"$617,074 ","$4,450.00 "," $4,450.00 ",$67.00 ,"AFN 13,179,927",AFN 0,پرداخت برای خریداری 35 تن سمنت چرات به تعمیرللندر 5 توسط حاجی صبغت الله فی انت از قرار 130 $ دالر امریکایی و مبلغ 100$ پیش پرداخت گردیده بود,,,5-Oct-25,489,,,,,,
,"$618,973 ","$1,898.93 ",,$67.00 ,"AFN 13,307,155","AFN 127,228",پرداخت برای فروشگاه حاجی زاده پاور اطلس بابت خریداری مواد نلدوانی به تعمیرللندر 5 بابت بل نمبر های 364 -365- 366- 367,,,6-Oct-25,490,,,,,,
,"$619,013 ",$39.90 ,,$67.00 ,"AFN 13,309,828","AFN 2,673",پرداخت برای خبازی عبدالمطلب بابت خریداری نان خشک به دفتر تعمیر للندر 5,,,6-Oct-25,491,,,,,,
,"$619,081 ",$67.43 ,,$67.00 ,"AFN 13,314,346","AFN 4,518",پرداخت برای خبازی عبدالمطلب بابت خریداری نان خشک به  تعمیر للندر 5,,,6-Oct-25,492,,,,,,
,"$619,088 ",$7.46 ,,$67.00 ,"AFN 13,314,846",AFN 500,خریداری تیل دیزل به تعمیرللندر 5,,,6-Oct-25,493,,,,,,
,"$619,240 ",$152.15 ,,$67.00 ,"AFN 13,325,040","AFN 10,194",پرداخت برای نعمان ولد عصمت الله بابت سیستم سرد کننده تعمیرللندر 5 الی اخیر ماه سنبله 1404 مکمل تصفیه حساب گردیده از ماه میزان به بعد شامل راپور معاشات میگردد,,,7-Oct-25,494,,,,,,
,"$624,553 ","$5,313.07 ",,$66.20 ,"AFN 13,676,765","AFN 351,725","پرداخت برای کاکا بادام گل بدست روز الدین بابت خریداری بل های خریداری مواد ساختمانی ,انتقال اموال و غیره به تعمیرللندر 5 (نوت: مبلغ هذا از فروش یک عراده موتر کرولا 2014 مجرا گرفته شده است )",,,8-Oct-25,495,,,,,,
,"$625,069 ",$515.41 ,,$66.20 ,"AFN 13,710,885","AFN 34,120","پرداخت برای کاکا بادام گل بدست روز الدین بابت خریداری بل های متفرقه به زمین گلباغ , باغ قاضی و تعمیرگذرگاه و خانه گذرگاه (نوت مبلغ هذا از فروش یک عراده موتر کرولا 2014 مجرا گرفته شده است)",,,8-Oct-25,496,,,,,,
,"$626,234 ","$1,165.79 ",,$66.20 ,"AFN 13,788,060","AFN 77,175",پرداخت برای کاکا بادام گل توسط روز الدین بابت کندن کاری تعمیرللندر 5 (نوت: مبلغ هذا از فروش یک عراده موتر کرولا 2014 مجرا گرفته شده است),,,8-Oct-25,497,,,,,,
,"$626,283 ",$48.34 ,,$66.20 ,"AFN 13,791,260","AFN 3,200",خریدایر گوشک به سیستم سرد کننده تعمیرللندر 5,,,8-Oct-25,498,,,,,,
,"$626,404 ",$121.60 ,,$66.20 ,"AFN 13,799,310","AFN 8,050",خریداری گوشک و نت و بولت 21 به سیستم سرد کننده تعمیرللندر 5,,,8-Oct-25,499,,,,,,
,"$626,556 ",$151.77 ,,$65.89 ,"AFN 13,809,310","AFN 10,000",پرداخت برای محمد شریف بابت سیستم نلدوانی عمومی تعمیرللندر5,,,9-Oct-25,500,,,,,,
,"$626,632 ",$75.88 ,,$65.89 ,"AFN 13,814,310","AFN 5,000",برداشت انجنیر وحید الله صدیقی ولد حبیب الله بابت ماه میزان 1404,,,9-Oct-25,501,,,,,,
,"$626,738 ",$106.24 ,,$65.89 ,"AFN 13,821,310","AFN 7,000",پرداخت برای محمد جواد بابت سیستم مکمل برق و ویرینگ کاری تعمیرللندر 5,,,9-Oct-25,502,,,,,,
,"$626,890 ",$151.77 ,,$65.89 ,"AFN 13,831,310","AFN 10,000",پرداخت برای محمد ابراهیم بابت گچ کاری مکمل و سفید کاری تعمیرللندر 5,,,9-Oct-25,503,,,,,,
,"$627,952 ","$1,062.38 ",,$65.89 ,"AFN 13,901,310","AFN 70,000",پرداخت برای نورالدین بابت سیستم تابی و قالبکاری تعمیرللندر 5 منزل هشتم و نهم ,,,9-Oct-25,504,,,,,,
,"$628,043 ",$91.06 ,,$65.89 ,"AFN 13,907,310","AFN 6,000",پیش پرداخت برای زین الله بابت ماه میزان 1404,,,9-Oct-25,505,,,,,,
,"$628,210 ",$166.94 ,,$65.89 ,"AFN 13,918,310","AFN 11,000",پیش پرداخت برای فرید للندر بابت ماه میزان 1404,,,9-Oct-25,506,,,,,,
,"$628,218 ",$7.59 ,,$65.89 ,"AFN 13,918,810",AFN 500,پرداخت برای فرید للندر بخاطرخریداری کارت مبایل به رایگان نمودن سیم کارت ,,,9-Oct-25,507,,,,,,
,"$629,113 ",$895.43 ,,$65.89 ,"AFN 13,977,810","AFN 59,000",خریداری مواد ضد نم از شرکت ایزومات به کانکریت ریزی چت منزل نهم تعمیرللندر 5 به تعداد 20 بوشکه ,,,9-Oct-25,508,,,,,,
,"$629,151 ",$37.18 ,,$65.89 ,"AFN 13,980,260","AFN 2,450",خریدایر قطعی 4*4 به سویچ و ساکت های تعمیرللندر 5,,,11-Oct-25,509,,,,,,
,"$629,156 ",$5.16 ,,$65.89 ,"AFN 13,980,600",AFN 340,"خریداری میخ فولادی میخ 4"" ومیخ 3"" به تعمیرللندر 5",,,12-Oct-25,510,,,,,,
,"$629,163 ",$7.44 ,,$65.89 ,"AFN 13,981,090",AFN 490,"خریداری مایع ظرفشویی , بوره و چای سبز به تعمیرللندر 5",,,12-Oct-25,511,,,,,,
,"$634,419 ","$5,256.00 "," $5,256.00 ",$65.89 ,"AFN 13,981,090",AFN 0,پرداخت برای خریداری 36 تن سمنت عسکری به تعمیرللندر 5 فی تن از قرار 146$ دالرامریکایی ,,,13-Oct-25,512,,,,,,
,"$634,495 ",$75.88 ,,$65.89 ,"AFN 13,986,090","AFN 5,000",خریداری تیل پطرول به متر لکسس ,,,13-Oct-25,513,,,,,,
,"$634,503 ",$7.59 ,,$65.89 ,"AFN 13,986,590",AFN 500,خریداری تیل پطرول به موتر کرولا نقره ایی,,,13-Oct-25,514,,,,,,
,"$634,674 ",$170.89 ,,$65.89 ,"AFN 13,997,850","AFN 11,260",خریداری تیل دیزل به جنراتور تعمیرللندر 5,,,13-Oct-25,515,,,,,,
,"$634,706 ",$32.78 ,,$65.89 ,"AFN 14,000,010","AFN 2,160",پرداخت برای اجرت تخلیه 720 خریطه سمنت خریداری شده به تعمیرللندر 5,,,13-Oct-25,516,,,,,,
,"$634,828 ",$122.17 ,,$65.89 ,"AFN 14,008,060","AFN 8,050","خریداری پرده سبز , سیم جستی , دستکش , پل چرخ و پل برمه به تعمیرللندر 4","AFN 45,943",,13-Oct-25,517,,,,,,
,"$635,527 ",$698.13 ,,$65.89 ,"AFN 14,054,060","AFN 46,000","پرداخت برای کاکا بادام توسط روز الدین بابت خریداری خاک غربیل شده,جغل بادامی ,ریگ شسته و خشت اول به تعمیرللندر5 بل نمبر های 222-223-224-226-228-229",,,14-Oct-25,518,,,,,,
,"$635,623 ",$96.83 ,,$65.89 ,"AFN 14,060,440","AFN 6,380","خریداری قرطاسیه از قبیل , دوسیه , قلم , پلاستیک شیت ,کاغذ A4,کاتریچ پرنتر,استپلر,تاپه,کهاته کرای کراچی و کرای تکسی به دفتر",,,14-Oct-25,519,,,,,,
,"$636,208 ",$584.58 ,,$65.89 ,"AFN 14,098,958","AFN 38,518",پرداخت تعرفه 33 متر جایداد دولتی تعمیرباغ قاضی بابت ماه میزان 1404,,,14-Oct-25,520,,,,,,
,"$636,586 ",$377.90 ,,$65.89 ,"AFN 14,123,858","AFN 24,900",پرداخت برای شرکت هرات الکتریک بابت خریداری بل نمبر 1934 . 3923 به تعمیرللندر 5,,,14-Oct-25,521,,,,,,
,"$637,642 ","$1,055.81 ",,$66.30 ,"AFN 14,193,858","AFN 70,000",پرداخت برای علی داد مکسر کار بابت کانکریت ریزی چت منزل نهم تعمیرللندر 5 و تصفیه حساب مکمل ,,,15-Oct-25,522,,,,,,
,"$638,272 ",$630.65 ,,$66.40 ,"AFN 14,235,733","AFN 41,875",پرداخت برای کاکا بادام گل توسط روزالدین بابت تصفیه مکمل کندن کاری تهکوی تعمیرللندر 5,,,15-Oct-25,523,,,,,,
,"$648,272 ","$10,000.00 "," $10,000 ",$66.40 ,"AFN 14,235,733",AFN 0,پرداخت برای شرکت زمزم استیل علی جان بابت خریداری سیخ گول به تعمیرللندر5,,,16-Oct-25,524,,,,,,
,"$648,348 ",$75.30 ,,$66.40 ,"AFN 14,240,733","AFN 5,000",پرداخت برای انجنیر وحید الله صدیقی ولد حبیب الله بابت ماه میزان 1404,,,16-Oct-25,525,,,,,,
,"$648,876 ",$528.61 ,,$66.40 ,"AFN 14,275,833","AFN 35,100",پرداخت برای شرکت تولیدی گچ قلب آسیاه بابت بل نمبر 545 به تعمیرللندر 5,,,16-Oct-25,526,,,,,,
,"$649,102 ",$225.90 ,,$66.40 ,"AFN 14,290,833","AFN 15,000",پرداخت برای محمد ابراهیم بابت گچ کاری تعمیرللندر 5,,,16-Oct-25,527,,,,,,
,"$649,253 ",$150.60 ,,$66.40 ,"AFN 14,300,833","AFN 10,000",پرداخت برای علی یاور بابت راویز کاری تعمیرللندر 5,,,16-Oct-25,528,,,,,,
,"$649,554 ",$301.20 ,,$66.40 ,"AFN 14,320,833","AFN 20,000",پرداخت برای نورالدین بابت سیم تابی و قالبکاری تعمیرللندر 5 بدست عزیز الله,,,16-Oct-25,529,,,,,,
,"$649,705 ",$150.60 ,,$66.40 ,"AFN 14,330,833","AFN 10,000",پیش پرداخت برای شریف الله ولد فیض الله بابت ماه میزان 1404,,,16-Oct-25,530,,,,,,
,"$649,855 ",$150.60 ,,$66.40 ,"AFN 14,340,833","AFN 10,000",پرداخت برای عبدالله بابت خشت کاری و پلستر کاری تعمیرللندر5,,,16-Oct-25,531,,,,,,
,"$650,857 ","$1,001.51 ",,$66.40 ,"AFN 14,407,333","AFN 66,500",پرداخت برای فروشگاه مواد تعمیراتی و تخنیکی سید حسن موسوی بابت خریداری Black steel به سیستم مرکز گرمی تعمیرللندر 5 از خرید بل نمبر 491,,,16-Oct-25,532,,,,,,
,"$650,859 ",$2.41 ,,$66.40 ,"AFN 14,407,493",AFN 160,خریداری مصاله بریانی و زردچوبه به تعمیرللندر 5,,,16-Oct-25,533,,,,,,
,"$650,860 ",$0.90 ,,$66.40 ,"AFN 14,407,553",AFN 60,خریداری دالنخود به تعمیرللندر 5,,,16-Oct-25,534,,,,,,
,"$650,869 ",$9.04 ,,$66.40 ,"AFN 14,408,153",AFN 600,پرداخت کرای موتر مواد Black steel به تعمیرللندر 5,,,16-Oct-25,535,,,,,,
,"$650,875 ",$6.17 ,,$66.40 ,"AFN 14,408,563",AFN 410,خریداری تیل پطرول به موتر ,,,16-Oct-25,536,,,,,,
,"$650,919 ",$44.13 ,,$66.40 ,"AFN 14,411,493","AFN 2,930","خریداری نت و بولت , سنگ چرخ و سیخ ولدینگ به تعمیرللندر 5",,,16-Oct-25,537,,,,,,
,"$650,995 ",$75.30 ,,$66.40 ,"AFN 14,416,493","AFN 5,000",پیش پرداخت برای احمد فرید للندر بابت ماه میزان 1404,,,16-Oct-25,538,,,,,,
,"$651,151 ",$156.17 ,,$66.40 ,"AFN 14,426,863","AFN 10,370",خریداری تیل دیزل به جنراتور تعمیرللندر 5,,,18-Oct-25,539,,,,,,
,"$651,203 ",$52.11 ,,$66.40 ,"AFN 14,430,323","AFN 3,460",خریداری سامی به سایز های مختلف از شرکت بلک استیل به تعمیرللندر 5,,,19-Oct-25,540,,,,,,
,"$651,204 ",$1.51 ,,$66.40 ,"AFN 14,430,423",AFN 100,"خریداری پل 4"" برای برش کاری به تعمیرللندر 5",,,19-Oct-25,541,,,,,,
,"$651,216 ",$11.30 ,,$66.40 ,"AFN 14,431,173",AFN 750,خریداری تخته آهنی به تعمیرللندر 5,,,19-Oct-25,542,,,,,,
,"$651,276 ",$60.24 ,,$66.40 ,"AFN 14,435,173","AFN 4,000",خریداری تیل پطرول به موتر هایلکس تعمیرللندر5,,,19-Oct-25,543,,,,,,
,"$651,307 ",$30.77 ,,$66.40 ,"AFN 14,437,216","AFN 2,043",پرداخت خبازی عبدالمطلب بابت خریداری نان خشک به تعمیرللندر 5,,,19-Oct-25,544,,,,,,
,"$651,352 ",$45.18 ,,$66.40 ,"AFN 14,440,216","AFN 3,000","پرداخت برای مبلایل تبدیلی , خرید فلترمبلایل , فلتر تیل به جنراتور تعمیرللندر 5",,,19-Oct-25,545,,,,,,
,"$651,358 ",$5.72 ,,$66.40 ,"AFN 14,440,596",AFN 380,خریداری بوره و چای خشک به تعمیرللندر 5,,,19-Oct-25,546,,,,,,
,"$651,448 ",$90.36 ,,$66.40 ,"AFN 14,446,596","AFN 6,000",پرداخت برای احمد سالم بابت سرن کاری ریگ های زمین دارالامان به تعمیرللندر 5,,,20-Oct-25,547,,,,,,
,"$651,471 ",$22.59 ,,$66.40 ,"AFN 14,448,096","AFN 1,500",پرداخت کرای موتر بابت خرید کاشی به تعیمرللندر 5,,,20-Oct-25,548,,,,,,
,"$651,486 ",$15.06 ,,$66.40 ,"AFN 14,449,096","AFN 1,000",خریداری تیل پطرول به موتر فرونر بخاطر استفاده دفتر ,,,21-Oct-25,549,,,,,,
,"$652,566 ","$1,080.00 "," $1,080.00 ",$66.40 ,"AFN 14,449,096",AFN 0,پرداخت برای شرکت تولیدی فراژ آژمان بابت خریداری کاک سقفی به تعمیرللندر 5,,,21-Oct-25,550,,,,,,
,"$652,573 ",$7.53 ,,$66.40 ,"AFN 14,449,596",AFN 500,پیش پرداخت برای زین الله بابت ماه عقرب 1404,,,21-Oct-25,551,,,,,,
,"$652,716 ",$142.92 ,,$66.40 ,"AFN 14,459,086","AFN 9,490",خریداری چسپ سنگ و مواد کاشی کاری به تعمیرللندر 5 از شرکت کابل ترید,,,22-Oct-25,552,,,,,,
,"$652,740 ",$23.54 ,,$66.40 ,"AFN 14,460,649","AFN 1,563",پرداخت به مصرف بل برق میتر های تعمیرللندر 5 بابت ماه سنبله 1404,,,22-Oct-25,553,,,,,,
,"$652,747 ",$7.68 ,,$66.40 ,"AFN 14,461,159",AFN 510,"خریداری مواد ضد زنگ , برس و غیره به تعمیرللندر 5",,,22-Oct-25,554,,,,,,
,"$652,772 ",$24.55 ,,$66.40 ,"AFN 14,462,789","AFN 1,630",خریداری روغن جامد 16 کیلویی به آشپزخانه بابت تعمیرللندر 5,,,22-Oct-25,555,,,,,,
,"$652,921 ",$148.70 ,,$66.40 ,"AFN 14,472,663","AFN 9,874",پرداخت بل های برق دفتر و خانه های کارته سه بابت ماه سنبله 1404,,,22-Oct-25,556,,,,,,
,"$653,069 ",$148.27 ,,$66.30 ,"AFN 14,482,493","AFN 9,830",خریداری تیل دیزل به جنراتور تعمیرللندر 5,,,23-Oct-25,557,,,,,,
,"$653,072 ",$3.02 ,,$66.30 ,"AFN 14,482,693",AFN 200,خریداری کیک ساده به مهمانان للندر 5,,,23-Oct-25,558,,,,,,
,"$653,102 ",$30.17 ,,$66.30 ,"AFN 14,484,693","AFN 2,000",پرداخت برای فروشگاه تعمیراتی و تخنیکی سید حسن موسوی بابت خریداری بلک استیل به سیستم مرکزگرمی تعمیرللندر 5 بدون بل توسط حاجی عاشق الله ,,,23-Oct-25,559,,,,,,
,"$653,253 ",$150.83 ,,$66.30 ,"AFN 14,494,693","AFN 10,000",پرداخت برای عبدالله بابت خشت کاری و پلستر کاری تعمیرللندر5,,,23-Oct-25,560,,,,,,
,"$653,260 ",$7.54 ,,$66.30 ,"AFN 14,495,193",AFN 500,پرداخت برای انجنیر وحید الله بابت خریداری کارت مبایل به فعال نمودن انترنت ,,,23-Oct-25,561,,,,,,
,"$653,336 ",$75.41 ,,$66.30 ,"AFN 14,500,193","AFN 5,000",پرداخت برای محمد شریف بابت سیستم نلدوانی عمومی تعمیرللندر5,,,23-Oct-25,562,,,,,,
,"$653,487 ",$150.83 ,,$66.30 ,"AFN 14,510,193","AFN 10,000",پرداخت معاش باقیمانده وحید الله ولد حبیب الله بابت ماه میزان 1404,,,23-Oct-25,563,,,,,,
,"$653,713 ",$226.24 ,,$66.30 ,"AFN 14,525,193","AFN 15,000",پیش پرداخت برای رسول نظری بابت شفته کاری و کاشی کاری تعمیرللندر 5,,,23-Oct-25,564,,,,,,
,"$653,864 ",$150.83 ,,$66.30 ,"AFN 14,535,193","AFN 10,000",پرداخت معاش ادریس ولد دولت بابت ماه میزان 1404,,,23-Oct-25,565,,,,,,
,"$668,864 ","$15,000.00 "," $15,000 ",$66.30 ,"AFN 14,535,193",AFN 0,پرداخت برای شرکت زمزم استیل علی جان بابت خریداری سیخ گول به تعمیرللندر5,,,23-Oct-25,566,,,,,,
,"$669,482 ",$618.40 ,,$66.30 ,"AFN 14,576,193","AFN 41,000",پرداخت برای شرکت تولیدی گچ قلب آسیا بابت خریداری گچ به تعمیرللندر 5,,,23-Oct-25,567,,,,,,
,"$671,060 ","$1,577.68 ",,$66.30 ,"AFN 14,680,793","AFN 104,600",پرداخت برای کاکا بادام گل توسط روز الدین بابت خریداری ریگ شسته و جغل بادامی به تعمیرللندر 5 بل نمبر های 230-231-232-233-234-235-236-237-238-239-240-241-242-243-244-245-246-247-248-249-250,,,23-Oct-25,568,,,,,,
,"$671,814 ",$754.15 ,,$66.30 ,"AFN 14,730,793","AFN 50,000",پرداخت برای نورالدین بابت سیم تابی و قالبکاری منزل نهم تعمیرللندر 5,,,23-Oct-25,569,,,,,,
,"$672,795 ",$980.69 ,,$66.30 ,"AFN 14,795,813","AFN 65,020",پرداخت برای فروشگاه تعمیراتی و تخنیکی سید حسن موسوی بابت خریداری بلک استیل به سیستم مرکزگرمی تعمیرللندر 5 ,,,23-Oct-25,570,,,,,,
,"$672,840 ",$44.98 ,,$66.70 ,"AFN 14,798,813","AFN 3,000",خریداری تیل پطرول به موتر لکسس,,,29-Oct-25,571,,,,,,
,"$672,843 ",$3.00 ,,$66.70 ,"AFN 14,799,013",AFN 200,خریداری پیچ نوکه برمه به تعمیرللندر 5,,,29-Oct-25,572,,,,,,
,"$672,933 ",$89.96 ,,$66.70 ,"AFN 14,805,013","AFN 6,000",پرداخت معاش باقیمانده احمد فرید للندر ولد علاالدین بابت ماه میزان 1403,,,29-Oct-25,573,,,,,,
,"$672,940 ",$7.50 ,,$66.70 ,"AFN 14,805,513",AFN 500,پیش پرداخت برای ادریس ولد دولت چوکیدار بابت ماه عقرب 1404 تعمیرللندر5,,,29-Oct-25,574,,,,,,
,"$673,015 ",$75.08 ,,$66.60 ,"AFN 14,810,513","AFN 5,000",پیش پرداخت برای فرید للندر بابت ماه عقرب 1404,,,30-Oct-25,575,,,,,,
,"$673,105 ",$90.09 ,,$66.60 ,"AFN 14,816,513","AFN 6,000",پیش پرداخت برای زین الله ولد محمد ظاهر بابت ماه عقرب 1404,,,30-Oct-25,576,,,,,,
,"$673,108 ",$3.00 ,,$66.60 ,"AFN 14,816,713",AFN 200,خریداری چای سبز به تعمیرللندر 5,,,30-Oct-25,577,,,,,,
,"$673,214 ",$105.78 ,,$66.60 ,"AFN 14,823,758","AFN 7,045","خریداری گرد بر به سایز های مختلف ,ریگمال,صفحه چسپ و غیره به تعمیرللندر 5",,,30-Oct-25,578,,,,,,
,"$673,830 ",$615.62 ,,$66.60 ,"AFN 14,864,758","AFN 41,000",پرداخت برای شرکت تولیدی گچ قلب آسیاه بابت تعمیرللندر 5,,,30-Oct-25,579,,,,,,
,"$673,905 ",$75.08 ,,$66.60 ,"AFN 14,869,758","AFN 5,000",پیش پرداخت برای شریف الله ولد فیض محمد بابت ماه عقرب 1405,,,30-Oct-25,580,,,,,,
,"$673,965 ",$60.06 ,,$66.60 ,"AFN 14,873,758","AFN 4,000",پرداخت معاش زین الله ولد محمد ظاهر بابت ماه عقرب 1404,,,30-Oct-25,581,,,,,,
,"$674,115 ",$150.15 ,,$66.60 ,"AFN 14,883,758","AFN 10,000",پرداخت معاش محمد سرور ولد طالب بابت ماه میزان 1404,,,30-Oct-25,582,,,,,,
,"$675,210 ","$1,094.59 ",,$66.60 ,"AFN 14,956,658","AFN 72,900",پرداخت برای کاکا بادام توسط روزالدین بابت خریداری مواد ساختمانی به تعمیرللندر 5 از قبیل جغل بادامی و ریگ شسته ,,,30-Oct-25,583,,,,,,
,"$677,064 ","$1,854.76 ",,$66.60 ,"AFN 15,080,185","AFN 123,527",پرداخت برای نورالدین و تصفیه حساب مکمل قالبکاری و سیم تابی های تعمیرللندر 5 ,,,30-Oct-25,584,,,,,,
,"$677,104 ",$39.64 ,,$66.60 ,"AFN 15,082,825","AFN 2,640",خریداری پلیت 30/30 به تعمیرللندر 5,,,30-Oct-25,585,,,,,,
,"$677,110 ",$5.71 ,,$66.60 ,"AFN 15,083,205",AFN 380,خریداری پتره و گوتک به تعمیرللندر 5,,,30-Oct-25,586,,,,,,
,"$677,191 ",$81.08 ,,$66.60 ,"AFN 15,088,605","AFN 5,400",خریداری پتره و گوتک به تعمیرللندر 5,,,30-Oct-25,587,,,,,,
,"$677,221 ",$30.78 ,,$66.60 ,"AFN 15,090,655","AFN 2,050",خریداری سیم جستی و دستکش به تعمیرللندر 5,,,30-Oct-25,588,,,,,,
,"$677,252 ",$30.78 ,,$66.60 ,"AFN 15,092,705","AFN 2,050",خریداری دستکش به تعمیرللندر 5,,,30-Oct-25,589,,,,,,
,"$677,296 ",$43.54 ,,$66.60 ,"AFN 15,095,605","AFN 2,900",خریداری مواد کاشی کاری به تعمیرللندر 5 ,,,30-Oct-25,590,,,,,,
,"$677,304 ",$8.56 ,,$66.60 ,"AFN 15,096,175",AFN 570,"پرداخت برای مصارفات عبدالرحیم کرای موتر رفت و برگشت به صدور مجوز , شهر نو و غیره از تاریخ 24 اکتوبر الی 30 نوامبر 20205",,,30-Oct-25,591,,,,,,
,"$679,079 ","$1,775.00 "," $1,775.00 ",$66.60 ,"AFN 15,096,175",AFN 0,پرداخت برای شرکت تولیدی مواد ساختمانی فراز آژمان بابت خریداری کاک سقفی به تعمیرللندر 5,,,30-Oct-25,592,,,,,,
,"$679,154 ",$75.08 ,,$66.60 ,"AFN 15,101,175","AFN 5,000",پیش پرداخت برای انجنیر وحید الله بابت ماه عقرب 1404,,,1-Nov-25,593,,,,,,
,"$679,305 ",$150.15 ,,$66.60 ,"AFN 15,111,175","AFN 10,000",پرداخت معاش هارون ولد فضل الرحمن بابت ماه میزان 1404,,,1-Nov-25,594,,,,,,
,"$687,515 ","$8,210.00 "," $8,210 ",$66.70 ,"AFN 15,111,175",AFN 0,پرداخت و تصفیه حساب شرکت ساختمانی آریا ترک بابت خریداری کانکریت به تعمیرللندر5,,,1-Nov-25,595,,,,,,
,"$687,525 ",$10.00 ,,$66.70 ,"AFN 15,111,842",AFN 667,پرداخت معاش هارون ولد فیض محمد بابت ماه قوس 1404,,,1-Nov-25,596,,,,,,
,"$687,550 ",$25.60 ,,$66.40 ,"AFN 15,113,542","AFN 1,700",خریداری سیم جستی به تعمیرللندر 5,,,3-Nov-25,597,,,,,,
,"$687,660 ",$109.34 ,,$66.40 ,"AFN 15,120,802","AFN 7,260","خریداری سیخ ولدینگ , پل کتر, رجه کلان و تایر و توب و ویل به کراچی تعمیرللندر 5",,,3-Nov-25,598,,,,,,
,"$688,753 ","$1,093.37 ",,$66.40 ,"AFN 15,193,402","AFN 72,600",پرداخت برای فروشگاه اطلس پاور بابت خریداری مواد نلدوانی به تعمیرللندر 5,,,3-Nov-25,599,,,,,,
,"$688,759 ",$6.02 ,,$66.40 ,"AFN 15,193,802",AFN 400,خریداری گلگل موتر به تعمیرللندر5,,,3-Nov-25,600,,,,,,
,"$688,959 ",$200.30 ,,$66.40 ,"AFN 15,207,102","AFN 13,300",پیش پرداخت برای فرید للندر بابت ماه عقرب 1404,,,4-Nov-25,601,,,,,,
,"$688,974 ",$15.06 ,,$66.40 ,"AFN 15,208,102","AFN 1,000",پیش پرداخت برای ادریس ولد دولت چوکیدار بابت ماه عقرب 1404 تعمیرللندر5,,,4-Nov-25,602,,,,,,
,"$688,980 ",$5.27 ,,$66.40 ,"AFN 15,208,452",AFN 350,خریداری غرغره کلان به تعمیرللندر 5,,,4-Nov-25,603,,,,,,
,"$688,985 ",$5.42 ,,$66.40 ,"AFN 15,208,812",AFN 360,خریداری دستکش و سنگ کتر به تعمیرللندر 5,,,4-Nov-25,604,,,,,,
,"$689,035 ",$49.70 ,,$66.40 ,"AFN 15,212,112","AFN 3,300",خریداری جالی 5 ملی به تعمیرللندر 5,,,4-Nov-25,605,,,,,,
,"$689,045 ",$10.05 ,,$66.40 ,"AFN 15,212,779",AFN 667,پرداخت معاش قیس ولد عبدالمجید بابت 2 روزه ماه میزان 1404,,,4-Nov-25,606,,,,,,
,"$689,100 ",$55.23 ,,$66.40 ,"AFN 15,216,446","AFN 3,667",پرداخت معاش قیس ولد عبدالمجید بابت 11 روزه ماه عقرب 1404,,,4-Nov-25,607,,,,,,
,"$689,937 ",$837.00 , $837.00 ,$66.40 ,"AFN 15,216,446",AFN 0,پرداخت برای خریداری یک تن سیخ گول 8 ملی به تعمیرللندر 5,,,4-Nov-25,608,,,,,,
,"$689,947 ",$10.05 ,,$66.40 ,"AFN 15,217,113",AFN 667,پرداخت معاش سهراب ولد درمحمد بابت 2 روزه ماه میزان 1404 درتعمیرللندر5,,,4-Nov-25,609,,,,,,
,"$690,005 ",$57.50 ,,$66.40 ,"AFN 15,220,931","AFN 3,818",پرداخت معاش سهراب ولد درمحمد بابت 11.5 روزه ماه عقرب 1404 درتعمیرللندر5,,,4-Nov-25,610,,,,,,
,"$690,018 ",$13.78 ,,$66.40 ,"AFN 15,221,846",AFN 915,پرداخت تعرفه صفایی جایداد تعمیرللندر 5 بابت سال 1404,,,5-Nov-25,611,,,,,,
,"$690,034 ",$15.41 ,,$66.60 ,"AFN 15,222,872","AFN 1,026",پرداخت برای خبازی عبدالمطلب بابت خریداری نان خشک به دفتر تعمیر للندر 5,,,5-Nov-25,612,,,,,,
,"$690,130 ",$95.95 ,,$66.60 ,"AFN 15,229,262","AFN 6,390",پرداخت برای خبازی عبدالمطلب بابت خریداری نان خشک به تعمیرللندر 5,,,5-Nov-25,613,,,,,,
,"$690,132 ",$2.70 ,,$66.60 ,"AFN 15,229,442",AFN 180,خریداری گاز مایع به دفتر به تعمیرللندر 5,,,5-Nov-25,614,,,,,,
,"$690,135 ",$3.00 ,,$66.60 ,"AFN 15,229,642",AFN 200,خریداری گاز مایع به دفتر به تعمیرللندر 5,,,5-Nov-25,615,,,,,,
,"$690,286 ",$150.30 ,,$66.60 ,"AFN 15,239,652","AFN 10,010",خریداری تیل پطرول به جنراتور تعمیرللندر 5,,,5-Nov-25,616,,,,,,
,"$690,331 ",$45.05 ,,$66.60 ,"AFN 15,242,652","AFN 3,000","خریداری مبلایل , فلتر مبلایل و فلتر تیل به جنراتور تعمیرللندر5",,,5-Nov-25,617,,,,,,
,"$690,679 ",$348.12 ,,$66.60 ,"AFN 15,265,837","AFN 23,185","خریداری مواد خوراکه از قبیل , برنج , روغن , لوبیا,دال , نخود,روب , بوره , مایع ظرفشویی ,نمک,زیره میده,مرچ سیاه, سیمک ظرفشویی به تعمیرللندر5",,,5-Nov-25,618,,,,,,
,"$692,679 ","$2,000.00 ",,$66.60 ,"AFN 15,399,037","AFN 133,200",پرداخت قسط اول برای شرکت تولیدی اتحاد بابت خریداری مواد مرکزگرمی به تعمیرللندر 5 از مجموع بل نمبر 790 ,,,5-Nov-25,619,,,,,,
,"$692,689 ",$10.53 ,,$66.50 ,"AFN 15,399,737",AFN 700,خریداری دبل 10ملی و متر اصلی به تعمیرللندر 5,,,6-Nov-25,620,,,,,,
,"$693,810 ","$1,120.30 ",,$66.50 ,"AFN 15,474,237","AFN 74,500",خریداری تخته خوازه به تعمیرللندر 5,,,6-Nov-25,621,,,,,,
,"$693,823 ",$13.83 ,,$66.50 ,"AFN 15,475,157",AFN 920,"خریداری سیخ 3 ملی , سنگ پالش به تعمیرللندر 5",,,6-Nov-25,622,,,,,,
,"$693,862 ",$38.65 ,,$66.50 ,"AFN 15,477,727","AFN 2,570",خریداری قطعی پاکستانی 4/4 به نصب سویچ و ساکت تعمیر للندر 5,,,6-Nov-25,623,,,,,,
,"$693,865 ",$3.01 ,,$66.50 ,"AFN 15,477,927",AFN 200,خریداری نوک پیچکش به تعمیرللندر 5,,,6-Nov-25,624,,,,,,
,"$693,890 ",$24.81 ,,$66.50 ,"AFN 15,479,577","AFN 1,650",خریداری سیم جستی به تعمیرللندر 5,,,6-Nov-25,625,,,,,,
,"$693,918 ",$28.33 ,,$66.50 ,"AFN 15,481,461","AFN 1,884",خریداری گردبر به سایز های مختلف به تعمیرللندر 5,,,6-Nov-25,626,,,,,,
,"$693,948 ",$30.08 ,,$66.50 ,"AFN 15,483,461","AFN 2,000",خریداری تیل پطرول به موتر لکسس,,,6-Nov-25,627,,,,,,
,"$693,963 ",$15.04 ,,$66.50 ,"AFN 15,484,461","AFN 1,000",خریداری تیل پطرول به موتر کرولا نقره ایی,,,6-Nov-25,628,,,,,,
,"$695,737 ","$1,773.47 ",,$66.50 ,"AFN 15,602,397","AFN 117,936",پرداخت برای شرکت تجارتی آخندزاده بابت خریداری کاشی 60/20 به تعمیرللندر5,,,6-Nov-25,629,,,,,,
,"$695,767 ",$30.08 ,,$66.50 ,"AFN 15,604,397","AFN 2,000",پیش پرداخت برای شریف الله ولد فیض محمد بابت ماه عقرب 1404,,,6-Nov-25,630,,,,,,
,"$695,767 ",$0.00 ,,$66.50 ,"AFN 15,604,397",AFN 0,پرداخت راپور معاش شریف الله ولد فیض محمد بابت ماه میزان 1404 (نوت:معاش شریف ماه مذکور برای شریف الله قبلا پیش پرداخت گردیده بود ,,,6-Nov-25,631,,,,,,
,"$695,917 ",$150.38 ,,$66.50 ,"AFN 15,614,397","AFN 10,000",پرداخت برای عبدالله بابت خشت کاری و پلسترکاری تعمیرللندر 5,,,6-Nov-25,632,,,,,,
,"$696,068 ",$150.38 ,,$66.50 ,"AFN 15,624,397","AFN 10,000",پرداخت برای محمد شریف بابت سیستم نلدوانی عمومی تعمیرللندر5,,,6-Nov-25,633,,,,,,
,"$696,218 ",$150.38 ,,$66.50 ,"AFN 15,634,397","AFN 10,000",پرداخت برای محمد ابراهیم بابت گچ کاری تعمیرللندر 5 به هدایت حاجی صبغت الله,,,6-Nov-25,634,,,,,,
,"$697,421 ","$1,203.01 ",,$66.50 ,"AFN 15,714,397","AFN 80,000","پرداخت برای کاکا بادام گل توسط روزالدین بابت خریداری مواد ساختمانی از قبیل جغل بادامی,ریگ شسته,انتقال ریگ از دارالامان ,ریگ خاکه و خشت اول به تعمیرللندر 5 از درک بل نمبر های 71-72-73-74-75-76-77-78-79-80-81-82-83-84-85-86-87-88-89",,,6-Nov-25,635,,,,,,
,"$697,429 ",$7.52 ,,$66.50 ,"AFN 15,714,897",AFN 500,پرداخت برای انجنیر وحید الله بابت خریداری کارت مبایل به فعال نمودن انترنت ,,,6-Nov-25,636,,,,,,
,"$697,609 ",$180.45 ,,$66.50 ,"AFN 15,726,897","AFN 12,000",پرداخت برای رسول نظری بابت شفته کاری و کاشی کاری تعمیرللندر 5 به هدایت حاجی عاشق الله ,,,6-Nov-25,637,,,,,,
,"$697,612 ",$3.31 ,,$66.50 ,"AFN 15,727,117",AFN 220,خریداری میخ فولادی به تعمیرللندر 5,,,6-Nov-25,638,,,,,,
,"$697,617 ",$4.21 ,,$66.50 ,"AFN 15,727,397",AFN 280,خریداری میخ فولادی و لابرتیپ به تعمیرللندر 5,,,6-Nov-25,639,,,,,,
,"$697,633 ",$16.84 ,,$66.50 ,"AFN 15,728,517","AFN 1,120",خریداری بیل و دستکش به تعمیرللندر 5,,,6-Nov-25,640,,,,,,
,"$697,656 ",$22.59 ,,$66.40 ,"AFN 15,730,017","AFN 1,500",خریداری تیل پطرول به موتر کرولا,,,8-Nov-25,641,,,,,,
,"$698,778 ","$1,121.99 ",,$66.40 ,"AFN 15,804,517","AFN 74,500",خریداری تخته خوازه به تعمیرللندر 5,,,8-Nov-25,642,,,,,,
,"$698,780 ",$1.96 ,,$66.40 ,"AFN 15,804,647",AFN 130,"خریداری لابرتیپ ترکی 1"" به تعمیرللندر 5",,,8-Nov-25,643,,,,,,
,"$698,815 ",$34.64 ,,$66.40 ,"AFN 15,806,947","AFN 2,300","خریداری چاقو,کتر,متر5 متره,قلف , آب ترازو,عینک, و پیچکش به تعمیرللندر 5",,,8-Nov-25,644,,,,,,
,"$698,827 ",$12.20 ,,$66.40 ,"AFN 15,807,757",AFN 810,"خریداری توپ, ریگمال و تایتر به تعمیرللندر 5",,,8-Nov-25,645,,,,,,
,"$698,877 ",$50.30 ,,$66.40 ,"AFN 15,811,097","AFN 3,340","خریداری سامان آلات برقی از قبیل کلمپ 20 ملی ,کلمپ 10 ملی و غیره به تعمیرللندر5",,,8-Nov-25,646,,,,,,
,"$698,922 ",$45.18 ,,$66.40 ,"AFN 15,814,097","AFN 3,000",خریداری تراز لایزری به تعمیرللندر 5,,,9-Nov-25,647,,,,,,
,"$699,155 ",$232.28 ,,$66.30 ,"AFN 15,829,497","AFN 15,400","خریداری اسلوپ , سفید و سیاه به کاشی کاری تعمیرللندر 5",,,9-Nov-25,648,,,,,,
,"$699,167 ",$12.07 ,,$66.30 ,"AFN 15,830,297",AFN 800,پرداخت چاپ بل بوک های ساحوی به تعیمرللندر 5,,,9-Nov-25,649,,,,,,
,"$699,204 ",$37.71 ,,$66.30 ,"AFN 15,832,797","AFN 2,500",پرداخت برای شرکت BMGS بابت تست 6 سلندر کانکریت تعمیرللندر 5,,,9-Nov-25,650,,,,,,
,"$699,209 ",$4.52 ,,$66.40 ,"AFN 15,833,097",AFN 300,خریداری مایع ظرفشویی و چای خشک به تعمیرللندر 5,,,10-Nov-25,651,,,,,,
,"$699,373 ",$164.67 ,,$66.40 ,"AFN 15,844,031","AFN 10,934",خریداری تیل دیزل به جنراتور تعمیرللندر 5,,,10-Nov-25,652,,,,,,
,"$699,374 ",$0.75 ,,$66.40 ,"AFN 15,844,081",AFN 50,خریداری میخ فولادی به تعمیرللندر 5,,,10-Nov-25,653,,,,,,
,"$699,377 ",$2.71 ,,$66.40 ,"AFN 15,844,261",AFN 180,"خریداری میخ فولادی 6"" و 5"" به تعمیرللندر 5",,,10-Nov-25,654,,,,,,
,"$701,071 ","$1,694.28 ",,$66.40 ,"AFN 15,956,761","AFN 112,500",پرداخت برای شرکت برادران صمدی بابت خریداری کاشی 100/100 و چسپ کاشی به تعمیرللندر 5,,,11-Nov-25,655,,,,,,
,"$701,116 ",$45.18 ,,$66.40 ,"AFN 15,959,761","AFN 3,000",خریداری تیل پطرول به موتر لکسس,,,11-Nov-25,656,,,,,,
,"$701,119 ",$2.71 ,,$66.40 ,"AFN 15,959,941",AFN 180,خریداری سرش فرش به دفتر,,,11-Nov-25,657,,,,,,
,"$701,137 ",$18.07 ,,$66.40 ,"AFN 15,961,141","AFN 1,200",خریداری دریچه 20/40 به تعمیرللندر 5,,,11-Nov-25,658,,,,,,
,"$701,255 ",$117.47 ,,$66.40 ,"AFN 15,968,941","AFN 7,800","خریداری فلنج 5 ملی ترکی ,کنجی به تعمیرللندر 5",,,11-Nov-25,659,,,,,,
,"$701,259 ",$4.22 ,,$66.40 ,"AFN 15,969,221",AFN 280,"خریداری پیچ 2.5"" و دبل 10 ملی همراه با فلز 6 ملی به تعمیرللندر 5",,,11-Nov-25,660,,,,,,
,"$701,319 ",$60.36 ,,$66.40 ,"AFN 15,973,229","AFN 4,008",خریداری یک چرخ آهن چادر 0.35 ملی به سیستم سرد کننده به تعمیرللندر 5,,,11-Nov-25,661,,,,,,
,"$701,348 ",$28.46 ,,$66.40 ,"AFN 15,975,119","AFN 1,890","خریداری چرخ , پل چرخ به تعمیرللندر 5",,,11-Nov-25,662,,,,,,
,"$701,354 ",$6.02 ,,$66.40 ,"AFN 15,975,519",AFN 400,"خریداری نت و بولت , رنج و غیره به تعمیرللندر 5",,,11-Nov-25,663,,,,,,
,"$701,479 ",$125.30 ,,$66.40 ,"AFN 15,983,839","AFN 8,320",خریداری پلیت 10 ملی 20/30 بخ تعمیرللندر 5,,,11-Nov-25,664,,,,,,
,"$701,585 ",$106.06 ,,$33.00 ,"AFN 15,987,339","AFN 3,500",خریداری سیم جستی به تعمیرللندر 5,,,11-Nov-25,665,,,,,,
,"$701,617 ",$31.82 ,,$33.00 ,"AFN 15,988,389","AFN 1,050",خریداری آب گرمی به تعمیرللندر 5,,,11-Nov-25,666,,,,,,
,"$701,628 ",$10.61 ,,$33.00 ,"AFN 15,988,739",AFN 350,خریداری میخ فولادی به تعمیرللندر 5,,,11-Nov-25,667,,,,,,
,"$701,686 ",$58.79 ,,$33.00 ,"AFN 15,990,679","AFN 1,940","خریداری فلق 16 ,فلق 40 و کپ به تعمیرللندر5",,,11-Nov-25,668,,,,,,
,"$701,739 ",$52.73 ,,$33.00 ,"AFN 15,992,419","AFN 1,740",خریداری قابلی ازبکی و کباب به مهمانان تعمیرللندر 5,,,11-Nov-25,669,,,,,,
,"$701,883 ",$143.94 ,,$33.00 ,"AFN 15,997,169","AFN 4,750",خریداری تیل پطرول به موتر ,,,11-Nov-25,670,,,,,,
,"$701,888 ",$4.85 ,,$33.00 ,"AFN 15,997,329",AFN 160,خریداری پل به تعمیرللندر5,,,11-Nov-25,671,,,,,,
,"$701,904 ",$16.36 ,,$33.00 ,"AFN 15,997,869",AFN 540,خریداری میخ فولادی نازک به تعمیرللندر5,,,11-Nov-25,672,,,,,,
,"$701,916 ",$12.12 ,,$33.00 ,"AFN 15,998,269",AFN 400,خریداری مواد ضد زنگ فولادی به تعمیرللندر 5,,,11-Nov-25,673,,,,,,
,"$701,921 ",$4.55 ,,$33.00 ,"AFN 15,998,419",AFN 150,خریداری پل چرخ نازک به تعمیرللندر 5,,,11-Nov-25,674,,,,,,
,"$702,207 ",$286.36 ,,$33.00 ,"AFN 16,007,869","AFN 9,450",خریداری تیل دیزل به جنراتور تعمیرللندر 5,,,11-Nov-25,675,,,,,,
,"$702,265 ",$57.58 ,,$33.00 ,"AFN 16,009,769","AFN 1,900",خریداری مبلایل به جنراتور تعمیرللندر 5,,,11-Nov-25,676,,,,,,
,"$702,271 ",$6.06 ,,$33.00 ,"AFN 16,009,969",AFN 200,خریداری گاز مایع به تعمیرللندر5,,,11-Nov-25,677,,,,,,
,"$702,609 ",$337.73 ,,$33.00 ,"AFN 16,021,114","AFN 11,145","خریداری تراز کرستال , گرد بر ,و صفحه به تعمیرللندر 5",,,11-Nov-25,678,,,,,,
,"$702,611 ",$2.73 ,,$33.00 ,"AFN 16,021,204",AFN 90,خریداری تار رجه به تعمیرللندر5,,,11-Nov-25,679,,,,,,
,"$703,287 ",$676.00 , $676.00 ,$66.50 ,"AFN 16,021,204",AFN 0,پرداخت برای شرکت فراز آژمان بابتخریداری کاک سقفی به تعمیرللندر 5,,,13-Nov-25,680,,,,,,
,"$703,753 ",$466.17 ,,$66.50 ,"AFN 16,052,204","AFN 31,000",پرداخت برای محمد ابراهیم بابت گچ کاری تعمیرللندر 5,,,13-Nov-25,681,,,,,,
,"$704,054 ",$300.75 ,,$66.50 ,"AFN 16,072,204","AFN 20,000",پرداخت برای عبدلله بابت خشت کاری و پلستر کاری تعمیرللندر 5,,,13-Nov-25,682,,,,,,
,"$704,069 ",$15.06 ,,$66.40 ,"AFN 16,073,204","AFN 1,000",خریداری تیل پطرول به موتر کرولا,,,13-Nov-25,683,,,,,,
,"$704,075 ",$5.27 ,,$66.40 ,"AFN 16,073,554",AFN 350,خریداری 1 گیلن رنگ به تعمیرللندر 5,,,13-Nov-25,684,,,,,,
,"$704,081 ",$6.34 ,,$66.20 ,"AFN 16,073,974",AFN 420,خریداری بوره به تعمیرللندر 5,,,15-Nov-25,685,,,,,,
,"$704,089 ",$8.16 ,,$66.20 ,"AFN 16,074,514",AFN 540,خریداری چاینک المونیمی و مایع ظرفشویی به تعمیرللندر 5,,,15-Nov-25,686,,,,,,
,"$704,093 ",$4.08 ,,$66.20 ,"AFN 16,074,784",AFN 270,خریداری پل اره به تعمیرللندر 5,,,15-Nov-25,687,,,,,,
,"$704,168 ",$75.19 ,,$66.50 ,"AFN 16,079,784","AFN 5,000",پرداخت برای رسول نظری بابت شفته کاری و کاشی کاری تعمیرللندر 5 به هدایت حاجی عاشق الله ,,,15-Nov-25,688,,,,,,
,"$704,173 ",$4.51 ,,$66.50 ,"AFN 16,080,084",AFN 300,پرداخت برای فرید للندر بابت خریداری کارت به رایگان نمودن سیم کارت اش ,,,15-Nov-25,689,,,,,,
,"$704,218 ",$45.11 ,,$66.50 ,"AFN 16,083,084","AFN 3,000",پیش پرداخت برای احمد فرید للندر بابت ماه عقرب 1404,,,15-Nov-25,690,,,,,,
,"$704,289 ",$70.83 ,,$66.50 ,"AFN 16,087,794","AFN 4,710",خریداری تیل پطرول به موتر لکسس,,,15-Nov-25,691,,,,,,
,"$704,340 ",$51.25 ,,$66.20 ,"AFN 16,091,187","AFN 3,393",پرداخت برای خبازی عبدالمطلب بابت خریداری نان خشک به دفترو تعمیرللندر 5,,,16-Nov-25,692,,,,,,
,"$704,400 ",$60.42 ,,$66.20 ,"AFN 16,095,187","AFN 4,000",پرداخت برای محمد سالم بابت سرن نمودن ریگ های زمین دارلامان به تعمیرللندر5,,,16-Nov-25,693,,,,,,
,"$704,417 ",$16.57 ,,$66.40 ,"AFN 16,096,287","AFN 1,100","خریداری لابرتیب کاغذی,فیوز63 امپیر به تعمیرللندر 5",,,17-Nov-25,694,,,,,,
,"$704,430 ",$13.40 ,,$66.40 ,"AFN 16,097,177",AFN 890,"خریداری پل چرخ,پل برمه,امبور,ترمینل و غیره به تعمیرللندر 5",,,17-Nov-25,695,,,,,,
,"$704,433 ",$2.11 ,,$66.40 ,"AFN 16,097,317",AFN 140,خریداری برشنگ و سامی اشتت به تعمیرلللندر 5,,,17-Nov-25,696,,,,,,
,"$704,436 ",$3.01 ,,$66.40 ,"AFN 16,097,517",AFN 200,خریداری نوشابه الکوزی به کارمندان ریاست برشنا بابت تعمیرللندر 5,,,17-Nov-25,697,,,,,,
,"$704,443 ",$7.53 ,,$66.40 ,"AFN 16,098,017",AFN 500,خریداری تیل پطرول به ماشین های ویبراتور تعمیرللندر 5,,,17-Nov-25,698,,,,,,
,"$704,477 ",$33.89 ,,$66.40 ,"AFN 16,100,267","AFN 2,250",خریداری سیم جستی و سیخ ولدینگ به تعمیرللندر 5,,,17-Nov-25,699,,,,,,
,"$704,543 ",$66.27 ,,$66.40 ,"AFN 16,104,667","AFN 4,400",پرداخت معاش عبدالرحیم ولد عبدالغفور بابت ماه میزان 1404,,,17-Nov-25,700,,,,,,
,"$704,694 ",$150.60 ,,$66.40 ,"AFN 16,114,667","AFN 10,000",پیش پرداخت برای عبدالرحیم ولد عبدالغفور بابت ماه عقرب 1404,,,17-Nov-25,701,,,,,,
,"$704,739 ",$45.18 ,,$66.40 ,"AFN 16,117,667","AFN 3,000",خریداری مکسر بخاطر مکس کردن دوغ آب به کاشی های تعمیرللندر 5,,,17-Nov-25,702,,,,,,
,"$704,769 ",$30.12 ,,$66.40 ,"AFN 16,119,667","AFN 2,000",خریداری تیل پطرول به موترلکسس,,,17-Nov-25,703,,,,,,
,"$704,912 ",$143.07 ,,$66.40 ,"AFN 16,129,167","AFN 9,500",خریداری آب بازک کمیرشل 2.2 کیلوات به تعمیرللندر 5,,,17-Nov-25,704,,,,,,
,"$704,972 ",$59.94 ,,$66.40 ,"AFN 16,133,147","AFN 3,980","خریداری سه ساکته,رنج,دستکش,نتو بولت, ریسمان,دولچه,دسته بیل و صندوق آب بازک به تعمیرللندر 5",,,17-Nov-25,705,,,,,,
,"$705,074 ",$102.26 ,,$66.40 ,"AFN 16,139,937","AFN 6,790","خریداری دبل شیت هیلتی 12/120 ,چکش کلان ,رنج 19,پل برمه 12 ملی,پل پالش, پل برش 7"",دستکش , سیخ ولدینگ,شش رخی و متر 6 متره به تعمیرللندر 5",,,17-Nov-25,706,,,,,,
,"$705,127 ",$52.71 ,,$66.40 ,"AFN 16,143,437","AFN 3,500",خریداری پلیت 8 ملی 10/20 به تعمیرللندر 5,,,17-Nov-25,707,,,,,,
,"$705,147 ",$20.03 ,,$66.40 ,"AFN 16,144,767","AFN 1,330",خریداری صلیب و مواد کاشی کاری به تعمیرللندر 5,,,17-Nov-25,708,,,,,,
,"$705,367 ",$219.58 ,,$66.40 ,"AFN 16,159,347","AFN 14,580",خریداری جالی راویز 9 کیلویی به تعمیرللندر 5,,,17-Nov-25,709,,,,,,
,"$705,494 ",$127.56 ,,$66.40 ,"AFN 16,167,817","AFN 8,470",خریداری تیل دیزل به جنراتور تعمیرللندر 5,,,17-Nov-25,710,,,,,,
,"$705,567 ",$72.44 ,,$66.40 ,"AFN 16,172,627","AFN 4,810",خریداری تیل پطرول به موتر هایلکس,,,18-Nov-25,711,,,,,,
,"$705,570 ",$3.01 ,,$66.40 ,"AFN 16,172,827",AFN 200,پرداخت برای مطیع الله بخاطر شستشوی موتر هایلکس,,,18-Nov-25,712,,,,,,
,"$705,576 ",$6.02 ,,$66.40 ,"AFN 16,173,227",AFN 400,خریداری مواد ضد زنگ به تعمیرللندر 5,,,18-Nov-25,713,,,,,,
,"$705,605 ",$29.22 ,,$66.40 ,"AFN 16,175,167","AFN 1,940",خریداری بل نمبر 306,,,18-Nov-25,714,,,,,,
,"$705,609 ",$3.77 ,,$66.40 ,"AFN 16,175,417",AFN 250,خریداری سجی به انجنیران ناحیه سوم بخاطر تعمیرللندر 5,,,18-Nov-25,715,,,,,,
,"$705,614 ",$5.27 ,,$66.40 ,"AFN 16,175,767",AFN 350,خریداری میخ فولادی به تعمیرللندر 5,,,19-Nov-25,716,,,,,,
,"$705,686 ",$71.54 ,,$66.40 ,"AFN 16,180,517","AFN 4,750",خریداری تیل پطرول به موتر هایلکس به تعمیرللندر 5 جلال آباد,,,19-Nov-25,717,,,,,,
,"$705,695 ",$9.04 ,,$66.40 ,"AFN 16,181,117",AFN 600,خریداری نان چاشت به انجنیران ناحیه سوم بخاطر ژورنال تعمیرللندر 5,,,19-Nov-25,718,,,,,,
,"$705,703 ",$8.13 ,,$66.40 ,"AFN 16,181,657",AFN 540,خریداری میخ فولادی به تعمیرللندر 5,,,19-Nov-25,719,,,,,,
,"$705,705 ",$2.41 ,,$66.40 ,"AFN 16,181,817",AFN 160,خریداری پل برمه به تعمیرللندر 5,,,19-Nov-25,720,,,,,,
,"$705,728 ",$22.59 ,,$66.40 ,"AFN 16,183,317","AFN 1,500",پرداخت برای پالش کاری موتر لکسس ,,,19-Nov-25,721,,,,,,
,"$707,102 ","$1,374.25 ",,$66.40 ,"AFN 16,274,567","AFN 91,250",پرداخت برای شرکت هرات الکتریک بابت بل نمبر 287 به تعمیرللندر 5,,,19-Nov-25,722,,,,,,
,"$709,251 ","$2,149.32 ",,$66.30 ,"AFN 16,417,067","AFN 142,500",خریداری 250 خریطه سمنت ایرانی به تعمیرللندر 5,,,20-Nov-25,723,,,,,,
,"$709,254 ",$3.02 ,,$66.30 ,"AFN 16,417,267",AFN 200,پرداخت برای ادریس چوکیدار به هدایت حاجی عاشق الله ,,,20-Nov-25,724,,,,,,
,"$709,257 ",$3.02 ,,$66.30 ,"AFN 16,417,467",AFN 200,خریداری گاز به جنراتور 5 کیلوات به تعمیرللندر 5,,,20-Nov-25,725,,,,,,
,"$709,400 ",$142.53 ,,$66.30 ,"AFN 16,426,917","AFN 9,450",خریداری تیل دیزل به جنراتور تعمیرللندر 5,,,20-Nov-25,726,,,,,,
,"$709,402 ",$2.26 ,,$66.30 ,"AFN 16,427,067",AFN 150,خریداری پل چرخ به تعمیرللندر 5,,,20-Nov-25,727,,,,,,
,"$709,855 ",$452.49 ,,$66.30 ,"AFN 16,457,067","AFN 30,000",پرداخت برای محمد ابراهیم گچ کار بابت منزل ششم تعمیرللندر5,,,20-Nov-25,728,,,,,,
,"$710,609 ",$754.15 ,,$66.30 ,"AFN 16,507,067","AFN 50,000",پرداخت برای عبدالله بابت خشت کاری و پلستر کاری تعمیرللندر 5,,,20-Nov-25,729,,,,,,
,"$710,829 ",$219.91 ,,$66.30 ,"AFN 16,521,647","AFN 14,580",پرداخت برای خریداری جالی راویز به تعمیرللند 5,,,20-Nov-25,730,,,,,,
,"$710,979 ",$150.83 ,,$66.30 ,"AFN 16,531,647","AFN 10,000","پرداخت برای محمد شریف نلدوان بابت سیستم نلدوانی آبرسانی , فاضلاب و مرکز گرمی تعمیرللندر 5",,,20-Nov-25,731,,,,,,
,"$711,432 ",$452.49 ,,$66.30 ,"AFN 16,561,647","AFN 30,000",پرداخت برای رسول نظری بابت شفته ریزی و کانکریت تعمیرللندر 5,,,20-Nov-25,732,,,,,,
,"$711,532 ",$100.15 ,,$66.30 ,"AFN 16,568,287","AFN 6,640",پیش پرداخت برای علی جمعه ولد محمد باقر بابت ماه عقرب 1404,,,20-Nov-25,733,,,,,,
,"$711,577 ",$45.25 ,,$66.30 ,"AFN 16,571,287","AFN 3,000",پیش پرداخت برای معراج بابت ماه میزان 1404,,,20-Nov-25,734,,,,,,
,"$712,380 ",$802.41 ,,$66.30 ,"AFN 16,624,487","AFN 53,200",پرداخت برای کاکا بادام گل توسط روز الدین بابت خریداری مواد ساختمانی و انتقال ریگ از دارالمان به تعمیرللندر 5,,,20-Nov-25,735,,,,,,
,"$714,077 ","$1,696.83 ",,$66.30 ,"AFN 16,736,987","AFN 112,500",پرداخت برای شرکت برادران صمدی بابت خریداری کاشی به تعمیرللندر 5,,,20-Nov-25,736,,,,,,
,"$714,144 ",$67.87 ,,$66.30 ,"AFN 16,741,487","AFN 4,500",خریداری تیل پطرول به متر لکسس,,,20-Nov-25,737,,,,,,
,"$714,150 ",$5.14 ,,$66.20 ,"AFN 16,741,827",AFN 340,خریداری مایع ظرفشویی و بوره به تعمیرللندر 5,,,22-Nov-25,738,,,,,,
,"$714,204 ",$54.38 ,,$66.20 ,"AFN 16,745,427","AFN 3,600","پرداخت برای مبلایل تبدیلی ,فلتر تیل ,فلتر مبلایل و آب انتر فریز به جنراتور تعمیرللندر5",,,22-Nov-25,739,,,,,,
,"$714,212 ",$7.55 ,,$66.20 ,"AFN 16,745,927",AFN 500,پرداخت برای خریداری جالی برای سرن کاری ریگ های زمین دارلامان به للندر 5,,,22-Nov-25,740,,,,,,
,"$714,219 ",$7.55 ,,$66.20 ,"AFN 16,746,427",AFN 500,پیش پرداخت برای فرید للندر بابت ماه عقرب 1404,,,22-Nov-25,741,,,,,,
,"$714,491 ",$271.90 ,,$66.20 ,"AFN 16,764,427","AFN 18,000",پرداخت معاش باقیمانده ماه میزان 1404 معراج الدین ولد دادالله,,,22-Nov-25,742,,,,,,
,"$714,619 ",$128.40 ,,$66.20 ,"AFN 16,772,927","AFN 8,500",پرداخت معاش باقیمانده ادریس ولد دولت بابت ماه عقرب 1404,,,22-Nov-25,743,,,,,,
,"$714,672 ",$52.87 ,,$66.20 ,"AFN 16,776,427","AFN 3,500",پرداخت معاش باقیمانده زین الله بابت ماه عقرب 1404,,,22-Nov-25,744,,,,,,
,"$714,709 ",$36.25 ,,$66.20 ,"AFN 16,778,827","AFN 2,400",پرداخت معاش 6 روزه ماه عقرب صابر ولد عصمت الله بابت تعمیرللندر 5,,,22-Nov-25,745,,,,,,
,"$714,844 ",$135.95 ,,$66.20 ,"AFN 16,787,827","AFN 9,000",پرداخت معاش هارون ولد فیض محمد بابت ماه عقرب 1404,,,22-Nov-25,746,,,,,,
,"$721,844 ","$7,000.00 "," $7,000 ",$66.20 ,"AFN 16,787,827",AFN 0,پرداخت برای شرکت زمزم استیل و تصفیه حساب خریداری سیخ گول به تعمیرللندر 5,22-Nov-25,پرداخت برای شرکت زمزم استیل و تصفیه حساب خریداری سیخ گول به تعمیرللندر 5,22-Nov-25,747,,,,,,
,"$721,886 ",$41.09 ,,$66.30 ,"AFN 16,790,551","AFN 2,724",پرداخت بل های برق تعمیرللندر 5 بابت ماه میزان 1404,,,23-Nov-25,748,,,,,,
,"$722,036 ",$150.83 ,,$66.30 ,"AFN 16,800,551","AFN 10,000",پرداخت برای ابراهیم گچ کار بابت تعمیرللندر 5 به هدایت حاجی صبغت الله ,,,23-Nov-25,749,,,,,,
,"$722,046 ",$10.06 ,,$66.30 ,"AFN 16,801,218",AFN 667,پرداخت معاش محمد نوید ولد محمد عالم بابت دو روزه ماه میزان 1404,24-Nov-25,پرداخت معاش محمد نوید ولد محمد عالم بابت دو روزه ماه میزان 1404,24-Nov-25,750,,,,,,
,"$722,160 ",$113.12 ,,$66.30 ,"AFN 16,808,718","AFN 7,500",پرداخت معاش باقیمانده محمد نوید ولد محمد عالم بابت دو روزه ماه عقرب 1404 بابت تعمیرللندر 5,24-Nov-25,پرداخت معاش باقیمانده محمد نوید ولد محمد عالم بابت دو روزه ماه عقرب 1404 بابت تعمیرللندر 4,24-Nov-25,751,,,,,,
,"$722,235 ",$75.41 ,,$66.30 ,"AFN 16,813,718","AFN 5,000",پرداخت معاش باقیمانده شریف الله ولد فیض محمد بابت ماه عقرب 1404,24-Nov-25,پرداخت معاش باقیمانده شریف الله ولد فیض محمد بابت ماه عقرب 1404,24-Nov-25,752,,,,,,
,"$722,256 ",$20.66 ,,$66.30 ,"AFN 16,815,088","AFN 1,370","خریداری پل برش , رجه ,پلاس به تعمیرللندر 5",24-Nov-25,"خریداری پل برش , رجه ,پلاس به تعمیرللندر 5",24-Nov-25,753,,,,,,
,"$722,273 ",$17.50 ,,$66.30 ,"AFN 16,816,248","AFN 1,160","خریداری بوری ,دسته کلند , پل برمه و پیچکش به تعمیرللندر 5",24-Nov-25,"خریداری بوری ,دسته کلند , پل برمه و پیچکش به تعمیرللندر 5",24-Nov-25,754,,,,,,
,"$722,307 ",$33.94 ,,$66.30 ,"AFN 16,818,498","AFN 2,250",خریداری سیم جستی و  سیخ ولدینگ به تعمیرللندر 5,24-Nov-25,خریداری سیم جستی و  سیخ ولدینگ به تعمیرللندر 5,24-Nov-25,755,,,,,,
,"$722,314 ",$7.09 ,,$66.30 ,"AFN 16,818,968",AFN 470,"خریداری پل چرخ , چپ راست به تعمیرللندر 5",24-Nov-25,"خریداری پل چرخ , چپ راست به تعمیرللندر 5",24-Nov-25,756,,,,,,
,"$722,317 ",$2.41 ,,$66.30 ,"AFN 16,819,128",AFN 160,خریداری آبگرمی به تعمیرللندر5,,,24-Nov-25,757,,,,,,
,"$722,339 ",$22.62 ,,$66.30 ,"AFN 16,820,628","AFN 1,500",پیش پرداخت برای ادریس چوکیدار تعمیرللندر 5 بابت ماه قوس 1404,,,24-Nov-25,758,,,,,,
,"$722,360 ",$20.66 ,,$66.30 ,"AFN 16,821,998","AFN 1,370","خریداری پل برش,رجه,میخ,پلاس,امبور و پلک به تعمیرللندر 5",,,24-Nov-25,759,,,,,,
,"$722,428 ",$67.87 ,,$66.30 ,"AFN 16,826,498","AFN 4,500",پرداخت برای محمد حسن بابت اجرت 4.5 روزه ایزوگام کاری تشنابهای تعمیرللندر 5 فر روز از قرار 1000 افغانی ,,,24-Nov-25,760,,,,,,
,"$722,430 ",$2.41 ,,$66.30 ,"AFN 16,826,658",AFN 160,خریداری پل چرخ به تعمیرللندر 5,26-Nov-25,خریداری پل چرخ به تعمیرللندر 5,26-Nov-25,761,,,,,,
,"$722,762 ",$331.83 ,,$66.30 ,"AFN 16,848,658","AFN 22,000",خریداری مواد ایزوگام به تشناب های تعمیرللندر 5 ,26-Nov-25,خریداری مواد ایزوگام به تشناب های تعمیرللندر 5 ,26-Nov-25,762,,,,,,
,"$722,792 ",$30.17 ,,$66.30 ,"AFN 16,850,658","AFN 2,000",پیش پرداخت برای احمد فرید للندر بابت ماه قوس 1404,26-Nov-25,پیش پرداخت برای احمد فرید للندر بابت ماه قوس 1404,26-Nov-25,763,,,,,,
,"$722,815 ",$22.62 ,,$66.30 ,"AFN 16,852,158","AFN 1,500",پرداخت برای خریداری گاز مایع به ایزوگام کار و برداشت عرش از حاجی عاشق الله ,26-Nov-25,پرداخت برای خریداری گاز مایع به ایزوگام کار و برداشت عرش از حاجی عاشق الله ,26-Nov-25,764,,,,,,
,"$722,884 ",$69.38 ,,$66.30 ,"AFN 16,856,758","AFN 4,600",خریداری تیل پطرول به موتر لکسس,25-Nov-25,خریداری تیل پطرول به موتر لکسس,25-Nov-25,765,,,,,,
,"$723,032 ",$147.81 ,,$66.30 ,"AFN 16,866,558","AFN 9,800",خریداری تیل دیزل به جنراتور تعمیرللندر 5,25-Nov-25,خریداری تیل دیزل به جنراتور تعمیرللندر 5,25-Nov-25,766,,,,,,
,"$723,038 ",$6.03 ,,$66.30 ,"AFN 16,866,958",AFN 400,خریداری گاز مایع به ایزوگام کار توسط حاجی عاشق الله للندر 5,25-Nov-25,خریداری گاز مایع به ایزوگام کار توسط حاجی عاشق الله للندر 5,25-Nov-25,767,,,,,,
,"$723,047 ",$9.05 ,,$66.30 ,"AFN 16,867,558",AFN 600,خریداری گاز مایع به ایزوگام کارللندر 5,25-Nov-25,خریداری گاز مایع به ایزوگام کارللندر 5,25-Nov-25,768,,,,,,
,"$723,050 ",$2.71 ,,$66.30 ,"AFN 16,867,738",AFN 180,خریداری گاز مایع به جنراتور خورد للندر 5,25-Nov-25,خریداری گاز مایع به جنراتور خورد للندر 5,25-Nov-25,769,,,,,,
,"$723,053 ",$3.02 ,,$66.30 ,"AFN 16,867,938",AFN 200,پرداخت معاش باقیمانده احمد فرید للندر بابت ماه عقرب 1404,25-Nov-25,پرداخت معاش باقیمانده احمد فرید للندر بابت ماه عقرب 1404,25-Nov-25,770,,,,,,
,"$723,146 ",$93.66 ,,$66.20 ,"AFN 16,874,138","AFN 6,200",پرداخت برای شرکت تجارتی اتحاد بابت مواد واپس شده توسط حاجی عاشق الله ,,,27-Nov-25,771,,,,,,
,"$724,443 ","$1,296.37 ",,$66.20 ,"AFN 16,959,958","AFN 85,820",پرداخت برای شرکت تجارتی اتحاد بابت مواد مرکزگرمی به تعمیرللندر 5,,,27-Nov-25,772,,,,,,
,"$724,444 ",$0.76 ,,$66.20 ,"AFN 16,960,008",AFN 50,خریداری پل برش به تعمیرللندر 5,,,27-Nov-25,773,,,,,,
,"$724,453 ",$9.06 ,,$66.20 ,"AFN 16,960,608",AFN 600,خریداری گاز به ایزوگام تشنابهای تعمیرللندر 5,,,27-Nov-25,774,,,,,,
,"$724,454 ",$1.81 ,,$66.20 ,"AFN 16,960,728",AFN 120,خریداری پل کانکریت به تعمیرللندر 5,,,27-Nov-25,775,,,,,,
,"$724,457 ",$3.02 ,,$66.20 ,"AFN 16,960,928",AFN 200,خریداری پل کانکریت به تعمیرللندر 5,,,27-Nov-25,776,,,,,,
,"$724,486 ",$28.70 ,,$66.20 ,"AFN 16,962,828","AFN 1,900","خریداری پایپ خرطومی ,قطعی 4/4 به تعمیرللندر 5",,,27-Nov-25,777,,,,,,
,"$724,504 ",$18.13 ,,$66.20 ,"AFN 16,964,028","AFN 1,200",خریداری نل جوتنی به تعمیرللندر 5,,,27-Nov-25,778,,,,,,
,"$725,062 ",$557.40 ,,$66.20 ,"AFN 17,000,928","AFN 36,900",پرداخت برای شرکت قلب آسیا بابت خریداری گچ سفید به تعمیرللندر 5,,,27-Nov-25,779,,,,,,
,"$725,065 ",$3.17 ,,$66.20 ,"AFN 17,001,138",AFN 210,"خریداری بالتی لایزر , توش به تعمیرللندر 5",,,27-Nov-25,780,,,,,,
,"$726,764 ","$1,699.40 ",,$66.20 ,"AFN 17,113,638","AFN 112,500",پرداخت برای شرکت تجارتی برادران صمدی بابت خریداری گرانیت سفید به تعمیرللندر 5,,,27-Nov-25,781,,,,,,
,"$726,903 ",$138.60 ,,$66.20 ,"AFN 17,122,813","AFN 9,175",خریداری مواد کاشی کاری از شرکت کابل ترید توسط رسول نظری به تعمیرللندر 5,,,27-Nov-25,782,,,,,,
,"$726,931 ",$27.64 ,,$66.20 ,"AFN 17,124,643","AFN 1,830",خریداری مواد کاشی کاری از شرکت کابل ترید توسط رسول نظری به تعمیرللندر 5,,,27-Nov-25,783,,,,,,
,"$727,284 ",$353.47 ,,$66.20 ,"AFN 17,148,043","AFN 23,400",خریداری چسپ به کاشی کاری تعمیرللندر 5,,,27-Nov-25,784,,,,,,
,"$727,299 ",$15.11 ,,$66.20 ,"AFN 17,149,043","AFN 1,000",پرداخت کرای موتر بابت انتقال چسپ کاشی به تعمیرللندر 5,,,27-Nov-25,785,,,,,,
,"$727,526 ",$226.59 ,,$66.20 ,"AFN 17,164,043","AFN 15,000",پرداخت برای عبدالرسول بابت کاشی کاری و شفته ریزی تعمیرللندر 5,,,27-Nov-25,786,,,,,,
,"$727,979 ",$453.17 ,,$66.20 ,"AFN 17,194,043","AFN 30,000",پرداخت برای محمد ابراهیم گچ کار بابت تعمیرللندر 5,,,27-Nov-25,787,,,,,,
,"$728,517 ",$537.76 ,,$66.20 ,"AFN 17,229,643","AFN 35,600",پرداخت برای روز الدین بابت تعمیرللندر 5,,,27-Nov-25,788,,,,,,
,"$728,519 ",$2.87 ,,$66.20 ,"AFN 17,229,833",AFN 190,خریداری وال به تعمیرللندر 5,,,27-Nov-25,789,,,,,,
,"$728,521 ",$1.51 ,,$66.20 ,"AFN 17,229,933",AFN 100,خریداری میخ فولادی به تعمیرللندر 5,,,27-Nov-25,790,,,,,,
,"$728,523 ",$2.42 ,,$66.20 ,"AFN 17,230,093",AFN 160,خریداری بالتی به ماشین لایزر تعمیرللندر 5,,,27-Nov-25,791,,,,,,
,"$728,690 ",$166.24 ,,$66.20 ,"AFN 17,241,098","AFN 11,005",خریداری مواد کاشی کاری به تعمیرللندر 5 توسط رسول نظری,,,27-Nov-25,792,,,,,,
,"$729,058 ",$368.58 ,,$66.20 ,"AFN 17,265,498","AFN 24,400",خریداری چسپ کشی و کرای انتقال چسپ کاشی به تعمیرللندر5,,,27-Nov-25,793,,,,,,
,"$729,269 ",$211.00 , $211.00 ,$66.20 ,"AFN 17,265,498",AFN 0,پرداخت برای حاجی شریف بابت خریداری مواد فلزکاری به تعمیرللندر 5 ,27-Nov-25,,27-Nov-25,794,,,,,,
,"$732,272 ","$3,003.00 "," $3,003.00 ",$66.20 ,"AFN 17,265,498",AFN 0,پرداخت برای درواز بدخشان بابت خریداری مواد نلدوانی به تعمیرللندر 5,27-Nov-25,پرداخت برای درواز بدخشان بابت خریداری مواد نلدوانی به تعمیرللندر 5,27-Nov-25,795,,,,,,
,"$732,280 ",$7.55 ,,$66.20 ,"AFN 17,265,998",AFN 500,پیش پرداخت برای زین الله بابت ماه قوس 1404,28-Nov-25,پیش پرداخت برای زین الله بابت ماه قوس 1404,28-Nov-25,796,,,,,,
,"$732,287 ",$7.55 ,,$66.20 ,"AFN 17,266,498",AFN 500,پیش پرداخت برای شریف الله بابت ماه قوس 1404,28-Nov-25,پیش پرداخت برای شریف الله بابت ماه قوس 1404,28-Nov-25,797,,,,,,
,"$732,289 ",$1.51 ,,$66.20 ,"AFN 17,266,598",AFN 100,برداخت برای سفر برقی بابخاطر خریداری کلفت به تعمیرللندر 5,28-Nov-25,برداخت برای سفر برقی بابخاطر خریداری کلفت به تعمیرللندر 5,28-Nov-25,798,,,,,,
,"$732,334 ",$45.32 ,,$66.20 ,"AFN 17,269,598","AFN 3,000",خریداری 50 پاکت چینل سیاه به کاشی کاری تعمیرللندر 5,29-Nov-25,خریداری 50 پاکت چینل سیاه به کاشی کاری تعمیرللندر 5,29-Nov-25,799,,,,,,
,"$732,370 ",$35.80 ,,$66.20 ,"AFN 17,271,968","AFN 2,370",خریداری چسپ کاشی به تعمیرللندر 5,29-Nov-25,خریداری چسپ کاشی به تعمیرللندر 5,29-Nov-25,800,,,,,,
,"$732,433 ",$63.44 ,,$66.20 ,"AFN 17,276,168","AFN 4,200",خریداری تیل پطرول به موتر هایلکس,29-Nov-25,خریداری تیل پطرول به موتر هایلکس,29-Nov-25,801,,,,,,
,"$732,436 ",$3.02 ,,$66.20 ,"AFN 17,276,368",AFN 200,خریداری دو کواتر مبلایل به جنراتور تعمیرللندر 5,29-Nov-25,خریداری دو کواتر مبلایل به جنراتور تعمیرللندر 5,29-Nov-25,802,,,,,,
,"$732,452 ",$15.11 ,,$66.20 ,"AFN 17,277,368","AFN 1,000",پیش پرداخت برای علی احمد توسط حاجی عاشق الله,29-Nov-25,پیش پرداخت برای علی احمد توسط حاجی عاشق الله,29-Nov-25,803,,,,,,
,"$732,455 ",$3.02 ,,$66.30 ,"AFN 17,277,568",AFN 200,خریداری چای سبز به تعمیرللندر 5,30-Nov-25,خریداری چای سبز به تعمیرللندر 5,30-Nov-25,804,,,,,,
,"$732,461 ",$6.64 ,,$66.30 ,"AFN 17,278,008",AFN 440,خریداری سیخ ولدینگ به تعمیرللندر 5,30-Nov-25,خریداری سیخ ولدینگ به تعمیرللندر 5,30-Nov-25,805,,,,,,
,"$732,468 ",$7.24 ,,$66.30 ,"AFN 17,278,488",AFN 480,خریداری پلک برق به تعمیرللندر 5,30-Nov-25,خریداری پلک برق به تعمیرللندر 5,30-Nov-25,806,,,,,,
,"$732,477 ",$9.05 ,,$66.30 ,"AFN 17,279,088",AFN 600,خریداری دو کیلن مواد ضد زنگ توسط حاجی عاشق الله به تعمیرللندر 5,30-Nov-25,خریداری دو کیلن مواد ضد زنگ توسط حاجی عاشق الله به تعمیرللندر 5,30-Nov-25,807,,,,,,
,"$732,508 ",$30.17 ,,$66.30 ,"AFN 17,281,088","AFN 2,000",خریداری تیل پطرول به موتر لکسس توسط عرش الله,30-Nov-25,خریداری تیل پطرول به موتر لکسس توسط عرش الله,30-Nov-25,808,,,,,,
,"$732,517 ",$9.05 ,,$66.30 ,"AFN 17,281,688",AFN 600,خریداری گاز مایع به ایزوگام تشنابهای تعمیرللندر 5,30-Nov-25,خریداری گاز مایع به ایزوگام تشنابهای تعمیرللندر 5,30-Nov-25,809,,,,,,
,"$732,692 ",$174.96 ,,$66.30 ,"AFN 17,293,288","AFN 11,600",خریداری چسپ کاشی سفید به تعمیرللندر 5,30-Nov-25,خریداری چسپ کاشی سفید به تعمیرللندر 5,30-Nov-25,810,,,,,,
,"$732,903 ",$211.16 ,,$66.30 ,"AFN 17,307,288","AFN 14,000",پرداخت معاش مطیع الله سهاک بابت ماه عقرب 1404,30-Nov-25,پرداخت معاش مطیع الله سهاک بابت ماه عقرب 1404,30-Nov-25,811,,,,,,
,"$732,918 ",$15.08 ,,$66.30 ,"AFN 17,308,288","AFN 1,000",خریداری کارت مبایل برای حاجی رفیع الله توسط مطیع الله,30-Nov-25,خریداری کارت مبایل برای حاجی رفیع الله توسط مطیع الله,30-Nov-25,812,,,,,,
,"$737,918 ","$5,000.00 "," $5,000.00 ",$66.30 ,"AFN 17,308,288",AFN 0,پرداخت برای شرکت ALTON بابت نصب PVC تعمیرللندر 5,30-Nov-25,پرداخت برای شرکت ALTON بابت نصب PVC تعمیرللندر 5,30-Nov-25,813,,,,,,
,"$738,099 ",$181.00 ,,$66.30 ,"AFN 17,320,288","AFN 12,000",پرداخت برای خریداری خشت اول به تعمیرللندر 5,1-Dec-25,پرداخت برای خریداری خشت اول به تعمیرللندر 5,1-Dec-25,814,,,,,,
,"$738,245 ",$145.70 ,,$66.30 ,"AFN 17,329,948","AFN 9,660",پرداخت برای خریداری تیل جنراتور به تعمیرللندر 5,1-Dec-25,پرداخت برای خریداری تیل جنراتور به تعمیرللندر 5,1-Dec-25,815,,,,,,
,"$738,248 ",$3.02 ,,$66.30 ,"AFN 17,330,148",AFN 200,پرداخت برای خریداری کارت مبایل به ادریس چوکیدار للندر 5,1-Dec-25,پرداخت برای خریداری کارت مبایل به ادریس چوکیدار للندر 5,1-Dec-25,816,,,,,,
,"$738,249 ",$1.51 ,,$66.30 ,"AFN 17,330,248",AFN 100,خریداری کچالو و واشل دیگ به دفتر کارته سه ,1-Dec-25,خریداری کچالو و واشل دیگ به دفتر کارته سه ,1-Dec-25,817,,,,,,
,"$740,191 ","$1,941.93 ",,$66.30 ,"AFN 17,458,998","AFN 128,750",پرداخت برای حاجی عبدالکریم بابت خریداری سمنت به تعمیرللندر 5,1-Dec-25,پرداخت برای حاجی عبدالکریم بابت خریداری سمنت به تعمیرللندر 5,1-Dec-25,818,,,,,,
,"$740,493 ",$301.66 ,,$66.30 ,"AFN 17,478,998","AFN 20,000",پرداخت برای عرش الله بخاطر مصارف خانه به هدایت حاجی عاشق الله,1-Dec-25,پرداخت برای عرش الله بخاطر مصارف خانه به هدایت حاجی عاشق الله,1-Dec-25,819,,,,,,
,"$740,592 ",$98.79 ,,$66.30 ,"AFN 17,485,548","AFN 6,550",برداشت حاجی عاشق الله از دفتر ,1-Dec-25,برداشت حاجی عاشق الله از دفتر ,1-Dec-25,820,,,,,,
,"$740,644 ",$52.04 ,,$66.30 ,"AFN 17,488,998","AFN 3,450",خریداری چسپ کاشی توسط حاجی عاشق الله ,1-Dec-25,خریداری چسپ کاشی توسط حاجی عاشق الله ,1-Dec-25,821,,,,,,
,"$740,908 ",$264.71 ,,$66.30 ,"AFN 17,506,548","AFN 17,550",پردخت برای شرکت آغا ضیا سادات بابت ایزوگام تشنابهای تعمیرللندر 5,1-Dec-25,پردخت برای شرکت آغا ضیا سادات بابت ایزوگام تشنابهای تعمیرللندر 5,1-Dec-25,822,,,,,,
,"$740,930 ",$21.87 ,,$66.30 ,"AFN 17,507,998","AFN 1,450",خریداری پل چرخ به سایز مختلف هب تعمیرللندر 5,1-Dec-25,خریداری پل چرخ به سایز مختلف هب تعمیرللندر 5,1-Dec-25,823,,,,,,
,"$741,042 ",$111.92 ,,$66.30 ,"AFN 17,515,418","AFN 7,420","خریداری پل چرخ نازک , پل کانکریت و سنگ پالش به تعمیرللندر 5",1-Dec-25,"خریداری پل چرخ نازک , پل کانکریت و سنگ پالش به تعمیرللندر 5",1-Dec-25,824,,,,,,
,"$741,193 ",$151.17 ,,$66.15 ,"AFN 17,525,418","AFN 10,000",پرداخت برای محمد شریف نلدوان بابت تعمیرللندر 5,1-Dec-25,پرداخت برای محمد شریف نلدوان بابت تعمیرللندر 5,1-Dec-25,825,,,,,,
,"$741,254 ",$60.62 ,,$66.15 ,"AFN 17,529,428","AFN 4,010","خریداری میوه خشک از قبیل کشمش , پسته , چپه نمک , بادام و کلچه برای انجیران ناحیه سوم بابت تعمیرللندر 5",,,1-Dec-25,826,,,,,,
,"$741,298 ",$43.99 ,,$66.15 ,"AFN 17,532,338","AFN 2,910",خریداری مواد مرکزگرمی به تعمیرللندر 5,2-Dec-25,خریداری مواد مرکزگرمی به تعمیرللندر 5,2-Dec-25,827,,,,,,
,"$741,382 ",$84.05 ,,$66.15 ,"AFN 17,537,898","AFN 5,560",خریداری فوم 8 ملی دو بره به زیر پایپ های مرکزگرمی تعمیرللندر 5,2-Dec-25,خریداری فوم 8 ملی دو بره به زیر پایپ های مرکزگرمی تعمیرللندر 5,2-Dec-25,828,,,,,,
,"$741,420 ",$37.79 ,,$66.15 ,"AFN 17,540,398","AFN 2,500",پرداخت کرای موتر بابت انتقال مواد کاشی به تعمیرللندر 5,2-Dec-25,پرداخت کرای موتر بابت انتقال مواد کاشی به تعمیرللندر 5,2-Dec-25,829,,,,,,
,"$744,384 ","$2,964.79 ",,$66.20 ,"AFN 17,736,667","AFN 196,269",پرداخت تعرفه 1% جایداد تعمیرللندر 5 حاجی خلیل الله فروشنده و حاجی رفیع الله خریدار,3-Dec-25,پرداخت تعرفه 1% جایداد تعمیرللندر 5 حاجی خلیل الله فروشنده و حاجی رفیع الله خریدار,3-Dec-25,830,,,,,,
,"$751,780 ","$7,396.04 ",,$66.20 ,"AFN 18,226,285","AFN 489,618",پرداخت تعرفه گمرکی دو عراده موتر فرونر از کشور امریکا ,3-Dec-25,پرداخت تعرفه گمرکی دو عراده موتر فرونر از کشور امریکا ,3-Dec-25,831,,,,,,
,"$751,783 ",$2.27 ,,$66.20 ,"AFN 18,226,435",AFN 150,پرداخت کرای تکسی عبدالرحیم بابت انتقال پول به بانک ,3-Dec-25,پرداخت کرای تکسی عبدالرحیم بابت انتقال پول به بانک ,3-Dec-25,832,,,,,,
,"$751,785 ",$1.81 ,,$66.20 ,"AFN 18,226,555",AFN 120,خریداری یک بوتل روغن خورد به دفتر,3-Dec-25,خریداری یک بوتل روغن خورد به دفتر,3-Dec-25,833,,,,,,
,"$752,173 ",$388.07 ,,$66.20 ,"AFN 18,252,245","AFN 25,690","خریداری مواد خوراکه از قبیل برنج , لوبیا, نخود,روغن , مصاله جات و غیره به تعمیرللندر 5",3-Dec-25,"خریداری مواد خوراکه از قبیل برنج , لوبیا, نخود,روغن , مصاله جات و غیره به تعمیرللندر 5",3-Dec-25,834,,,,,,
,"$752,354 ",$181.27 ,,$66.20 ,"AFN 18,264,245","AFN 12,000",پرداخت برای خریداری یک موتر خشت اول به تعمیرللندر 5,3-Dec-25,پرداخت برای خریداری یک موتر خشت اول به تعمیرللندر 5,3-Dec-25,835,,,,,,
,"$752,392 ",$37.76 ,,$66.20 ,"AFN 18,266,745","AFN 2,500",پرداخت کرای موتر انتقال مواد کاشی به تعمیرللندر 5,3-Dec-25,پرداخت کرای موتر انتقال مواد کاشی به تعمیرللندر 5,3-Dec-25,836,,,,,,
,"$752,497 ",$105.14 ,,$66.20 ,"AFN 18,273,705","AFN 6,960",خریداری چسپ کاشی به تعمیرللندر 5,3-Dec-25,خریداری چسپ کاشی به تعمیرللندر 5,3-Dec-25,837,,,,,,
,"$752,499 ",$2.57 ,,$66.20 ,"AFN 18,273,875",AFN 170,خریداری غذا از رستورانت به مطیع الله و عرش الله,3-Dec-25,خریداری غذا از رستورانت به مطیع الله و عرش الله,3-Dec-25,838,,,,,,
,"$752,521 ",$21.15 ,,$66.20 ,"AFN 18,275,275","AFN 1,400",پرداخت اجرت مزد دو روزه ذکریا نلدوان بابت واحد 23 هفتم و تعمیرللندر 2,3-Dec-25,پرداخت اجرت مزد دو روزه ذکریا نلدوان بابت واحد 23 هفتم و تعمیرللندر 2,3-Dec-25,839,,,,,,
,"$752,551 ",$30.51 ,,$66.20 ,"AFN 18,277,295","AFN 2,020",خریداری سامان آلات نلدوانی به واحد نمبر 23 کارته سه منزل هفتم ,3-Dec-25,خریداری سامان آلات نلدوانی به واحد نمبر 23 کارته سه منزل هفتم ,3-Dec-25,840,,,,,,
,"$752,606 ",$55.14 ,,$66.20 ,"AFN 18,280,945","AFN 3,650",خریداری پمپ فشار 0.35 به واحد نمبر 23 کارته سه منزل هفتم,3-Dec-25,خریداری پمپ فشار 0.35 به واحد نمبر 23 کارته سه منزل هفتم,3-Dec-25,841,,,,,,
,"$752,668 ",$61.45 ,,$66.20 ,"AFN 18,285,013","AFN 4,068",پرداخت برای خبازی عبدالمطلب بابت نان خشک به تعمیرللندر 5,3-Dec-25,پرداخت برای خبازی عبدالمطلب بابت نان خشک به تعمیرللندر 5,3-Dec-25,842,,,,,,
,"$752,698 ",$30.21 ,,$66.20 ,"AFN 18,287,013","AFN 2,000",پیش پرداخت برای ادریس چوکیدار تعمیرللندر 5 بابت ماه قوس 1404,3-Dec-25,پیش پرداخت برای ادریس چوکیدار تعمیرللندر 5 بابت ماه قوس 1404,3-Dec-25,843,,,,,,
,"$752,699 ",$0.76 ,,$66.20 ,"AFN 18,287,063",AFN 50,خریداری فیوز به دیگ بخار دفتر,3-Dec-25,خریداری فیوز به دیگ بخار دفتر,3-Dec-25,844,,,,,,
,"$752,710 ",$11.33 ,,$66.20 ,"AFN 18,287,813",AFN 750,خریداری گوشت گوساله به دفتر,3-Dec-25,خریداری گوشت گوساله به دفتر,3-Dec-25,845,,,,,,
,"$752,713 ",$3.02 ,,$66.20 ,"AFN 18,288,013",AFN 200,"خریداری ترکاری , لیمو,مصاله و بادرنگ به دفتر",3-Dec-25,"خریداری ترکاری , لیمو,مصاله و بادرنگ به دفتر",3-Dec-25,846,,,,,,
,"$752,728 ",$15.11 ,,$66.20 ,"AFN 18,289,013","AFN 1,000",پرداخت برای مصارفات کرای موتر عبدالرحیم بابت چندین روز,3-Dec-25,پرداخت برای مصارفات کرای موتر عبدالرحیم بابت چندین روز,3-Dec-25,847,,,,,,
,"$752,729 ",$1.21 ,,$66.20 ,"AFN 18,289,093",AFN 80,خریداری عریضه و نان چاشت ذکریا نلدوان ,3-Dec-25,خریداری عریضه و نان چاشت ذکریا نلدوان ,3-Dec-25,848,,,,,,
,"$752,732 ",$2.27 ,,$66.20 ,"AFN 18,289,243",AFN 150,پرداخت کرای تکسی حاجی عاشق الله بخاطر سودا به دفتر,3-Dec-25,پرداخت کرای تکسی حاجی عاشق الله بخاطر سودا به دفتر,3-Dec-25,849,,,,,,
,"$752,732 ",$0.76 ,,$66.20 ,"AFN 18,289,293",AFN 50,خریداری بن برگر به حاجی عاشق الله ,3-Dec-25,خریداری بن برگر به حاجی عاشق الله ,3-Dec-25,850,,,,,,
,"$752,929 ",$197.13 ,,$66.20 ,"AFN 18,302,343","AFN 13,050","خریداری تکه , تخم مرغ,کرای کراچی ,گروپ ,چاینک  به دفتر",3-Dec-25,"خریداری تکه , تخم مرغ,کرای کراچی ,گروپ ,چاینک  به دفتر",3-Dec-25,851,,,,,,
,"$753,157 ",$227.27 ,,$66.00 ,"AFN 18,317,343","AFN 15,000",پرداخت برای رمضان فلز کار نما بیرونی تعمیرللندر 5,4-Dec-25,پرداخت برای رمضان فلز کار نما بیرونی تعمیرللندر 5,4-Dec-25,852,,,,,,
,"$753,263 ",$106.06 ,,$66.00 ,"AFN 18,324,343","AFN 7,000",پرداخت برای احمد سالم بابت سرن کاری ریگ های زمین دارالمان به تعمیرللندر 5,4-Dec-25,پرداخت برای احمد سالم بابت سرن کاری ریگ های زمین دارالمان به تعمیرللندر 5,4-Dec-25,853,,,,,,
,"$753,373 ",$110.61 ,,$66.00 ,"AFN 18,331,643","AFN 7,300",پرداخت برای کاکا بادام گل بدست حضرت نور بابت تعمیرللندر 5,4-Dec-25,پرداخت برای کاکا بادام گل بدست حضرت نور بابت تعمیرللندر 5,4-Dec-25,854,,,,,,
,"$753,495 ",$121.21 ,,$66.00 ,"AFN 18,339,643","AFN 8,000",پرداخت معاش گل احمد ولد نور احمد بابت ماه عقرب 1404,4-Dec-25,پرداخت معاش گل احمد ولد نور احمد بابت ماه عقرب 1404,4-Dec-25,855,,,,,,
,"$753,654 ",$159.09 ,,$66.00 ,"AFN 18,350,143","AFN 10,500",پرداخت برای خریداری تیل دیز ل به جنراتور تعمیرللندر 5,4-Dec-25,پرداخت برای خریداری تیل دیز ل به جنراتور تعمیرللندر 5,4-Dec-25,856,,,,,,
,"$753,658 ",$3.94 ,,$66.00 ,"AFN 18,350,403",AFN 260,خریداری مصاله بریانی و پیاز به دفتر,4-Dec-25,خریداری مصاله بریانی و پیاز به دفتر,4-Dec-25,857,,,,,,
,"$753,673 ",$15.15 ,,$66.00 ,"AFN 18,351,403","AFN 1,000",خریداری گوشت مرغ به دفتر,4-Dec-25,خریداری گوشت مرغ به دفتر,4-Dec-25,858,,,,,,
,"$754,558 ",$885.61 ,,$66.00 ,"AFN 18,409,853","AFN 58,450",پرداخت برای شرکت تجارتی صمدی بابت خریداری کاشی و چسپ کاشی به تعمیرللندر 5,4-Dec-25,پرداخت برای شرکت تجارتی صمدی بابت خریداری کاشی و چسپ کاشی به تعمیرللندر 5,4-Dec-25,859,,,,,,
,"$755,013 ",$454.55 ,,$66.00 ,"AFN 18,439,853","AFN 30,000",پرداخت برای محمد ابراهیم گچ کار بابت تعمیرللندر 5,4-Dec-25,پرداخت برای محمد ابراهیم گچ کار بابت تعمیرللندر 5,4-Dec-25,860,,,,,,
,"$755,572 ",$559.09 ,,$66.00 ,"AFN 18,476,753","AFN 36,900",پرداخت برای شرکت قلب آسیا بابت خریداری گچ به تعمیرللندر 5,4-Dec-25,پرداخت برای شرکت قلب آسیا بابت خریداری گچ به تعمیرللندر 5,4-Dec-25,861,,,,,,
,"$756,781 ","$1,209.09 ",,$66.00 ,"AFN 18,556,553","AFN 79,800",پرداخت برای عبدالله بابت پلستر کاری تعمیرللندر 5,4-Dec-25,پرداخت برای عبدالله بابت پلستر کاری تعمیرللندر 5,4-Dec-25,862,,,,,,
,"$756,902 ",$121.21 ,,$66.00 ,"AFN 18,564,553","AFN 8,000",پیش پرداخت برای احمد فرید للندر بابت ماه قوس 1404,4-Dec-25,پیش پرداخت برای احمد فرید للندر بابت ماه قوس 1404,4-Dec-25,863,,,,,,
,"$757,165 ",$262.62 ,,$66.00 ,"AFN 18,581,886","AFN 17,333",پرداخت معاش محمد سفر ولد محمد باقر بابت ماه عقرب 1404,4-Dec-25,پرداخت معاش محمد سفر ولد محمد باقر بابت ماه عقرب 1404,4-Dec-25,864,,,,,,
,"$757,237 ",$71.97 ,,$66.00 ,"AFN 18,586,636","AFN 4,750",خریداری تیل پطرول به موتر لکسس توسط سمیرللندر,4-Dec-25,خریداری تیل پطرول به موتر لکسس توسط سمیرللندر,4-Dec-25,865,,,,,,
,"$757,281 ",$43.94 ,,$66.00 ,"AFN 18,589,536","AFN 2,900",پرداخت برای مبلایل تبدیلی جنراتور تعمیرللندر 5,4-Dec-25,پرداخت برای مبلایل تبدیلی جنراتور تعمیرللندر 5,4-Dec-25,866,,,,,,
,"$757,378 ",$97.00 , $97.00 ,$66.00 ,"AFN 18,589,536",AFN 0,خریداری تحفه توسط حاجی رفیع الله بابت تعمیرللندر 5,4-Dec-25,خریداری تحفه توسط حاجی رفیع الله بابت تعمیرللندر 5,4-Dec-25,867,,,,,,
,"$757,388 ",$9.85 ,,$66.00 ,"AFN 18,590,186",AFN 650,خریداری غذا از رستورانت برای مهمانان تعمیرللندر 5,,,4-Dec-25,868,,,,,,
,"$757,531 ",$143.72 ,,$66.10 ,"AFN 18,599,686","AFN 9,500",پرداخت معاش زین الله ولد محمد ظاهر بابت ماه قوس 1404,,,6-Dec-25,869,,,,,,
,"$757,637 ",$105.90 ,,$66.10 ,"AFN 18,606,686","AFN 7,000",پرداخت رسول نظری بابت کاشی کاری تعمیرللندر 5,,,6-Dec-25,870,,,,,,
,"$757,643 ",$6.05 ,,$66.10 ,"AFN 18,607,086",AFN 400,خریداری تشت به گچ کاری تعمیرللندر 5,,,6-Dec-25,871,,,,,,
,"$757,651 ",$7.26 ,,$66.10 ,"AFN 18,607,566",AFN 480,خریداری یک بسته دستکش به کاریگران تعمیرللندر 5,,,6-Dec-25,872,,,,,,
,"$757,656 ",$5.30 ,,$66.10 ,"AFN 18,607,916",AFN 350,خریداری سنگ برش به تعمیرللندر 5,,,6-Dec-25,873,,,,,,
,"$757,807 ",$151.29 ,,$66.10 ,"AFN 18,617,916","AFN 10,000",پرداخت محمد سرور ولد طالب جان بابت ماه عقرب 1404,,,6-Dec-25,874,,,,,,
,"$758,261 ",$453.86 ,,$66.10 ,"AFN 18,647,916","AFN 30,000",پرداخت برای عبدالله بابت پلسترکاری تعمیرللندر 5 بدست اسد الله برادش,,,6-Dec-25,875,,,,,,
,"$758,263 ",$1.97 ,,$66.10 ,"AFN 18,648,046",AFN 130,خریداری پیچ کلان به تعمیرللندر 5,,,6-Dec-25,876,,,,,,
,"$758,265 ",$1.51 ,,$66.10 ,"AFN 18,648,146",AFN 100,خریداری لابرتیپ به تعمیرللندر 5,,,7-Dec-25,877,,,,,,
,"$758,283 ",$18.91 ,,$66.10 ,"AFN 18,649,396","AFN 1,250",پرداخت برای خریداری سیخ گول 10 ملی به تعمیرللندر 5,,,7-Dec-25,878,,,,,,
,"$758,738 ",$454.55 ,,$66.00 ,"AFN 18,679,396","AFN 30,000",پرداخت برای رسول نظری کاشی کار تعمیرللندر 5 به هدایت حاجی عاشق الله,,,7-Dec-25,879,,,,,,
,"$758,762 ",$24.24 ,,$66.00 ,"AFN 18,680,996","AFN 1,600",خریداری مواد کاشی از قبیل کلفت به تعمیرللندر 5,,,7-Dec-25,880,,,,,,
,"$759,080 ",$318.18 ,,$66.00 ,"AFN 18,701,996","AFN 21,000",پرداخت معاش معراج الدین ولد دادالله بابت ماه عقرب 1404,,,7-Dec-25,881,,,,,,
,"$759,099 ",$18.94 ,,$66.00 ,"AFN 18,703,246","AFN 1,250","خریداری چینچ آور ,فیوز و غیره خانه عرش الله",,,7-Dec-25,882,,,,,,
,"$759,130 ",$30.30 ,,$66.00 ,"AFN 18,705,246","AFN 2,000",پرداخت برای تداوی پلسترکار تعمیرللندر5,,,7-Dec-25,883,,,,,,
,"$759,205 ",$75.76 ,,$66.00 ,"AFN 18,710,246","AFN 5,000",برداشت حاجی صبغت الله بخاطر مسجد,,,7-Dec-25,884,,,,,,
,"$759,208 ",$2.73 ,,$66.00 ,"AFN 18,710,426",AFN 180,خریداری گاز مایع به آشپزخانه دفتر,,,7-Dec-25,885,,,,,,
,"$759,209 ",$1.21 ,,$66.00 ,"AFN 18,710,506",AFN 80,خریداری رومی و مرچ تازه به دفتر,,,7-Dec-25,886,,,,,,
,"$759,215 ",$5.91 ,,$66.00 ,"AFN 18,710,896",AFN 390,خریداری گاز مایع به بخاری دفتر,,,7-Dec-25,887,,,,,,
,"$759,218 ",$2.42 ,,$66.00 ,"AFN 18,711,056",AFN 160,خریداری ترکاری به دفتر,,,7-Dec-25,888,,,,,,
,"$759,229 ",$11.36 ,,$66.00 ,"AFN 18,711,806",AFN 750,خریداری گوشت گوساله به دفتر,,,7-Dec-25,889,,,,,,
,"$759,244 ",$15.15 ,,$66.00 ,"AFN 18,712,806","AFN 1,000",خریداری میوه تازه به مهمانان دفتر,,,7-Dec-25,890,,,,,,
,"$759,254 ",$10.11 ,,$66.00 ,"AFN 18,713,473",AFN 667,پرداخت معاش دو روزه عنایت الله بابت ماه میزان 1404,,,7-Dec-25,891,,,,,,
,"$761,054 ","$1,800.00 "," $1,800.00 ",$66.00 ,"AFN 18,713,473",AFN 0,پرداخت برای خریداری سیخ گول 10 ملی به تعمیرللندر5,,,7-Dec-25,892,,,,,,
,"$761,069 ",$15.15 ,,$66.00 ,"AFN 18,714,473","AFN 1,000",خریداری تیل پطرول به موتر هایلکس,,,7-Dec-25,893,,,,,,
,"$761,094 ",$24.24 ,,$66.00 ,"AFN 18,716,073","AFN 1,600",خریداری تراز کرستال به تعمیرللندر 5,,,7-Dec-25,894,,,,,,
,"$761,098 ",$4.55 ,,$66.00 ,"AFN 18,716,373",AFN 300,خریداری نوشابه برای مهمانان تعمیرللندر 5,,,7-Dec-25,895,,,,,,
,"$761,113 ",$15.15 ,,$66.00 ,"AFN 18,717,373","AFN 1,000",پیش پرداخت برای شریف الله ولد فیض محمد بابت ماه قوس 1404,,,7-Dec-25,896,,,,,,
,"$761,265 ",$151.52 ,,$66.00 ,"AFN 18,727,373","AFN 10,000",پرداخت برای رمضان فلز کار بابت نما بیرونی تعمیرللندر ,,,8-Dec-25,897,,,,,,
,"$761,295 ",$30.30 ,,$66.00 ,"AFN 18,729,373","AFN 2,000",برداشت سمیر للندر بخاطر شفاخانه ,,,8-Dec-25,898,,,,,,
,"$761,356 ",$60.61 ,,$66.00 ,"AFN 18,733,373","AFN 4,000",خریداری تیل پطرول به موتر لکسس,,,8-Dec-25,899,,,,,,
,"$761,359 ",$3.33 ,,$66.00 ,"AFN 18,733,593",AFN 220,"خریداری فیوز , گروپ و جین کلفت به دفتر ",,,8-Dec-25,900,,,,,,
,"$761,361 ",$2.27 ,,$66.00 ,"AFN 18,733,743",AFN 150,خریدار گاز مایع به دفتر,,,8-Dec-25,901,,,,,,
,"$761,364 ",$2.73 ,,$66.00 ,"AFN 18,733,923",AFN 180,خریدار گاز مایع به بخاری دفتر,,,8-Dec-25,902,,,,,,
,"$761,366 ",$1.52 ,,$66.00 ,"AFN 18,734,023",AFN 100,خریداری گاز مایع به اتاق چوکیدار تعمیرللندر 5,,,8-Dec-25,903,,,,,,
,"$761,371 ",$4.85 ,,$66.00 ,"AFN 18,734,343",AFN 320,"خریداری بادنجان سیاه, رومی ,مرچ تازه و روب ",,,8-Dec-25,904,,,,,,
,"$761,372 ",$1.06 ,,$66.00 ,"AFN 18,734,413",AFN 70,خریداری چکه به دفتر,,,8-Dec-25,905,,,,,,
,"$761,523 ",$151.52 ,,$66.00 ,"AFN 18,744,413","AFN 10,000",پرداخت معاش هارون ولد فضل الرحمن بابت ماه عقرب 1404,,,8-Dec-25,906,,,,,,
,"$761,524 ",$1.36 ,,$66.00 ,"AFN 18,744,503",AFN 90,خریداری سرکی گاز به تعمیرللندر 5,,,8-Dec-25,907,,,,,,
,"$761,630 ",$105.30 ,,$66.10 ,"AFN 18,751,463","AFN 6,960",خریداری چسپ کاشی به تعمیرللندر 5,,,9-Dec-25,908,,,,,,
,"$761,796 ",$166.41 ,,$66.10 ,"AFN 18,762,463","AFN 11,000","خریداری بخاطر,پایپ , بالون گاز به دفتر ",,,9-Dec-25,909,,,,,,
,"$761,965 ",$168.61 ,,$66.10 ,"AFN 18,773,608","AFN 11,145",خریداری مواد کاشی به تعمیرللندر 5 ,,,9-Dec-25,910,,,,,,
,"$762,105 ",$139.79 ,,$66.10 ,"AFN 18,782,848","AFN 9,240",خریداری تیل دیزل به جنراتور تعمیرللندر 5,,,9-Dec-25,911,,,,,,
,"$762,121 ",$16.64 ,,$66.10 ,"AFN 18,783,948","AFN 1,100","پرداخت برای عبدالرحیم بابت کرای موتر بخاطر طی مراحل اسناد دولتی ریاست صدور مجوز, حوزه مالیاتی سوم و مسلخ ",,,9-Dec-25,912,,,,,,
,"$762,136 ",$15.13 ,,$66.10 ,"AFN 18,784,948","AFN 1,000",خریداری گاز مایع به آشپزخانه تعمیرکارته سه ,,,9-Dec-25,913,,,,,,
,"$762,138 ",$1.51 ,,$66.10 ,"AFN 18,785,048",AFN 100,خریداری کچالو به آشپزخانه تعمیرکارته سه ,,,9-Dec-25,914,,,,,,
,"$762,144 ",$5.75 ,,$66.10 ,"AFN 18,785,428",AFN 380,خریداری کچالو و پیاز به آشپزخانه تعمیرکارته سه ,,,9-Dec-25,915,,,,,,
,"$762,200 ",$56.48 ,,$66.10 ,"AFN 18,789,161","AFN 3,733",پرداخت معاش عبدالقدیر ولد جمعه خان بابت ماه عقرب 1404,,,9-Dec-25,916,,,,,,
,"$762,204 ",$3.78 ,,$66.10 ,"AFN 18,789,411",AFN 250,خریداری گاز و سرکی گاز به تعمیرللندر5,,,9-Dec-25,917,,,,,,
,"$762,344 ",$139.79 ,,$66.10 ,"AFN 18,798,651","AFN 9,240",خریداری تیل دیزل به جنراتور تعمیرللندر 5,,,9-Dec-25,918,,,,,,
,"$762,366 ",$22.69 ,,$66.10 ,"AFN 18,800,151","AFN 1,500",خریداری قطعی 4/4 به تعمیرللندر5,,,10-Dec-25,919,,,,,,
,"$762,398 ",$31.77 ,,$66.10 ,"AFN 18,802,251","AFN 2,100",پرداخت اجرت گلکار محمد عارف بابت خشت کاری خانه بی بی حاجی همسایه تعمیرللندر5,,,10-Dec-25,920,,,,,,
,"$762,406 ",$7.94 ,,$66.10 ,"AFN 18,802,776",AFN 525,"خریداری مکرونی ,لوبیا,نخود,ماست و چاکلیت به دفتر",,,10-Dec-25,921,,,,,,
,"$762,435 ",$28.74 ,,$66.10 ,"AFN 18,804,676","AFN 1,900",خریداری مواد ایزومات به تعمیرللندر5 توسط حاجی عاشق الله,,,11-Dec-25,922,,,,,,
,"$762,545 ",$110.14 ,,$66.10 ,"AFN 18,811,956","AFN 7,280",خریداری پایشویه به تشنابهای تعمیرللندر5,,,11-Dec-25,923,,,,,,
,"$762,548 ",$3.03 ,,$66.10 ,"AFN 18,812,156",AFN 200,خریداری مصاله بریانی به دفتر,,,11-Dec-25,924,,,,,,
,"$762,562 ",$13.62 ,,$66.10 ,"AFN 18,813,056",AFN 900,خریداری گوشت مرغ به دفتر,,,11-Dec-25,925,,,,,,
,"$762,656 ",$94.55 ,,$66.10 ,"AFN 18,819,306","AFN 6,250","خریداری هاردسک ,کیبورد به دفتر ",,,11-Dec-25,926,,,,,,
,"$762,658 ",$2.27 ,,$66.10 ,"AFN 18,819,456",AFN 150,خریداری ادپتر کمره به گدام کارته سه ,,,11-Dec-25,927,,,,,,
,"$762,888 ",$229.95 ,,$66.10 ,"AFN 18,834,656","AFN 15,200",پرداخت برای کاکا بادام گل بابت خریداری خشت اول و انتقال ریگ از زمین دارالامان به تعمیرللندر 5,,,11-Dec-25,928,,,,,,
,"$762,892 ",$3.78 ,,$66.10 ,"AFN 18,834,906",AFN 250,خریداری گاز مایع به دفتر,,,11-Dec-25,929,,,,,,
,"$763,316 ",$423.60 ,,$66.10 ,"AFN 18,862,906","AFN 28,000",پرداخت برای قاضی دیان  بخاطر دعوی جایداد عبدالله توسط بریالی,,,11-Dec-25,930,,,,,,
,"$763,346 ",$30.26 ,,$66.10 ,"AFN 18,864,906","AFN 2,000",پیش پرداخت علی احمد ولد محممد باقر بابت ماه قوس 1404,,,11-Dec-25,931,,,,,,
,"$764,447 ","$1,100.83 ",,$66.10 ,"AFN 18,937,671","AFN 72,765",پرداخت برای عبدالله بابت پلستر کاری بیرونی تعمیرللندر5,,,11-Dec-25,932,,,,,,
,"$764,477 ",$30.26 ,,$66.10 ,"AFN 18,939,671","AFN 2,000",پیش پرداخت برای شریف الله ولد فیض محمد بابت ماه قوس 1404,,,11-Dec-25,933,,,,,,
,"$764,674 ",$196.67 ,,$66.10 ,"AFN 18,952,671","AFN 13,000",پرداخت برای رسول نظری بابت شفته ریزی منزل هفتم تعمیرللندر5,,,11-Dec-25,934,,,,,,
,"$764,679 ",$5.45 ,,$66.10 ,"AFN 18,953,031",AFN 360,خریداری شورمه به خانه ,,,11-Dec-25,935,,,,,,
,"$764,788 ",$108.93 ,,$66.10 ,"AFN 18,960,231","AFN 7,200",خریداری فراشوت و کرای موتر به تعمیرللندر5,,,11-Dec-25,936,,,,,,
,"$764,796 ",$7.56 ,,$66.10 ,"AFN 18,960,731",AFN 500,خریداری میوه تازه به مهمانان دفتر ,,,11-Dec-25,937,,,,,,
,"$764,806 ",$10.59 ,,$66.10 ,"AFN 18,961,431",AFN 700,خریداری مواد بهداشتی و میوه تازه خانه,,,11-Dec-25,938,,,,,,
,"$764,829 ",$22.69 ,,$66.10 ,"AFN 18,962,931","AFN 1,500",خریداری تیل پطرول به موتر لکسس ,,,11-Dec-25,939,,,,,,
,"$764,859 ",$30.26 ,,$66.10 ,"AFN 18,964,931","AFN 2,000",خریداری غذا از رستوانت بخاطر مهمانان دفتر,,,11-Dec-25,940,,,,,,
,"$764,905 ",$45.39 ,,$66.10 ,"AFN 18,967,931","AFN 3,000",برداشت حاجی عاشق الله از دفتر,,,11-Dec-25,941,,,,,,
,"$764,935 ",$30.26 ,,$66.10 ,"AFN 18,969,931","AFN 2,000",خریداری گاز مایع به دفتر,,,11-Dec-25,942,,,,,,
,"$764,962 ",$26.82 ,,$66.00 ,"AFN 18,971,701","AFN 1,770",پرداخت کرای کرای انتقال و بارگیری کاشی به تعمیرللندر5,,,13-Dec-25,943,,,,,,
,"$764,972 ",$9.85 ,,$66.00 ,"AFN 18,972,351",AFN 650,خریداری ماهی به تعمیرللندر 5,,,13-Dec-25,944,,,,,,
,"$764,977 ",$5.30 ,,$66.00 ,"AFN 18,972,701",AFN 350,خریداری مواد ضد زنگ به تعمیرللندر 5,,,13-Dec-25,945,,,,,,
,"$765,110 ",$133.43 ,,$66.10 ,"AFN 18,981,521","AFN 8,820",خریداری تیل دیزل به جنراتور تعمیرللندر 5,,,14-Dec-25,946,,,,,,
,"$765,163 ",$52.95 ,,$66.10 ,"AFN 18,985,021","AFN 3,500",پیش پرداخت برای ادریس چوکیدار تعمیرللندر 5 بابت ماه قوس 1404,,,14-Dec-25,947,,,,,,
,"$765,314 ",$151.29 ,,$66.10 ,"AFN 18,995,021","AFN 10,000",پرداخت برای نقیب الله بابت گچ کاری منزل هشتم تعمیرللندر 5,,,14-Dec-25,948,,,,,,
,"$765,360 ",$45.39 ,,$66.10 ,"AFN 18,998,021","AFN 3,000",پرداخت برای رسول نظری بابت کاشی کاری تعمیرللندر 5,,,14-Dec-25,949,,,,,,
,"$765,363 ",$3.03 ,,$66.10 ,"AFN 18,998,221",AFN 200,پرداخت برای ادریس بابت خریداری مبلایل به کمبودی جنراتور تعمیرللندر 5,,,14-Dec-25,950,,,,,,
,"$765,372 ",$9.08 ,,$66.10 ,"AFN 18,998,821",AFN 600,خریداری گاز مایع به دفتر بخاطر بخاری ,,,14-Dec-25,951,,,,,,
,"$765,376 ",$4.24 ,,$66.10 ,"AFN 18,999,101",AFN 280,"خریداری لوبیا, رومی , ماست ,مرچ تازه ,بادرنگ به دفتر",,,14-Dec-25,952,,,,,,
,"$766,114 ",$738.28 ,,$66.10 ,"AFN 19,047,901","AFN 48,800","پرداخت برای خیاطی لباس بابت خریداری و تهیه لباس برای انجنیر حیات همسایه للندر 5 ,حاجی عاشق الله,سمیرللندر,عرش الله,خسرو,انجنیر فرید کارمند ناحیه سه,حاجی جاویدالله,حاجی صاحب کلان و طه ",,,14-Dec-25,953,,,,,,
,"$766,155 ",$41.00 ,,$66.10 ,"AFN 19,050,611","AFN 2,710",خریداری تیل پطرول به موتر لکسس ,,,15-Dec-25,954,,,,,,
,"$766,467 ",$311.65 ,,$66.10 ,"AFN 19,071,211","AFN 20,600",پرداخت برای شرکت قلب آسیا بابت خریداری گچ به تعمیرللندر 5,,,15-Dec-25,955,,,,,,
,"$766,572 ",$105.14 ,,$66.10 ,"AFN 19,078,161","AFN 6,950",خریداری چسپ عقیق به کاشی کاری تعمیرللندر 5,,,15-Dec-25,956,,,,,,
,"$766,575 ",$3.03 ,,$66.10 ,"AFN 19,078,361",AFN 200,پرداخت برای شستشوی موتر هایلکس ,,,15-Dec-25,957,,,,,,
,"$766,609 ",$33.23 ,,$66.20 ,"AFN 19,080,561","AFN 2,200",پرداخت فیس انترنت دفتر بابت 16 دسمبر الی 15 جنوری 2026,,,16-Dec-25,958,,,,,,
,"$766,630 ",$21.90 ,,$66.20 ,"AFN 19,082,011","AFN 1,450",خریداری فیوز 125 امپیر همراه با  کرای موتر به تعمیرللندر 5,,,16-Dec-25,959,,,,,,
,"$766,698 ",$67.98 ,,$66.20 ,"AFN 19,086,511","AFN 4,500",خریداری تیل پطرول به موتر لکسس,,,16-Dec-25,960,,,,,,
,"$766,706 ",$7.55 ,,$66.20 ,"AFN 19,087,011",AFN 500,"خریداری چای سبز, مایع ظرفشویی و غیره به دفتر",,,17-Dec-25,961,,,,,,
,"$766,707 ",$0.91 ,,$66.20 ,"AFN 19,087,071",AFN 60,خریداری کلفت به تعمیرللندر5,,,17-Dec-25,962,,,,,,
,"$766,709 ",$2.42 ,,$66.20 ,"AFN 19,087,231",AFN 160,خریداری جاروب و برس به تعمیرللندر5,,,17-Dec-25,963,,,,,,
,"$766,951 ",$241.69 ,,$66.20 ,"AFN 19,103,231","AFN 16,000",پرداخت برای کاکا بادام گل بابت خریداری ریگ شسته و خشت اول به تعمیرللندر5,,,17-Dec-25,964,,,,,,
,"$766,974 ",$22.66 ,,$66.20 ,"AFN 19,104,731","AFN 1,500",خریداری تیل پطرول به موتر لکسس ,,,17-Dec-25,965,,,,,,
,"$766,989 ",$15.11 ,,$66.20 ,"AFN 19,105,731","AFN 1,000",خریداری گاز مایع به آشپزخانه دفترکارته سه ,,,17-Dec-25,966,,,,,,
,"$766,996 ",$7.55 ,,$66.20 ,"AFN 19,106,231",AFN 500,خریداری کارت مبایل به حاجی عاشق الله ,,,17-Dec-25,967,,,,,,
,"$767,008 ",$11.33 ,,$66.20 ,"AFN 19,106,981",AFN 750,"خریداری هوس پیپ لیلیتر , کلفت و صافی به للندر 5",,,17-Dec-25,968,,,,,,
,"$767,370 ",$362.54 ,,$66.20 ,"AFN 19,130,981","AFN 24,000",خریداری چسپ کاشی و کرای موتر به تعمیرللندر 5,,,17-Dec-25,969,,,,,,
,"$767,390 ",$19.94 ,,$66.20 ,"AFN 19,132,301","AFN 1,320",خریداری فیوز اتومات ترکی اصلی و چیج آور اتومات اصلی و میخ به تعمیرللندر و کارته سه ,,,17-Dec-25,970,,,,,,
,"$767,413 ",$22.62 ,,$66.30 ,"AFN 19,133,801","AFN 1,500",خریداری قطعی 4/4 به تعمیرللندر 5,,,18-Dec-25,971,,,,,,
,"$767,428 ",$15.08 ,,$66.30 ,"AFN 19,134,801","AFN 1,000",پیش پرداخت برای محمد سرور ولد طالب بابت ماه قوس 1404,,,18-Dec-25,972,,,,,,
,"$767,485 ",$57.32 ,,$66.30 ,"AFN 19,138,601","AFN 3,800",پرداخت برای مبلایل تبدیلی موتر لکسس,,,18-Dec-25,973,,,,,,
,"$767,490 ",$5.28 ,,$66.30 ,"AFN 19,138,951",AFN 350,پرداخت برای موتر شویی و پالشکاری موتر لکسس,,,18-Dec-25,974,,,,,,
,"$767,504 ",$13.57 ,,$66.30 ,"AFN 19,139,851",AFN 900,خریداری گوشت مرغ به آشپزخانه کارته سه ,,,18-Dec-25,975,,,,,,
,"$767,505 ",$0.75 ,,$66.30 ,"AFN 19,139,901",AFN 50,خریداری رجه به تعمیرللندر 5,,,18-Dec-25,976,,,,,,
,"$767,506 ",$1.51 ,,$66.30 ,"AFN 19,140,001",AFN 100,خریداری رجه به تعمیرللندر 5,,,18-Dec-25,977,,,,,,
,"$769,414 ","$1,907.99 ",,$66.30 ,"AFN 19,266,501","AFN 126,500",پرداخت برای حاجی عبدالکریم بابت خریداری سمنت ایرانی به تعمیرللندر 5,,,18-Dec-25,978,,,,,,
,"$769,716 ",$301.66 ,,$66.30 ,"AFN 19,286,501","AFN 20,000",پرداخت برای نقیب الله گچ کار بابت تعمیرللندر 5,,,18-Dec-25,979,,,,,,
,"$769,965 ",$248.87 ,,$66.30 ,"AFN 19,303,001","AFN 16,500",پرداخت برای آغا صاحب ضیا بابت خریداری مواد ایزوگام به تعمیرللندر 5,,,18-Dec-25,980,,,,,,
,"$770,168 ",$203.62 ,,$66.30 ,"AFN 19,316,501","AFN 13,500",پرداخت برای کاکا بادام گل بدست روزالدین بابت خریداری خشت اول و انتقال ریگ از دارالامان به للندر 5,,,18-Dec-25,981,,,,,,
,"$770,319 ",$150.83 ,,$66.30 ,"AFN 19,326,501","AFN 10,000",پرداخت برای محمد شریف نلدوان بابت تعمیرللندر 5,,,18-Dec-25,982,,,,,,
,"$772,657 ","$2,337.86 ",,$66.30 ,"AFN 19,481,501","AFN 155,000",پرداخت برای شرکت برادران صمدی بابت خریداری کاشی به تعمیرللندر 5,,,18-Dec-25,983,,,,,,
,"$775,283 ","$2,625.85 ",,$66.30 ,"AFN 19,655,595","AFN 174,094",پرداخت برای شرکت تجارتی آخندزاده بابت خریداری گرانیت به تعمیرللندر 5,,,18-Dec-25,984,,,,,,
,"$775,585 ",$301.66 ,,$66.30 ,"AFN 19,675,595","AFN 20,000",پرداخت برای رسول نظری بابت کاشی کاری تعمیرللندر 5,,,18-Dec-25,985,,,,,,
,"$775,609 ",$24.49 ,,$66.30 ,"AFN 19,677,219","AFN 1,624",پرداخت برای خریداری مواد کاشی کاری به تعمیرللندر5,,,18-Dec-25,986,,,,,,
,"$775,612 ",$3.02 ,,$66.30 ,"AFN 19,677,419",AFN 200,پرداخت معاش باقیمانده علی احمد ولد محمد باقر بابت ماه عقرب 1404,,,18-Dec-25,987,,,,,,
,"$775,657 ",$45.25 ,,$66.30 ,"AFN 19,680,419","AFN 3,000",پیش پرداخت برای علی احمد ولد محمد باقر بابت ماه قوس 1404,,,18-Dec-25,988,,,,,,
,"$775,752 ",$95.02 ,,$66.30 ,"AFN 19,686,719","AFN 6,300",پرداخت برای کاکا بادام گل توسط روز الدین بابت خریداری جغل بادامی به کوچه وکیل صاحب قیومی به هدایت دفتر ,,,18-Dec-25,989,,,,,,
,"$775,767 ",$14.35 ,,$66.20 ,"AFN 19,687,669",AFN 950,"خریداری مبلایل , فلتر و آب انتر فریز به جنراتور تعمیرللندر 5",,,19-Dec-25,990,,,,,,
,"$775,771 ",$4.53 ,,$66.20 ,"AFN 19,687,969",AFN 300,خریداری ویس پلاس به تعمیرللندر 5,,,19-Dec-25,991,,,,,,
,"$775,801 ",$29.91 ,,$66.20 ,"AFN 19,689,949","AFN 1,980","خریداری پلاس , رنج و غیره به مبلایل تبدیلی جنراتور",,,19-Dec-25,992,,,,,,
,"$775,816 ",$14.35 ,,$66.20 ,"AFN 19,690,899",AFN 950,خریداری فلتر مبلایل و فلتر تیل به تعمیرللندر5,,,19-Dec-25,993,,,,,,
,"$775,916 ",$100.00 ,,$66.20 ,"AFN 19,697,519","AFN 6,620",برداشت شخصی فرید للندر بابت ماه قوس 1404,,,20-Dec-25,994,,,,,,
,"$776,058 ",$142.75 ,,$66.20 ,"AFN 19,706,969","AFN 9,450",خریداری تیل دیزل به جنراتور تعمیرللندر5,,,20-Dec-25,995,,,,,,
,"$776,126 ",$67.98 ,,$66.20 ,"AFN 19,711,469","AFN 4,500",خریداری تیل پطرول به موتر لکسس,,,20-Dec-25,996,,,,,,
,"$777,945 ","$1,818.85 ",,$66.30 ,"AFN 19,832,059","AFN 120,590",خریداری تخته پلایود به قالبکاری تعمیرللندر 5 و استفاده آن به تعمیرللندر 4,,,21-Dec-25,997,,,,,,
,"$777,947 ",$2.26 ,,$66.30 ,"AFN 19,832,209",AFN 150,خریداری پل کانکریت به تعمیرللندر5,,,21-Dec-25,998,,,,,,
,"$777,949 ",$1.51 ,,$66.30 ,"AFN 19,832,309",AFN 100,خریداری دبل به تعمیرللندر 5,,,21-Dec-25,999,,,,,,
,"$777,950 ",$1.51 ,,$66.30 ,"AFN 19,832,409",AFN 100,پرداخت برای ادریس بطور بخشش,,,21-Dec-25,1000,,,,,,
,"$777,990 ",$39.97 ,,$66.30 ,"AFN 19,835,059","AFN 2,650",پرداخت اجرت بارگیری و کرای موتر کاشی به تعمیرللندر5,,,21-Dec-25,1001,,,,,,
,"$778,024 ",$33.18 ,,$66.30 ,"AFN 19,837,259","AFN 2,200",پرداخت برای بارگیری و کرای انتقال کاشی به تعمیرللندر 5,,,21-Dec-25,1002,,,,,,
,"$778,029 ",$5.28 ,,$66.30 ,"AFN 19,837,609",AFN 350,خریداری مواد کاشی از شرکت کابل ترید به تعمیرللندر5,,,21-Dec-25,1003,,,,,,
,"$778,110 ",$81.45 ,,$66.30 ,"AFN 19,843,009","AFN 5,400",خریداری مواد کاشی از شرکت کابل ترید به تعمیرللندر5,,,21-Dec-25,1004,,,,,,
,"$778,345 ",$234.33 ,,$66.30 ,"AFN 19,858,545","AFN 15,536",خریداری مواد کاشی از شرکت کابل ترید به تعمیرللندر5,,,21-Dec-25,1005,,,,,,
,"$778,350 ",$5.13 ,,$66.30 ,"AFN 19,858,885",AFN 340,خریداری سیخ ولدینگ به تعمیرللندر5,,,21-Dec-25,1006,,,,,,
,"$778,395 ",$45.25 ,,$66.30 ,"AFN 19,861,885","AFN 3,000",پرداخت معاش باقیمانده اریس ولد دولت بابت ماه قوس 1404,,,21-Dec-25,1007,,,,,,
,"$778,410 ",$15.08 ,,$66.30 ,"AFN 19,862,885","AFN 1,000",پیش پرداخت برای ادریس چویکدار تعمیرللندر5 بابت ماه جدی 1404,,,21-Dec-25,1008,,,,,,
,"$778,470 ",$60.33 ,,$66.30 ,"AFN 19,866,885","AFN 4,000",پرداخت برای رسول نظری به هدایت حاجی عاشق الله بابت کاشی کاری تعمیرللند ر5,,,21-Dec-25,1009,,,,,,
,"$778,476 ",$6.03 ,,$66.30 ,"AFN 19,867,285",AFN 400,خریداری کیک برای مهمانان تعمیرللندر 5,,,21-Dec-25,1010,,,,,,
,"$778,482 ",$6.03 ,,$66.30 ,"AFN 19,867,685",AFN 400,خریداری براکت و دبل به تعمیرللندر 5,,,21-Dec-25,1011,,,,,,
,"$778,483 ",$0.75 ,,$66.30 ,"AFN 19,867,735",AFN 50,خریداری پیچ و نوکه برمه تعمیرللندر 5,,,21-Dec-25,1012,,,,,,
,"$778,488 ",$4.53 ,,$66.20 ,"AFN 19,868,035",AFN 300,خریداری کچالو به اشپزخانه دفتر کارته سه ,,,22-Dec-25,1013,,,,,,
,"$778,497 ",$9.06 ,,$66.20 ,"AFN 19,868,635",AFN 600,خریداری گاز مایع به ایزوگام کاری تشناب های تعمیرللندر 5,,,22-Dec-25,1014,,,,,,
,"$778,501 ",$3.78 ,,$66.20 ,"AFN 19,868,885",AFN 250,خریداری سرپوش لیلیتر به جنراتور تعمیرللندر 5,,,22-Dec-25,1015,,,,,,
,"$778,531 ",$30.21 ,,$66.20 ,"AFN 19,870,885","AFN 2,000",پیش پرداخت برای ادریس ولد دولت بابت ماه جدی 1404,,,22-Dec-25,1016,,,,,,
,"$778,567 ",$36.25 ,,$66.20 ,"AFN 19,873,285","AFN 2,400",پرداخت معاش باقیمانده احمد فرید للندر ولد علاوالدین بابت ماه قوس 1404,,,22-Dec-25,1017,,,,,,
,"$778,597 ",$30.21 ,,$66.20 ,"AFN 19,875,285","AFN 2,000",خریداری پلیت 3 ملی به تعمیرللندر 5,,,22-Dec-25,1018,,,,,,
,"$781,499 ","$2,901.75 ",,$66.20 ,"AFN 20,067,381","AFN 192,096",خریداری تخته پلایوت 18 ملی روسی به تعمیرللندر 5 و استفاده آن به تعمیرللندر 4,,,22-Dec-25,1019,,,,,,
,"$781,500 ",$0.76 ,,$66.20 ,"AFN 20,067,431",AFN 50,خریداری پل به تعمیرللندر5,,,22-Dec-25,1020,,,,,,
,"$781,500 ",$0.00 ,,$66.20 ,"AFN 20,067,431",AFN 0,پرداخت معاش باقیمانده ادریس ولد دولت بابت ماه قوس  1404,,,22-Dec-25,1021,,,,,,
,"$781,518 ",$18.13 ,,$66.20 ,"AFN 20,068,631","AFN 1,200",خریداری تیل پطرول سوپر به موتر تعمیرللندر 5,,,22-Dec-25,1022,,,,,,
,"$781,879 ",$361.03 ,,$66.20 ,"AFN 20,092,531","AFN 23,900",خریداری چسپ کاشی به تعمیرللندر 5,,,23-Dec-25,1023,,,,,,
,"$782,332 ",$453.17 ,,$66.20 ,"AFN 20,122,531","AFN 30,000",پرداخت و تصفیه حساب مکمل  محمد سالم بابت سرن کاری ریگ های زمین دارالامان به تعمیرللندر 5,,,23-Dec-25,1024,,,,,,
,"$782,340 ",$7.55 ,,$66.20 ,"AFN 20,123,031",AFN 500,خریداری گاز به ایزوگام کاری تشناب های تعمیرللندر5,,,23-Dec-25,1025,,,,,,
,"$782,345 ",$5.29 ,,$66.20 ,"AFN 20,123,381",AFN 350,پرداخت کرای موتر بابت انتقال مواد ایزوگام به تعمیرللندر 5,,,23-Dec-25,1026,,,,,,
,"$782,647 ",$302.11 ,,$66.20 ,"AFN 20,143,381","AFN 20,000",پرداخت برای عبدالله بابت پلستر کاری بیرونی تعمیرللندر5,,,23-Dec-25,1027,,,,,,
,"$782,759 ",$111.78 ,,$66.20 ,"AFN 20,150,781","AFN 7,400",خریداری فراشوت به تعمیرللندر5,,,23-Dec-25,1028,,,,,,
,"$782,762 ",$3.02 ,,$66.20 ,"AFN 20,150,981",AFN 200,پرداخت برای شستشوی موتر هایلکس,,,23-Dec-25,1029,,,,,,
,"$782,769 ",$7.55 ,,$66.20 ,"AFN 20,151,481",AFN 500,خریداری گاز مایع به تعمیرللندر5,,,23-Dec-25,1030,,,,,,
,"$783,175 ",$406.04 ,,$66.20 ,"AFN 20,178,361","AFN 26,880",خریداری قیتک و قلفک قالبکاری به تعمیرللندر 5 و استفاده آن به تعمیرللندر 4,,,23-Dec-25,1031,,,,,,
,"$783,204 ",$28.40 ,,$65.50 ,"AFN 20,180,221","AFN 1,860",خریداری کاغذ A4 و پلاستیک شیت به تعمیرللندر 5,,,23-Dec-25,1032,,,,,,
,"$783,205 ",$1.07 ,,$65.50 ,"AFN 20,180,291",AFN 70,خریداری گاز مایع به دفتر ساحوی تعمیرللندر 5,,,23-Dec-25,1033,,,,,,
,"$783,222 ",$16.79 ,,$65.50 ,"AFN 20,181,391","AFN 1,100",خریداری مواد ساختمانی از فروشگاه مواد تعمیراتی سید هاشم قریشی به تعمیرللندر 5,,,23-Dec-25,1034,,,,,,
,"$783,497 ",$274.81 ,,$65.50 ,"AFN 20,199,391","AFN 18,000",خریداری تخته 16 ملی پویا برجسته به تعمیرللندر 5,,,23-Dec-25,1035,,,,,,
,"$783,517 ",$20.46 ,,$65.50 ,"AFN 20,200,731","AFN 1,340","خریداری سرش فولادی ,سرش چوبی,لابرتیپ ,پیچ سیاه و تیرک به تعمیرللندر 5",,,23-Dec-25,1036,,,,,,
,"$783,528 ",$11.45 ,,$65.50 ,"AFN 20,201,481",AFN 750,خریداری چینل یک خطه به تعمیرللندر 5,,,23-Dec-25,1037,,,,,,
,"$783,553 ",$25.04 ,,$65.50 ,"AFN 20,203,121","AFN 1,640",خریداری نوار 16 ملی عادی ایرانی و فارسی برش به تعمیرللندر 5,,,23-Dec-25,1038,,,,,,
,"$783,600 ",$46.53 ,,$66.20 ,"AFN 20,206,201","AFN 3,080",خریداری چسپ کاشی به تعمیرللندر5,,,24-Dec-25,1039,,,,,,
,"$783,725 ",$124.65 ,,$66.20 ,"AFN 20,214,453","AFN 8,252",خریداری تیل دیزل به جنراتور تعمیرللندر5,,,24-Dec-25,1040,,,,,,
,"$783,785 ",$60.42 ,,$66.20 ,"AFN 20,218,453","AFN 4,000",خریداری تیل به موتر لکسس,,,24-Dec-25,1041,,,,,,
,"$783,792 ",$6.80 ,,$66.20 ,"AFN 20,218,903",AFN 450,خریداری لابرتیپ به تعمیرللندر5,,,24-Dec-25,1042,,,,,,
,"$783,794 ",$2.11 ,,$66.20 ,"AFN 20,219,043",AFN 140,خریداری پیاز و نمک به آشپزخانه کارته سه ,,,24-Dec-25,1043,,,,,,
,"$783,798 ",$4.53 ,,$66.20 ,"AFN 20,219,343",AFN 300,خریداری کچالو به دفتر,,,24-Dec-25,1044,,,,,,
,"$783,800 ",$1.96 ,,$66.20 ,"AFN 20,219,473",AFN 130,خریداری کشمش به آشپزخانه دفترکارته سه ,,,24-Dec-25,1045,,,,,,
,"$783,802 ",$1.21 ,,$66.20 ,"AFN 20,219,553",AFN 80,خریداری پل برمه به تعمیرللندر5,,,24-Dec-25,1046,,,,,,
,"$783,896 ",$94.41 ,,$66.20 ,"AFN 20,225,803","AFN 6,250",خریداری کلفت به کاشی کاری تعمیرللندر5,,,24-Dec-25,1047,,,,,,
,"$783,907 ",$11.33 ,,$66.20 ,"AFN 20,226,553",AFN 750,خریداری پایشویه به تشنابهای تعمیرللندر5,,,24-Dec-25,1048,,,,,,
,"$784,022 ",$114.80 ,,$66.20 ,"AFN 20,234,153","AFN 7,600",خریداری پایشویه به تشنابهای تعمیرللندر5,,,24-Dec-25,1049,,,,,,
,"$784,030 ",$7.55 ,,$66.20 ,"AFN 20,234,653",AFN 500,خریداری گاز مایع به ایزوگام کاری تشناب های تعمیرللندر5,,,24-Dec-25,1050,,,,,,
,"$784,066 ",$36.25 ,,$66.20 ,"AFN 20,237,053","AFN 2,400",پرداخت کرای موتر و بارگیری کاشی به تعمیرللندر5,,,24-Dec-25,1051,,,,,,
,"$784,247 ",$180.78 ,,$66.38 ,"AFN 20,249,053","AFN 12,000",خریداری قیتک  قالبکاری 45/ 168 و 60/74 به تعمیرللندر 5 و استفاده آن به تعمیرللندر4,,,24-Dec-25,1052,,,,,,
,"$784,493 ",$246.60 ,,$66.10 ,"AFN 20,265,353","AFN 16,300",پرداخت برای تصفیه حساب باقیمانده بل نمبر 921 قلب آسیا بابت گچ به تعمیرللندر5,,,25-Dec-25,1053,,,,,,
,"$784,509 ",$15.43 ,,$66.10 ,"AFN 20,266,373","AFN 1,020",خریداری گاز مایع به دفترکارته سه,,,25-Dec-25,1054,,,,,,
,"$784,513 ",$4.24 ,,$66.10 ,"AFN 20,266,653",AFN 280,"خریداری رومی ,زنجفیل ,سیرو نعنا به دفتر",,,25-Dec-25,1055,,,,,,
,"$784,530 ",$16.94 ,,$66.10 ,"AFN 20,267,773","AFN 1,120",خریداری گوشت مرغ به تعمیرللندر5,,,25-Dec-25,1056,,,,,,
,"$784,535 ",$4.54 ,,$66.10 ,"AFN 20,268,073",AFN 300,پرداخت کرای انتقال جالی راویز به تعمیرللندر5,,,25-Dec-25,1057,,,,,,
,"$784,541 ",$6.81 ,,$66.10 ,"AFN 20,268,523",AFN 450,خریداری دستکش به کاریگران تعمیرللندر5,,,25-Dec-25,1058,,,,,,
,"$784,544 ",$3.03 ,,$66.10 ,"AFN 20,268,723",AFN 200,پرداخت برای ادریس چوکیدار بخششی توسط سمیر,,,25-Dec-25,1059,,,,,,
,"$784,705 ",$160.36 ,,$66.10 ,"AFN 20,279,323","AFN 10,600",پرداخت برای خریداری جالی راویز به تعمیرللندر5,,,25-Dec-25,1060,,,,,,
,"$784,894 ",$188.96 ,,$66.10 ,"AFN 20,291,813","AFN 12,490",پرداخت برای حاجی شریف بابت خریداری مواد فلز کاری به تعمیرللندر5,,,25-Dec-25,1061,,,,,,
,"$785,045 ",$151.29 ,,$66.10 ,"AFN 20,301,813","AFN 10,000",پرداخت برای محمد شریف نلدوان بابت تعمیرللندر5,,,25-Dec-25,1062,,,,,,
,"$785,272 ",$226.93 ,,$66.10 ,"AFN 20,316,813","AFN 15,000",پرداخت برای نقیب الله گچ کار تعمیرللندر5,,,25-Dec-25,1063,,,,,,
,"$785,650 ",$378.21 ,,$66.10 ,"AFN 20,341,813","AFN 25,000",پرداخت رسول نظری بابت کاشی کاری تعمیرللندر5,,,25-Dec-25,1064,,,,,,
,"$785,810 ",$160.36 ,,$66.10 ,"AFN 20,352,413","AFN 10,600","پراخت برای کاکا بادام گل توسط روزالدین بابت انتقال ریگ , سمنت به تعمیرللندر 5",,,25-Dec-25,1065,,,,,,
,"$785,874 ",$63.54 ,,$66.10 ,"AFN 20,356,613","AFN 4,200",پراخت برای کاکا بادام گل توسط روزالدین بابت انتقال مواد قالبکاری از للندر 5 به للندر 4 ,,,25-Dec-25,1066,,,,,,
,"$786,074 ",$199.70 ,,$66.10 ,"AFN 20,369,813","AFN 13,200",پرداخت معاش عبدالرحیم ولد عبدالغفور بابت ماه قوس 1404,,,25-Dec-25,1067,,,,,,
,"$786,350 ",$276.10 ,,$66.10 ,"AFN 20,388,063","AFN 18,250",خریداری پل گرد بر به تعمیرللندر5,,,25-Dec-25,1068,,,,,,
,"$786,387 ",$37.07 ,,$66.10 ,"AFN 20,390,513","AFN 2,450",خریداری سیخ ولدینگ و لکسوانه به تعمیرللندر5,,,25-Dec-25,1069,,,,,,
,"$786,394 ",$7.56 ,,$66.10 ,"AFN 20,391,013",AFN 500,پرداخت برای خریداری کارت مبایل دو ماهه معراج ,,,25-Dec-25,1070,,,,,,
,"$786,915 ",$520.57 ,,$66.10 ,"AFN 20,425,423","AFN 34,410","خریداری برنج , روغن , لوبیا ,نخود و مصاله جات به کاریگران تعمیرللندر 5","AFN 46,047","خریداری برنج , روغن , لوبیا ,نخود و مصاله جات به کاریگران تعمیرللندر 5",25-Dec-25,1071,,,,,,
,"$787,206 ",$291.23 ,,$66.10 ,"AFN 20,444,673","AFN 19,250","خریداری پل 3"" کانکریت بر به تعمیرللندر 5",,,25-Dec-25,1072,,,,,,
,"$787,367 ",$160.36 ,,$66.10 ,"AFN 20,455,273","AFN 10,600",پرداخت برای کاکا بادام گل بدست روزالدین بابت خریداری خشت اول و انتقال ریگ از دارالامان به للندر 5,,,25-Dec-25,1073,,,,,,
,"$787,461 ",$94.55 ,,$66.10 ,"AFN 20,461,523","AFN 6,250",خریداری اسکوپ و کلپس سیاه به تعمیرللندر 5,,,25-Dec-25,1074,,,,,,
,"$787,469 ",$7.56 ,,$66.10 ,"AFN 20,462,023",AFN 500,خریداری گاز مایع به ایزوگام کاری تشنابهای تعمیرللندر 5,,,27-Dec-25,1075,,,,,,
,"$787,473 ",$4.54 ,,$66.10 ,"AFN 20,462,323",AFN 300,خریداری مبلایل به جنراتور و کبابچه یاداشت به چوکیدار تعمیرللندر 5,,,27-Dec-25,1076,,,,,,
,"$787,476 ",$3.03 ,,$66.10 ,"AFN 20,462,523",AFN 200,خریداری مایع ظرفشویی به دفتر,,,27-Dec-25,1077,,,,,,
,"$787,484 ",$7.56 ,,$66.10 ,"AFN 20,463,023",AFN 500,خریداری گاز مایع به ایزوگام کاری تشنابهای تعمیرللندر 5,,,27-Dec-25,1078,,,,,,
,"$787,491 ",$6.81 ,,$66.10 ,"AFN 20,463,473",AFN 450,خریداری مواد ساختمانی پل و دستکش به تعمیرللندر5,,,28-Dec-25,1079,,,,,,
,"$787,503 ",$12.10 ,,$66.10 ,"AFN 20,464,273",AFN 800,"پرداخت برای ترمیم جنراتور خورد ,مبلایل و کرای تکسی دو طرفه ",,,28-Dec-25,1080,,,,,,
,"$787,557 ",$54.46 ,,$66.10 ,"AFN 20,467,873","AFN 3,600",پرداخت برای ترمیم بالابر رسول نظری بخاطر استفاده کاریگران تعمیرللندر5,,,28-Dec-25,1081,,,,,,
,"$787,575 ",$17.40 ,,$66.10 ,"AFN 20,469,023","AFN 1,150",پرداخت کرای انتقال کاشی و بارگیری از شرکت آخندزاده به تعمیرللندر5,,,28-Dec-25,1082,,,,,,
,"$787,586 ",$10.89 ,,$66.10 ,"AFN 20,469,743",AFN 720,خریداری دبل به تعمیرللندر5,,,28-Dec-25,1083,,,,,,
,"$787,643 ",$57.49 ,,$66.10 ,"AFN 20,473,543","AFN 3,800",خریداری پلیت آهنی 10/10 و 10/20 به تعمیرللندر 5,,,28-Dec-25,1084,,,,,,
,"$788,248 ",$605.14 ,,$66.10 ,"AFN 20,513,543","AFN 40,000",پرداخت برای عبدالله بابت پلستر کاری تعمیرللندر 5,,,28-Dec-25,1085,,,,,,
,"$788,332 ",$84.28 ,,$66.10 ,"AFN 20,519,114","AFN 5,571",پرداخت برای خبازی عبدالمطلب بابت خریداری نان خشک به تعمیرللندر 5,,,28-Dec-25,1086,,,,,,
,"$788,446 ",$113.96 ,,$66.10 ,"AFN 20,526,647","AFN 7,533",پرداخت برای خبازی عبدالمطلب بابت خریداری نان خشک به دفتر تعمیرللندر 5,,,28-Dec-25,1087,,,,,,
,"$788,514 ",$67.78 ,,$66.10 ,"AFN 20,531,127","AFN 4,480",خریداری تیل پطرول به موتر هایلکس ,,,28-Dec-25,1088,,,,,,
,"$788,517 ",$2.57 ,,$66.10 ,"AFN 20,531,297",AFN 170,خریداری مایع ظرفشویی به تعمیرللندر5,,,28-Dec-25,1089,,,,,,
,"$788,524 ",$7.55 ,,$66.20 ,"AFN 20,531,797",AFN 500,خریداری گاز مایع به ایزگام تشناب های تعمیرللندر 5,,,29-Dec-25,1090,,,,,,
,"$790,268 ","$1,743.97 ",,$66.20 ,"AFN 20,647,248","AFN 115,451",پرداخت برای شرکت تجارتی آخندزاده بابت خریداری گرانیت به تعمیرللندر 5,,,29-Dec-25,1091,,,,,,
,"$792,610 ","$2,341.39 ",,$66.20 ,"AFN 20,802,248","AFN 155,000",پرداخت برای شرکت تجارتی براردان صمدی بابت خریداری گرانیت 100/100 به تعمیرللندر 5,,,29-Dec-25,1092,,,,,,
,"$792,655 ",$45.32 ,,$66.20 ,"AFN 20,805,248","AFN 3,000",پرداخت برای رسول نظری بابت کاشی کاری تعمیرللندر5,,,29-Dec-25,1093,,,,,,
,"$793,070 ",$415.41 ,,$66.20 ,"AFN 20,832,748","AFN 27,500",پرداخت برای شرکت هرات الکتریک بابت خریداری کیبل 6 زوج به زنگ دروازه واحد های تعمیرللندر 5,,,29-Dec-25,1094,,,,,,
,"$793,208 ",$137.46 ,,$66.20 ,"AFN 20,841,848","AFN 9,100",خریداری میتر آب و طفلون مایع به تعمیرللندر 5,,,29-Dec-25,1095,,,,,,
,"$794,008 ",$800.20 ,,$66.20 ,"AFN 20,894,821","AFN 52,973",پرداخت برای شرکت پاور اطلس بابت خریداری مواد نلدوانی به تعمیرللندر 5,,,29-Dec-25,1096,,,,,,
,"$794,084 ",$75.53 ,,$66.20 ,"AFN 20,899,821","AFN 5,000",پرداخت معاش باقیمانده علی احمد بابت ماه قوس 1404,,,29-Dec-25,1097,,,,,,
,"$794,138 ",$54.38 ,,$66.20 ,"AFN 20,903,421","AFN 3,600",پرداخت برای ترمیم موتور بالابر رسول نظری بابت انتقال مواد قالبکاری خراب گردیده بود,,,29-Dec-25,1098,,,,,,
,"$794,144 ",$5.91 ,,$66.00 ,"AFN 20,903,811",AFN 390,خریداری سه ساکته و دستکش به تعمیرللندر5,,,30-Dec-25,1099,,,,,,
,"$794,168 ",$24.24 ,,$66.00 ,"AFN 20,905,411","AFN 1,600",خریداری سیخ ولدینگ به تعمیرللندر 5,,,31-Dec-25,1100,,,,,,
,"$794,193 ",$25.00 ,,$66.00 ,"AFN 20,907,061","AFN 1,650",خریداری سیم جستی به تعمیرللندر5,,,31-Dec-25,1101,,,,,,
,"$794,198 ",$4.55 ,,$65.90 ,"AFN 20,907,361",AFN 300,خریداری اشکاستیپ کلان به تعمیرللندر5,,,1-Jan-26,1102,,,,,,
,"$794,323 ",$125.24 ,,$65.90 ,"AFN 20,915,614","AFN 8,253",خریداری تیل دیزل به جنراتور تعمیرللندر 5,,,1-Jan-26,1103,,,,,,
,"$794,326 ",$3.03 ,,$65.90 ,"AFN 20,915,814",AFN 200,خریداری امبر به تعمیرللندر 5,,,1-Jan-26,1104,,,,,,
,"$794,356 ",$30.35 ,,$65.90 ,"AFN 20,917,814","AFN 2,000",پیش پرداخت برای ادریس چوکیدار تعمیرللندر 5 بابت ماه جدی 1404,,,1-Jan-26,1105,,,,,,
,"$794,364 ",$7.59 ,,$65.90 ,"AFN 20,918,314",AFN 500,پرداخت برای ادریس چوکیدار تعمیرللندر 5 بابت خرید کارت مبایل و میوه ,,,1-Jan-26,1106,,,,,,
,"$794,516 ",$151.75 ,,$65.90 ,"AFN 20,928,314","AFN 10,000",پرداخت برای محمد شریف نلدوان بابت تعمیرللندر 5,,,1-Jan-26,1107,,,,,,
,"$794,607 ",$91.05 ,,$65.90 ,"AFN 20,934,314","AFN 6,000",پرداخت برای عبدالله بابت پلسترکاری نما بیرونی تعمیرللندر 5,,,1-Jan-26,1108,,,,,,
,"$794,758 ",$151.75 ,,$65.90 ,"AFN 20,944,314","AFN 10,000",پرداخت برای رسول نظری بابت کاشی کاری تعمیرللندر 5,,,1-Jan-26,1109,,,,,,
,"$795,058 ",$300.08 ,,$65.90 ,"AFN 20,964,089","AFN 19,775",خریداری مواد کاشی کاری توسط رسول نظری به تعمیرللندر 5,,,1-Jan-26,1110,,,,,,
,"$795,342 ",$283.26 ,,$65.90 ,"AFN 20,982,756","AFN 18,667",پرداخت معاش سفر ولد محمد باقر بابت ماه قوس 1404,,,1-Jan-26,1111,,,,,,
,"$795,569 ",$227.62 ,,$65.90 ,"AFN 20,997,756","AFN 15,000",پرداخت برای نقیب الله بابت گچ کاری تعمیرللندر 5,,,1-Jan-26,1112,,,,,,
,"$795,582 ",$12.14 ,,$65.90 ,"AFN 20,998,556",AFN 800,پرداخت معاش باقیمانده شریف الله ولدفیض محمد بابت ماه قوس 1404,,,1-Jan-26,1113,,,,,,
,"$795,597 ",$15.16 ,,$65.97 ,"AFN 20,999,556","AFN 1,000",خریداری تیل پطرول به موتر لکسس ,,,1-Jan-26,1114,,,,,,
,"$795,619 ",$22.74 ,,$65.97 ,"AFN 21,001,056","AFN 1,500",خریداری تیل پطرول به موتر فرونر ,,,1-Jan-26,1115,,,,,,
,"$795,638 ",$18.48 ,,$66.00 ,"AFN 21,002,276","AFN 1,220",پرداخت کرای انتقال تخته پلایوت روسی به تعمیرللندر 5 و استفاده آن به تعمیرللندر4,,,2-Jan-26,1116,,,,,,
,"$795,698 ",$60.61 ,,$66.00 ,"AFN 21,006,276","AFN 4,000",پرداخت برای نقیب الله بابت گچ کاری تعمیرللندر 5,,,2-Jan-26,1117,,,,,,
,"$795,717 ",$18.94 ,,$66.00 ,"AFN 21,007,526","AFN 1,250",پرداخت کرای انتقال تخته پلایوت روسی به تعمیرللندر 5 و استفاده آن به تعمیرللندر4,,,2-Jan-26,1118,,,,,,
,"$797,157 ","$1,440.00 "," $1,440 ",$66.00 ,"AFN 21,007,526",AFN 0,خریداری تخته پلایوت 18 ملی روسی به تعمیرللندر 4 و استفاده به تعمیرللندر 4,,,3-Jan-26,1119,,,,,,
,"$798,957 ","$1,800.00 "," $1,800 ",$66.00 ,"AFN 21,007,526",AFN 0,خریداری تخته پلایوت 18 ملی روسی به تعمیرللندر 4 و استفاده به تعمیرللندر 4,,,3-Jan-26,1120,,,,,,
,"$799,015 ",$57.58 ,,$66.00 ,"AFN 21,011,326","AFN 3,800",خریداری تیل پطرول به موتر لکسس ,,,4-Jan-26,1121,,,,,,
,"$799,049 ",$34.09 ,,$66.00 ,"AFN 21,013,576","AFN 2,250",خریداری پل کانکریت بر به تعمیرللندر 5,,,4-Jan-26,1122,,,,,,
,"$799,315 ",$265.55 ,,$66.00 ,"AFN 21,031,102","AFN 17,526",پرداخت مصرف برق تعمیرللندر 5 بابت ماه قوس 1404,,,4-Jan-26,1123,,,,,,
,"$799,387 ",$72.73 ,,$66.00 ,"AFN 21,035,902","AFN 4,800",پرداخت معاش هارون ولد فضل الرحمن کاریگر بابت 12 روزه ماه قوس 1404 در تعمیرللندر5,,,4-Jan-26,1124,,,,,,
,"$799,390 ",$3.03 ,,$66.00 ,"AFN 21,036,102",AFN 200,خریداری برگر به کمبودی نان چاشت ,,,4-Jan-26,1125,,,,,,
,"$799,428 ",$37.88 ,,$66.00 ,"AFN 21,038,602","AFN 2,500",خریداری بایسکل به تعمیرللندر5,,,5-Jan-26,1126,,,,,,
,"$799,429 ",$0.76 ,,$66.00 ,"AFN 21,038,652",AFN 50,خریداری پل برمه به تعمیرللندر 5,,,5-Jan-26,1127,,,,,,
,"$801,369 ","$1,940.39 ",,$66.00 ,"AFN 21,166,718","AFN 128,066",پرداخت برای شرکت تجارتی آخندزاده بابت خریداری گرانیت به تعمیرللندر5,,,5-Jan-26,1128,,,,,,
,"$802,113 ",$743.33 ,,$66.00 ,"AFN 21,215,778","AFN 49,060",پرداخت برای حاجی شریف بابت خریداری پروفیل به تعمیرللندر5,,,5-Jan-26,1129,,,,,,
,"$802,567 ",$454.55 ,,$66.00 ,"AFN 21,245,778","AFN 30,000",پرداخت برای شرکت تجارتی برادران صمدی بابت خرید کاشی 100/100 به تعمیرللندر5,,,5-Jan-26,1130,,,,,,
,"$802,599 ",$31.82 ,,$66.00 ,"AFN 21,247,878","AFN 2,100",خریداری نل هواکش به تعمیرللندر 5,,,5-Jan-26,1131,,,,,,
,"$802,607 ",$7.58 ,,$66.00 ,"AFN 21,248,378",AFN 500,خریداری تیل پطرول به موتر لکسس ,,,5-Jan-26,1132,,,,,,
,"$802,724 ",$117.17 ,,$66.00 ,"AFN 21,256,111","AFN 7,733",پرداخت معاش عبدالقدیر ولد جمعه خان بابت ماه قوس 1404 تعمیرللندر5,,,6-Jan-26,1133,,,,,,
,"$802,860 ",$136.36 ,,$66.00 ,"AFN 21,265,111","AFN 9,000",پرداخت معاش محمد سرور ولد طالب بابت ماه قوس 1404بابت تعمیرللندر 5,,,6-Jan-26,1134,,,,,,
,"$803,006 ",$146.21 ,,$66.00 ,"AFN 21,274,761","AFN 9,650","خریداری نل 4"" به هواکش های تشنابهای تعمیرللندر5",,,7-Jan-26,1135,,,,,,
,"$803,018 ",$11.06 ,,$66.00 ,"AFN 21,275,491",AFN 730,خریداری آب انترفریز و آب مقطر به جنراتور تعمیرللندر5,,,7-Jan-26,1136,,,,,,
,"$803,242 ",$224.02 ,,$66.00 ,"AFN 21,290,276","AFN 14,785",خریداری مواد کاشی کاری به تعمیرللندر 5,,,7-Jan-26,1137,,,,,,
,"$803,243 ",$1.52 ,,$66.00 ,"AFN 21,290,376",AFN 100,پرداخت برای کنکشن بطری جنراتور تعمیرللندر5,,,7-Jan-26,1138,,,,,,
,"$803,248 ",$5.30 ,,$66.00 ,"AFN 21,290,726",AFN 350,خریداری گاز مایع و چای خشک به تعمیرللندر5,,,7-Jan-26,1139,,,,,,
,"$803,367 ",$118.94 ,,$66.00 ,"AFN 21,298,576","AFN 7,850",خریداری تیل دیزل به جنراتور تعمیرللندر5,,,7-Jan-26,1140,,,,,,
,"$803,428 ",$60.61 ,,$66.00 ,"AFN 21,302,576","AFN 4,000",خریداری تیل پطرول به موتر هایلکس,,,7-Jan-26,1141,,,,,,
,"$803,460 ",$31.82 ,,$66.00 ,"AFN 21,304,676","AFN 2,100",خریداری پیپ خرطومی به تعمیرللندر5,,,7-Jan-26,1142,,,,,,
,"$804,066 ",$606.06 ,,$66.00 ,"AFN 21,344,676","AFN 40,000",پرداخت برای شرکت برادران صمدی بابت خریداری گرانیت به تعمیرللندر 5,,,8-Jan-26,1143,,,,,,
,"$804,096 ",$30.30 ,,$66.00 ,"AFN 21,346,676","AFN 2,000",خریداری مبلایل به جنراتور تعمیرللندر5,,,8-Jan-26,1144,,,,,,
,"$804,120 ",$24.24 ,,$66.00 ,"AFN 21,348,276","AFN 1,600",خریداری مبلایل به جنراتور ترمیم شده گدام کارته سه ,,,8-Jan-26,1145,,,,,,
,"$804,128 ",$7.42 ,,$66.00 ,"AFN 21,348,766",AFN 490,خریداری شکاستیپ و دستکش به تعمیرللندر5,,,8-Jan-26,1146,,,,,,
,"$804,140 ",$12.12 ,,$66.00 ,"AFN 21,349,566",AFN 800,پرداخت برای ترمیم لیلیتر و خرید پایپ لیلیتر به جنراتور گدام کارته سه,,,8-Jan-26,1147,,,,,,
,"$804,181 ",$40.91 ,,$66.00 ,"AFN 21,352,266","AFN 2,700",خریداری تیل پطرول به موتر کرولا نقره ایی بخاطر رفتن به جلال آباد ,,,8-Jan-26,1148,,,,,,
,"$804,199 ",$18.18 ,,$66.00 ,"AFN 21,353,466","AFN 1,200",خریداری گوشت مرغ به تعمیرللندر 5,,,8-Jan-26,1149,,,,,,
,"$804,252 ",$53.03 ,,$66.00 ,"AFN 21,356,966","AFN 3,500","خریدرای پل برمه 5"" کانکریت بر به تعمیرللندر5",,,11-Jan-26,1150,,,,,,
,"$804,260 ",$8.03 ,,$66.00 ,"AFN 21,357,496",AFN 530,"خریداری دبل و مکیت بر,پل برمه به تعمیرللندر5",,,11-Jan-26,1151,,,,,,
,"$804,267 ",$7.27 ,,$66.00 ,"AFN 21,357,976",AFN 480,خریداری برس به تعمیرللندر5,,,11-Jan-26,1152,,,,,,
,"$804,269 ",$1.52 ,,$66.00 ,"AFN 21,358,076",AFN 100,خریداری صافی به تعمیرللندر5,,,11-Jan-26,1153,,,,,,
,"$804,420 ",$151.52 ,,$66.00 ,"AFN 21,368,076","AFN 10,000",پرداخت برای محمد شریف نلدوان بابت سیسم نلدوانی تعمیرللندر5,,,11-Jan-26,1154,,,,,,
,"$804,935 ",$515.15 ,,$66.00 ,"AFN 21,402,076","AFN 34,000",پرداخت برای نقیب الله بابت گچ کاری تعمیرللندر5,,,11-Jan-26,1155,,,,,,
,"$804,942 ",$6.82 ,,$66.00 ,"AFN 21,402,526",AFN 450,"خریداری فلتر , کنکشن جنراتور و صافی به تعمیرللندر5",,,11-Jan-26,1156,,,,,,
,"$804,944 ",$1.36 ,,$66.00 ,"AFN 21,402,616",AFN 90,خریداری نمک بخاطر باز کردن یخ های بام منزل آخر تعمیرللندر5,,,11-Jan-26,1157,,,,,,
,"$804,953 ",$9.09 ,,$66.00 ,"AFN 21,403,216",AFN 600,خریداری گاز مایع و سرکی گاز به تعمیرللندر5,,,11-Jan-26,1158,,,,,,
,"$805,006 ",$52.91 ,,$66.15 ,"AFN 21,406,716","AFN 3,500",خریداری تیل پطرول به موتر فرونر توسط سمیرللندر,,,12-Jan-26,1159,,,,,,
,"$805,803 ",$797.58 ,,$66.15 ,"AFN 21,459,476","AFN 52,760",پرداخت برای شرکت برادران صمدی بابت خریداری گرانیت به تعمیرللندر5,,,12-Jan-26,1160,,,,,,
,"$805,872 ",$69.24 ,,$66.15 ,"AFN 21,464,056","AFN 4,580",خریدرای مواد نلدوانی به تعمیرللندر5,,,12-Jan-26,1161,,,,,,
,"$806,072 ",$199.55 ,,$66.15 ,"AFN 21,477,256","AFN 13,200",پرداخت برای کاکا بادام گل توسط روزالدین بابت خریدرای ریگ و انتقال مواد للندر 5 به للندر4,,,12-Jan-26,1162,,,,,,
,"$806,196 ",$123.96 ,,$66.15 ,"AFN 21,485,456","AFN 8,200",پرداخت برای کاکا بادام گل توسط روزالدین بابت خریدرای ریگ و انتقال مواد للندر 5 به للندر4,,,12-Jan-26,1163,,,,,,
,"$808,154 ","$1,957.67 ",,$66.15 ,"AFN 21,614,956","AFN 129,500",پرداخت حاجی عبدالکریم بابت خریداری سمنت ایرانی به تعمیرللندر5,,,12-Jan-26,1164,,,,,,
,"$808,637 ",$482.99 ,,$66.15 ,"AFN 21,646,906","AFN 31,950",پرداخت برای شرکت هرات الکتریک بابت خریداری مواد برق به تعمیرللندر5,,,12-Jan-26,1165,,,,,,
,"$808,667 ",$30.23 ,,$66.15 ,"AFN 21,648,906","AFN 2,000",خریداری تیل پطرول به موتر لکسس,,,12-Jan-26,1166,,,,,,
,"$808,682 ",$15.12 ,,$66.15 ,"AFN 21,649,906","AFN 1,000",خریدرای رنج به تعمیرللندر5,,,12-Jan-26,1167,,,,,,
,"$808,689 ",$7.25 ,,$66.20 ,"AFN 21,650,386",AFN 480,پرداخت کرای موتر بخاطر انتقال مواد نلدوانی به تعمیرللندر5,,,13-Jan-26,1168,,,,,,
,"$808,789 ",$99.70 ,,$66.20 ,"AFN 21,656,986","AFN 6,600",پرداخت برای رسول نظری بابت کاشی کاری تعمیرللندر5,,,14-Jan-26,1169,,,,,,
,"$808,867 ",$78.55 ,,$66.20 ,"AFN 21,662,186","AFN 5,200",خریداری مواد از شرکت ایزومات به تعمیرللندر 5 ,,,14-Jan-26,1170,,,,,,
,"$810,744 ","$1,876.89 ",,$66.20 ,"AFN 21,786,436","AFN 124,250",پرداخت برای خریداری سمنت ایرانی به تعمیرللندر5,,,14-Jan-26,1171,,,,,,
,"$810,890 ",$145.60 ,,$66.20 ,"AFN 21,796,075","AFN 9,639",خریدرای تیل دیزل به جنراتور تعمیرللندر 5,,,14-Jan-26,1172,,,,,,
,"$810,943 ",$52.79 ,,$66.30 ,"AFN 21,799,575","AFN 3,500",پیش پرداخت برای علی احمد ولد محمد باقر بابت ماه جدی 1404,,,15-Jan-26,1173,,,,,,
,"$810,968 ",$25.14 ,,$66.30 ,"AFN 21,801,242","AFN 1,667",پرداخت معاش صلاح الدین ولد اکرام الدین بابت ماه قوس 1404,,,15-Jan-26,1174,,,,,,
,"$810,975 ",$6.64 ,,$66.30 ,"AFN 21,801,682",AFN 440,خریداری شکاستیپ به تعمیرللندر5,,,15-Jan-26,1175,,,,,,
,"$810,977 ",$2.26 ,,$66.30 ,"AFN 21,801,832",AFN 150,خریداری پل برمه به تعمیرللندر5,,,15-Jan-26,1176,,,,,,
,"$810,990 ",$13.57 ,,$66.30 ,"AFN 21,802,732",AFN 900,پرداخت کرای انتقال سنگ نما به تعمیرللندر5,,,15-Jan-26,1177,,,,,,
,"$811,563 ",$572.40 ,,$66.30 ,"AFN 21,840,682","AFN 37,950",پرداخت برای شرکت یونایتید بابت خریداری مواد کاشی کاری به تعمیرللندر5,,,15-Jan-26,1178,,,,,,
,"$811,585 ",$22.62 ,,$66.30 ,"AFN 21,842,182","AFN 1,500",پرداخت اجرت 1.5 روزه محمد حسن ایزگام کار بابت تشنابهای تعمیرللندر5,,,15-Jan-26,1179,,,,,,
,"$811,599 ",$14.03 ,,$66.30 ,"AFN 21,843,112",AFN 930,"خریداری بوره , چای خشک ,چاکلیت به تعمیرللندر5",,,15-Jan-26,1180,,,,,,
,"$811,750 ",$150.83 ,,$66.30 ,"AFN 21,853,112","AFN 10,000",پرداخت برای محمد شریف نلدوان بابت تعمیرللندر5,,,15-Jan-26,1181,,,,,,
,"$812,067 ",$316.74 ,,$66.30 ,"AFN 21,874,112","AFN 21,000",پرداخت و تصفیه حساب مکمل عبدالله بابت پلستر کاری تعمیرللندر5,,,15-Jan-26,1182,,,,,,
,"$812,535 ",$467.57 ,,$66.30 ,"AFN 21,905,112","AFN 31,000",پرداخت برای خریداری جالی راویز به تعمیرللندر5,,,15-Jan-26,1183,,,,,,
,"$812,580 ",$45.25 ,,$66.30 ,"AFN 21,908,112","AFN 3,000",خریداری پل کانکریت بر به تعمیرللندر5,,,15-Jan-26,1184,,,,,,
,"$814,250 ","$1,669.68 ",,$66.30 ,"AFN 22,018,812","AFN 110,700",پرداخت پول باقیمانده خریداری تیرچه به قالبکاری تعمیرللندر5 و استفاده آن به تعمیرللندر4,,,15-Jan-26,1185,,,,,,
,"$815,250 ","$1,000.60 ",,$66.30 ,"AFN 22,085,152","AFN 66,340",پیش پرداخت برای خریداری تیرچه به قالبکاری تعمیرللندر 5 و استفاده آن به تعمیرللندر4 مبلغ 1000$ معادل 66340,"AFN 46,037",پیش پرداخت برای خریداری تیرچه به قالبکاری تعمیرللندر 5 و استفاده آن به تعمیرللندر4 مبلغ 1000$ معادل 66340,15-Jan-26,1186,,,,,,
,"$815,295 ",$45.25 ,,$66.30 ,"AFN 22,088,152","AFN 3,000",خریداری تیل پطرول به موتر فرونر ,,,17-Jan-26,1187,,,,,,
,"$815,298 ",$3.02 ,,$66.30 ,"AFN 22,088,352",AFN 200,پرداخت برای کرای موتر مواد خریداری شده از شرکت هرات الکتریک به تعمیرللندر5,,,17-Jan-26,1188,,,,,,
,"$815,351 ",$52.79 ,,$66.30 ,"AFN 22,091,852","AFN 3,500",پرداخت کرای موتر و بارگیری سنگ نما تعمیرللندر5,,,17-Jan-26,1189,,,,,,
,"$815,396 ",$45.25 ,,$66.30 ,"AFN 22,094,852","AFN 3,000",پرداخت برای نقیب الله بابت گچ کاری و افزار کاری تعمیرللندر5,,,17-Jan-26,1190,,,,,,
,"$815,427 ",$30.17 ,,$66.30 ,"AFN 22,096,852","AFN 2,000",پرداخت برای رسول نظری بابت کاشی کاری تعمیرللندر5,,,17-Jan-26,1191,,,,,,
,"$815,475 ",$48.27 ,,$66.30 ,"AFN 22,100,052","AFN 3,200",خریداری تخته به آشپزخانه تعمیرللندر5,,,17-Jan-26,1192,,,,,,
,"$815,477 ",$2.26 ,,$66.30 ,"AFN 22,100,202",AFN 150,خریدرای سیم کش به برقی تعمیرللندر5,,,17-Jan-26,1193,,,,,,
,"$815,572 ",$95.02 ,,$66.30 ,"AFN 22,106,502","AFN 6,300",خریدرای دو رول پلاستیک اول به تعمیرللندر5,,,17-Jan-26,1194,,,,,,
,"$815,678 ",$105.58 ,,$66.30 ,"AFN 22,113,502","AFN 7,000",خریداری نل هواکش خرطومی به تشنابهای تعمیرللندر5,,,17-Jan-26,1195,,,,,,
,"$815,731 ",$52.79 ,,$66.30 ,"AFN 22,117,002","AFN 3,500","خریداری پل کانکریت بر 5 "" به تعمیرللندر5",,,17-Jan-26,1196,,,,,,
,"$815,776 ",$45.25 ,,$66.30 ,"AFN 22,120,002","AFN 3,000",خریداری تیل پطرول به موتر فرونر ,,,17-Jan-26,1197,,,,,,
,"$815,796 ",$20.36 ,,$66.30 ,"AFN 22,121,352","AFN 1,350","خریداری بطری , والگیر ,لابرتیب ,قاب سر و کرای زرنج به تعمیرللندر 5",,,17-Jan-26,1198,,,,,,
,"$815,798 ",$1.51 ,,$66.20 ,"AFN 22,121,452",AFN 100,خریداری دستکش به دبل به تعمیرللندر5,,,18-Jan-26,1199,,,,,,
,"$815,873 ",$75.53 ,,$66.20 ,"AFN 22,126,452","AFN 5,000",پرداخت معاش باقیمانده ادریس ولد دولت بابت ماه جدی 1404,,,18-Jan-26,1200,,,,,,
,"$815,918 ",$45.32 ,,$66.20 ,"AFN 22,129,452","AFN 3,000",پیش پرداخت برای ادریس ولد دولت چوکیدار تعمیرللندر 5 بابت ماه دلو 1404,,,18-Jan-26,1201,,,,,,
,"$815,979 ",$60.42 ,,$66.20 ,"AFN 22,133,452","AFN 4,000",خریداری تیل پطرول به موتر لکسس ,,,18-Jan-26,1202,,,,,,
,"$815,986 ",$7.49 ,,$66.20 ,"AFN 22,133,948",AFN 496,"خریداری دستکش , دبل و واشر به تعمیرللندر 5",,,21-Jan-26,1203,,,,,,
,"$816,115 ",$128.60 ,,$66.25 ,"AFN 22,142,468","AFN 8,520",خریداری تیل دیزل به جنراتور تعمیرللدر 5,,,24-Jan-26,1204,,,,,,
,"$816,643 ",$528.30 ,,$66.25 ,"AFN 22,177,468","AFN 35,000",پرداخت برای نقیب الله بابت گچ کاری و افزار کاری تعمیرللندر 5,,,24-Jan-26,1205,,,,,,
,"$816,664 ",$21.13 ,,$66.25 ,"AFN 22,178,868","AFN 1,400",خریداری سامان آلات نلدوانی به تعمیرللندر 5 توسط حاجی عاشق الله ,,,24-Jan-26,1206,,,,,,
,"$816,680 ",$15.11 ,,$66.20 ,"AFN 22,179,868","AFN 1,000",پرداخت برای مصارف خوراکه کاشی کاران رسول نظری بدست ادریس چوکیدار تعمیرللندر 5,,,25-Jan-26,1207,,,,,,
,"$816,720 ",$40.79 ,,$66.20 ,"AFN 22,182,568","AFN 2,700",خریداری تیل پطرول به موتر انجنیر سعد توسط حاجی رفیع الله ,,,25-Jan-26,1208,,,,,,
,"$816,758 ",$37.76 ,,$66.20 ,"AFN 22,185,068","AFN 2,500",خریداری تیل پطرول به موتر هایلکس توسط حاجی رفیع الله,,,25-Jan-26,1209,,,,,,
,"$816,773 ",$15.11 ,,$66.20 ,"AFN 22,186,068","AFN 1,000",خریداری تیل پطرول به موتر هایلکس توسط حاجی رفیع الله,,,25-Jan-26,1210,,,,,,
,"$816,811 ",$37.76 ,,$66.20 ,"AFN 22,188,568","AFN 2,500",پرداخت برای مصارف خوراکه کاشی کاران رسول نظری بدست ادریس چوکیدار تعمیرللندر 5,,,25-Jan-26,1211,,,,,,
,"$816,814 ",$3.47 ,,$66.20 ,"AFN 22,188,798",AFN 230,خریداری سرکی گاز به به تعمیرللندر 5,,,25-Jan-26,1212,,,,,,
,"$816,819 ",$4.23 ,,$66.20 ,"AFN 22,189,078",AFN 280,خریدرای مایع ظرفشویی به گاز مایع به تعمیرللندر5,,,25-Jan-26,1213,,,,,,
,"$816,834 ",$14.95 ,,$66.20 ,"AFN 22,190,068",AFN 990,خریداری مواد کاشی کاری و لابرتیپ به تعمیرللندر 5 توسط حاجی عاشق الله ,,,25-Jan-26,1214,,,,,,
,"$816,841 ",$7.55 ,,$66.20 ,"AFN 22,190,568",AFN 500,خریداری تیل پطرول به موتر لکسس توسط عرش الله ,,,25-Jan-26,1215,,,,,,
,"$816,902 ",$60.42 ,,$66.20 ,"AFN 22,194,568","AFN 4,000",خریداری تیل پطرول به موتر لکسس ,,,25-Jan-26,1216,,,,,,
,"$816,982 ",$80.36 ,,$66.20 ,"AFN 22,199,888","AFN 5,320",خریداری چسپ کاشی به تعمیرللندر 5 توسط حاجی عاشق الله ,,,25-Jan-26,1217,,,,,,
,"$817,035 ",$52.87 ,,$66.20 ,"AFN 22,203,388","AFN 3,500",پرداخت مصارفات خوراکه رسول نظری کاشی کار تعمیرللندر5,,,25-Jan-26,1218,,,,,,
,"$817,555 ",$519.79 ,,$66.20 ,"AFN 22,237,798","AFN 34,410","خریداری مواد خوراکه از قبیل لوبیا , نخود ,زردچوبه ,مرچ سیاه,زیره ,رب , نمک ,بوره و صافی به تعمیرللندر 5",,,25-Jan-26,1219,,,,,,
,"$817,630 ",$75.53 ,,$66.20 ,"AFN 22,242,798","AFN 5,000",پرداخت برای محمد شریف بابت سیم مکمل نلدوانی تعمیرللندر 5 بدست برادرش عباس,,,26-Jan-26,1220,,,,,,
,"$817,925 ",$294.56 ,,$66.20 ,"AFN 22,262,298","AFN 19,500",پرداخت برای آغا ضیا سادات بابت خریداری ایزوگام به تشنابهای تعمیرللندر5,"AFN 46,048",پرداخت برای آغا ضیا سادات بابت خریداری ایزوگام به تشنابهای تعمیرللندر5,26-Jan-26,1221,,,,,,
,"$817,932 ",$7.55 ,,$66.20 ,"AFN 22,262,798",AFN 500,خریداری گاز مایع به خاطر ذغال تازه کردن به تشنابهای تعمیرللندر5,,,27-Jan-26,1222,,,,,,
,"$817,933 ",$1.21 ,,$66.20 ,"AFN 22,262,878",AFN 80,خریداری پل و کارتن به تعمیرللندر5,,,27-Jan-26,1223,,,,,,
,"$817,959 ",$25.68 ,,$66.20 ,"AFN 22,264,578","AFN 1,700",خریداری تیل پطرول به موتر فرونر ,,,27-Jan-26,1224,,,,,,
,"$817,968 ",$9.06 ,,$66.20 ,"AFN 22,265,178",AFN 600,خریداری لابرتیپ کاغذی به تعمیرللندر 5,,,27-Jan-26,1225,,,,,,
,"$818,168 ",$199.40 ,,$66.20 ,"AFN 22,278,378","AFN 13,200",پرداخت معاش عبدالرحیم ولد عبدالغفور بابت ماه جدی 1404,,,27-Jan-26,1226,,,,,,
,"$818,349 ",$181.27 ,,$66.20 ,"AFN 22,290,378","AFN 12,000",پرداخت برای نورالدین بابت سیم تابی و قالبکاری پیک های اضافی تعمیرللندر5,,,27-Jan-26,1227,,,,,,
,"$818,500 ",$151.06 ,,$66.20 ,"AFN 22,300,378","AFN 10,000",پرداخت معاش محمد سرور ولد طالب کاریگر بابت ماه جدی 1404,,,27-Jan-26,1228,,,,,,
,"$818,503 ",$3.06 ,,$65.30 ,"AFN 22,300,578",AFN 200,پرداخت کرای انتقال مواد شرکت پاور سویچ بابت کیبل تری به تعمیرللندر 5,"AFN 46,051",پرداخت کرای انتقال مواد شرکت پاور سویچ بابت کیبل تری به تعمیرللندر 5,29-Jan-26,1229,,,,,,
,"$818,744 ",$241.50 ,,$65.30 ,"AFN 22,316,348","AFN 15,770",پرداخت برای شرکت پاور سویچ بابت خریداری کیبل تری به تعمیرللندر5,"AFN 46,051",پرداخت برای شرکت پاور سویچ بابت خریداری کیبل تری به تعمیرللندر5,29-Jan-26,1230,,,,,,
,"$818,775 ",$30.63 ,,$65.30 ,"AFN 22,318,348","AFN 2,000",پرداخت برای مصارف خوراکه کاریگران رسول نظری کاشی کار تعمیرللندر 5 توسط عرش الله,"AFN 46,051",پرداخت برای مصارف خوراکه کاریگران رسول نظری کاشی کار تعمیرللندر 5 توسط عرش الله,29-Jan-26,1231,,,,,,
,"$818,990 ",$214.40 ,,$65.30 ,"AFN 22,332,348","AFN 14,000",پرداخت معاش مطیع الله ولد محمد یونس بابت ماه جدی 1404,"AFN 46,051",پرداخت معاش مطیع الله ولد محمد یونس بابت ماه جدی 1404,29-Jan-26,1232,,,,,,
,"$819,104 ",$114.35 ,,$65.30 ,"AFN 22,339,815","AFN 7,467",پرداخت معاش عبدالقدیر ولد جمعه خان بابت ماه جدی 1404,"AFN 46,051",پرداخت معاش عبدالقدیر ولد جمعه خان بابت ماه جدی 1404,29-Jan-26,1233,,,,,,
,"$819,359 ",$255.24 ,,$65.30 ,"AFN 22,356,482","AFN 16,667",پرداخت معاش سفر ولد محمد باقر بابت ماه جدی 1404,"AFN 46,051",پرداخت معاش سفر ولد محمد باقر بابت ماه جدی 1404,29-Jan-26,1234,,,,,,
,"$820,361 ","$1,001.53 ",,$65.30 ,"AFN 22,421,882","AFN 65,400",پرداخت برای شرکت برادران صمدی بابت خریداری گرانیت 100/100 به تعمیرللندر 5,"AFN 46,051",پرداخت برای شرکت برادران صمدی بابت خریداری گرانیت 100/100 به تعمیرللندر 5,29-Jan-26,1235,,,,,,
,"$820,468 ",$107.20 ,,$65.30 ,"AFN 22,428,882","AFN 7,000",پرداخت برای شرکت مرتضی هاشمی بابت خریداری مواد ضد یخ به تعمیرللندر 5,"AFN 46,051",پرداخت برای شرکت مرتضی هاشمی بابت خریداری مواد ضد یخ به تعمیرللندر 5,29-Jan-26,1236,,,,,,
,"$820,506 ",$38.28 ,,$65.30 ,"AFN 22,431,382","AFN 2,500",پرداخت برای حاجی شریف بابت خریداری پروفیل به تعمیرللندر5,"AFN 46,051",پرداخت برای حاجی شریف بابت خریداری پروفیل به تعمیرللندر5,29-Jan-26,1237,,,,,,
,"$820,511 ",$5.05 ,,$65.30 ,"AFN 22,431,712",AFN 330,"خریداری پایپ خرطوی 1.5"" به تعمیرللندر5","AFN 46,051","خریداری پایپ خرطوی 1.5"" به تعمیرللندر5",29-Jan-26,1238,,,,,,
,"$820,579 ",$67.38 ,,$65.30 ,"AFN 22,436,112","AFN 4,400",خریداری تیل پطرول به موتر لکسس ,,,29-Jan-26,1239,,,,,,
,"$820,580 ",$1.52 ,,$65.80 ,"AFN 22,436,212",AFN 100,خریداری لیسک به تعمیرللندر 5,,,31-Jan-26,1240,,,,,,
,"$820,583 ",$3.04 ,,$65.80 ,"AFN 22,436,412",AFN 200,خریداری کارت مبایل به حاجی رفیع الله ,,,31-Jan-26,1241,,,,,,
,"$820,607 ",$23.56 ,,$65.80 ,"AFN 22,437,962","AFN 1,550",خریداری تخته 32 ملی و نوار پی وی سی به تعمیرللندر5,,,31-Jan-26,1242,,,,,,
,"$821,245 ",$638.30 ,,$65.80 ,"AFN 22,479,962","AFN 42,000",پرداخت تعرفه های جواز سیر موتر لکسس از سال 1404 الی سال 1407,,,31-Jan-26,1243,,,,,,
,"$821,275 ",$30.40 ,,$65.80 ,"AFN 22,481,962","AFN 2,000",پیش پرداخت برای ادریس ولد دولت چوکیدار تعمیرللندر 5 بابت ماه دلو 1404,,,31-Jan-26,1244,,,,,,
,"$821,282 ",$6.53 ,,$65.80 ,"AFN 22,482,392",AFN 430,خریداری چای سبز و بوره به تعمیرللندر 5,,,31-Jan-26,1245,,,,,,
,"$821,283 ",$0.76 ,,$65.80 ,"AFN 22,482,442",AFN 50,خریداری توش به تعمیرللندر 5,,,31-Jan-26,1246,,,,,,
,"$821,285 ",$2.58 ,,$65.80 ,"AFN 22,482,612",AFN 170,پرداخت برای کرای انتقال مواد نلدوانی به تعمیرللندر 5,,,31-Jan-26,1247,,,,,,
,"$821,293 ",$7.60 ,,$65.80 ,"AFN 22,483,112",AFN 500,پرداخت برای مصارف خوراکه کاریگران رسول نظری بدست ادریس چوکیدار تعمیرللندر 5,,,31-Jan-26,1248,,,,,,
,"$821,299 ",$5.93 ,,$65.80 ,"AFN 22,483,502",AFN 390,"خریداری نت و بولت واشل دار ,عینک ونت واشل دار به تعمیرللندر5",,,31-Jan-26,1249,,,,,,
,"$821,306 ",$7.60 ,,$65.80 ,"AFN 22,484,002",AFN 500,پرداخت برای مصارفات خوارکه گاریگران رسول نظری بابت کاشی کاری تعمیرللندر 5 بدست ادریس چوکیدار,,,31-Jan-26,1250,,,,,,
,"$821,309 ",$3.04 ,,$65.80 ,"AFN 22,484,202",AFN 200,خریداری گاز مایع به تعمیرللندر 5,,,31-Jan-26,1251,,,,,,
,"$821,311 ",$1.52 ,,$65.80 ,"AFN 22,484,302",AFN 100,خریداری آب پاش به کاشی کاری تعمیرللندر 5,,,31-Jan-26,1252,,,,,,
,"$821,314 ",$3.04 ,,$65.80 ,"AFN 22,484,502",AFN 200,خریداری مبلایل به جنراتور تعمیرللندر 5,,,31-Jan-26,1253,,,,,,
,"$821,314 ",$0.30 ,,$65.80 ,"AFN 22,484,522",AFN 20,خریداری اسفنج به تعمیرللندر 5,,,31-Jan-26,1254,,,,,,
,"$821,431 ",$117.02 ,,$65.80 ,"AFN 22,492,222","AFN 7,700",پرداخت معاش علی احمد ولد محمد باقر بابت ماه جدی 1404,,,31-Jan-26,1255,,,,,,
,"$823,906 ","$2,475.00 "," $2,475.00 ",$65.40 ,"AFN 22,492,222",AFN 0,پرداخت برای شرکت زمزم استیل بابت تصفیه حساب تعمیرللندر 5 (بتاریخ 19 جنوری پرداخت گردیده و شامل راپور 31 گردیده ),31-Jan-26,پرداخت برای شرکت زمزم استیل بابت تصفیه حساب تعمیرللندر 5 (بتاریخ 19 جنوری پرداخت گردیده و شامل راپور 31 گردیده ),31-Jan-26,1256,,,,,,
,"$828,906 ","$5,000.00 "," $5,000.00 ",$65.40 ,"AFN 22,492,222",AFN 0,پرداخت برای شرکت ALTON PVC بابت تعمیرللندر5 (بتاریخ 19 جنوری پرداخت گردیده و شامل راپور 31 گردیده ),31-Jan-26,پرداخت برای شرکت ALTON PVC بابت تعمیرللندر5 (بتاریخ 19 جنوری پرداخت گردیده و شامل راپور 31 گردیده ),31-Jan-26,1257,,,,,,
,"$828,915 ",$9.17 ,,$65.40 ,"AFN 22,492,822",AFN 600,خریداری گاز مایع به بخاری دفتر ,,,31-Jan-26,1258,,,,,,
,"$828,963 ",$47.33 ,,$65.50 ,"AFN 22,495,922","AFN 3,100",پرداخت برای مبلایل تبدیلی و فلتر جنراتور تعمیرللندر 5,,,1-Feb-26,1259,,,,,,
,"$829,039 ",$76.34 ,,$65.50 ,"AFN 22,500,922","AFN 5,000",پرداخت برای محمد شریف بابت سیستم کمل نلدوانی تعمیرللندر5,,,1-Feb-26,1260,,,,,,
,"$829,163 ",$123.66 ,,$65.50 ,"AFN 22,509,022","AFN 8,100",خریداری تیل دیزل به جنراتور تعمیرللندر 5,,,1-Feb-26,1261,,,,,,
,"$829,926 ",$763.36 ,,$65.50 ,"AFN 22,559,022","AFN 50,000",پرداخت برای رسول نظری بابت کاشی کاری تعمیرللندر 5,,,1-Feb-26,1262,,,,,,
,"$829,933 ",$6.56 ,,$65.50 ,"AFN 22,559,452",AFN 430,"پرداخت برای کنکش ,خریداری سوپ به دفتر و میوه تازه به خانه ادریس چوکیدار تعمیرللندر 5",,,1-Feb-26,1263,,,,,,
,"$829,936 ",$3.05 ,,$65.50 ,"AFN 22,559,652",AFN 200,پرداخت کرای موتر مواد ساختمانی به تعمیرللندر 5,2-Feb-26,,2-Feb-26,1264,,,,,,
,"$829,982 ",$45.87 ,,$65.40 ,"AFN 22,562,652","AFN 3,000",خریداری تیل پطرول به موتر فرونر ,"AFN 46,055",خریداری تیل پطرول به موتر فرونر ,2-Feb-26,1265,,,,,,
,"$830,006 ",$24.50 ,,$65.30 ,"AFN 22,564,252","AFN 1,600",پرداخت کرای انتقال کاشی های واپس شده از تعمیرللندر 5 و شرکت آخند زاده ,"AFN 46,056",پرداخت کرای انتقال کاشی های واپس شده از تعمیرللندر 5 و شرکت آخند زاده ,3-Feb-26,1266,,,,,,
,"$831,424 ","$1,418.17 ",,$65.50 ,"AFN 22,657,142","AFN 92,890",خریداری تخته 8 ملی و 16 و غیره برای کابینت آشپزخانه های تعمیرللندر 5,,,4-Feb-26,1267,,,,,,
,"$831,465 ",$40.46 ,,$65.50 ,"AFN 22,659,792","AFN 2,650","خریداری سرش , لابرتیپ ,قفل دروازه ,پیج و غیره مواد به کابینت های آشپزخانه تعمیرللندر 5",,,4-Feb-26,1268,,,,,,
,"$831,480 ",$15.27 ,,$65.50 ,"AFN 22,660,792","AFN 1,000",پرداخت کرای بارگیری تخته های نجاری و کرای موتر به تعمیرللندر 5,,,4-Feb-26,1269,,,,,,
,"$831,495 ",$15.27 ,,$65.50 ,"AFN 22,661,792","AFN 1,000",خریداری پیتزا و نوشابه به للندر5 توسط حاجی رفیع الله ,,,4-Feb-26,1270,,,,,,
,"$831,572 ",$76.34 ,,$65.50 ,"AFN 22,666,792","AFN 5,000",پیش پرداخت برای ادریس ولد دولت بابت ماه حمل 1404,,,4-Feb-26,1271,,,,,,
,"$831,605 ",$33.59 ,,$65.50 ,"AFN 22,668,992","AFN 2,200",پرداخت برای کرای موتر انتقال کاشی از شرکت برادران صمدی به تعمیرللندر5,,,4-Feb-26,1272,,,,,,
,"$831,608 ",$3.05 ,,$65.50 ,"AFN 22,669,192",AFN 200,خریداری سرش فوری و صافی به تعمیرللندر 5,,,4-Feb-26,1273,,,,,,
,"$831,761 ",$152.67 ,,$65.50 ,"AFN 22,679,192","AFN 10,000",پرداخت برای تبدیل فلنجر و پرزه جات جنراتور تعمیرللندر 5,,,4-Feb-26,1274,,,,,,
,"$831,766 ",$4.58 ,,$65.50 ,"AFN 22,679,492",AFN 300,خریداری سیخ و بولت به جنراتور تعمیرللندر 5,,,4-Feb-26,1275,,,,,,
,"$831,784 ",$18.32 ,,$65.50 ,"AFN 22,680,692","AFN 1,200","پرداخت برای ترمیم لیلیتر ,پاک کاری و سرش کاری جنراتور تعمیرللندر 5",,,4-Feb-26,1276,,,,,,
,"$831,809 ",$25.19 ,,$65.50 ,"AFN 22,682,342","AFN 1,650",پرداخت کرای موتر بابت پالشکاری و جنراتور و اجرت پالشکار جنراتور تعمیرللندر 5,,,4-Feb-26,1277,,,,,,
,"$831,849 ",$39.69 ,,$65.50 ,"AFN 22,684,942","AFN 2,600",خریداری مبلایل و آب انتر فریز به جنراتور تعمیرللندر 5,,,4-Feb-26,1278,,,,,,
,"$831,989 ",$140.00 ,,$65.50 ,"AFN 22,694,112","AFN 9,170","خریداری پشتم ,پل برش به تعمیرللندر 5",,,4-Feb-26,1279,,,,,,
,"$832,083 ",$94.66 ,,$65.50 ,"AFN 22,700,312","AFN 6,200",خریداری پرزه جات به جنراتور تعمیرللندر 5,,,4-Feb-26,1280,,,,,,
,"$832,190 ",$106.87 ,,$65.50 ,"AFN 22,707,312","AFN 7,000",پرداخت اجرت مستری بابت رینگ و دیزل پمپ جنراتور تعمیرللندر 5,,,4-Feb-26,1281,,,,,,
,"$832,415 ",$224.79 ,,$65.50 ,"AFN 22,722,036","AFN 14,724",پرداخت برای خبازی عبدالمطلب بغلانی بابت خریداری نان خشک به دفتر و تعمیرللندر 5 جدی 1404,,,4-Feb-26,1282,,,,,,
,"$832,418 ",$3.05 ,,$65.50 ,"AFN 22,722,236",AFN 200,پرداخت کرای تکسی بابت انتقال هواکش به تعمیرللندر 5,,,4-Feb-26,1283,,,,,,
,"$832,420 ",$1.53 ,,$65.50 ,"AFN 22,722,336",AFN 100,خریداری لابرتیپ به تعمیرللندر 5,,,4-Feb-26,1284,,,,,,
,"$832,423 ",$3.36 ,,$65.50 ,"AFN 22,722,556",AFN 220,خریداری فنر به سیم کشی کیبل های تعمیرللندر 5,,,4-Feb-26,1285,,,,,,
,"$832,563 ",$140.00 , $140.00 ,$65.50 ,"AFN 22,722,556",AFN 0,خریداری واتر پمپ تعمیرللندر 5,"AFN 46,057",خریداری واتر پمپ تعمیرللندر 5,4-Feb-26,1286,,,,,,
,"$832,565 ",$2.48 ,,$64.50 ,"AFN 22,722,716",AFN 160,"خریداری پیپ ,کفلین به تعمیرللندر 5","AFN 46,058","خریداری پیپ ,کفلین به تعمیرللندر 5",5-Feb-26,1287,,,,,,
,"$832,603 ",$37.21 ,,$64.50 ,"AFN 22,725,116","AFN 2,400",پرداخت برای مبایل تبدیلی موتر فرونر ,"AFN 46,058",پرداخت برای مبایل تبدیلی موتر فرونر ,5-Feb-26,1288,,,,,,
,"$832,607 ",$4.65 ,,$64.50 ,"AFN 22,725,416",AFN 300,پرداخت برای موتر شویی و چرپ کاری موتر فرونر ,"AFN 46,058",پرداخت برای موتر شویی و چرپ کاری موتر فرونر ,5-Feb-26,1289,,,,,,
,"$832,615 ",$7.75 ,,$64.50 ,"AFN 22,725,916",AFN 500,خریداری تیل پطرول به موتر لکسس,"AFN 46,058",خریداری تیل پطرول به موتر لکسس,5-Feb-26,1290,,,,,,
,"$832,617 ",$1.55 ,,$64.50 ,"AFN 22,726,016",AFN 100,خریداری مایع ظرفشویی به للندر5,"AFN 46,058",خریداری مایع ظرفشویی به للندر5,5-Feb-26,1291,,,,,,
,"$832,617 ",$0.78 ,,$64.50 ,"AFN 22,726,066",AFN 50,خریداری رنگ اسپری به تعمیرللندر 5,"AFN 46,058",خریداری رنگ اسپری به تعمیرللندر 5,5-Feb-26,1292,,,,,,
,"$832,684 ",$66.67 ,,$64.50 ,"AFN 22,730,366","AFN 4,300",خریداری تیل پطرول به موتر لکسس,"AFN 46,058",خریداری تیل پطرول به موتر لکسس,5-Feb-26,1293,,,,,,
,"$832,685 ",$1.26 ,,$63.50 ,"AFN 22,730,446",AFN 80,خریداری توش به تعمیرللندر5,,,8-Feb-26,1294,,,,,,
,"$832,710 ",$24.50 ,,$64.50 ,"AFN 22,732,026","AFN 1,580","خریداری اسکوپ ,کلپس سرخ و سفید به کاشی کاری تعمیرللندر5",,,9-Feb-26,1295,,,,,,
,"$832,728 ",$17.83 ,,$64.50 ,"AFN 22,733,176","AFN 1,150","خریداری پایه ترکی ,بست شاه پرک نکلی به پایه های الماری های تشنابهای للندر5",,,9-Feb-26,1296,,,,,,
,"$832,779 ",$51.16 ,,$64.50 ,"AFN 22,736,476","AFN 3,300",پرداخت کرایه موتر کاشی به تعمیرللندر5,,,9-Feb-26,1297,,,,,,
,"$832,841 ",$62.02 ,,$64.50 ,"AFN 22,740,476","AFN 4,000",خریداری تیل پطرول به موتر لکسس ,,,9-Feb-26,1298,,,,,,
,"$832,857 ",$15.87 ,,$63.00 ,"AFN 22,741,476","AFN 1,000",پیش پرداخت برای علی احمد ولد محمد باقر بابت ماه دلو 1404 تعمیرللندر5,,,10-Feb-26,1299,,,,,,
,"$832,858 ",$1.27 ,,$63.00 ,"AFN 22,741,556",AFN 80,خریداری شیر توسط ادریس به انجنیران تعمیرللندر5,,,10-Feb-26,1300,,,,,,
,"$832,864 ",$5.71 ,,$63.00 ,"AFN 22,741,916",AFN 360,خریداری پل چرخ به تعمیرللندر 5,,,10-Feb-26,1301,,,,,,
,"$832,869 ",$5.56 ,,$63.00 ,"AFN 22,742,266",AFN 350,خریداری پل چرخ و پلک به تعمیرللندر 5,,,10-Feb-26,1302,,,,,,
,"$832,870 ",$0.79 ,,$63.00 ,"AFN 22,742,316",AFN 50,خریداری شیر توسط ادریس به انجنیران تعمیرللندر5,,,10-Feb-26,1303,,,,,,
,"$832,871 ",$0.95 ,,$63.00 ,"AFN 22,742,376",AFN 60,خریداری شیر توسط ادریس به مهمان های تعمیرللندر5,,,10-Feb-26,1304,,,,,,
,"$832,919 ",$47.62 ,,$63.00 ,"AFN 22,745,376","AFN 3,000",خریداری تیل پطرول به موتر فرونر ,"AFN 46,064",خریداری تیل پطرول به موتر فرونر ,11-Feb-26,1305,,,,,,
,"$832,920 ",$1.27 ,,$63.00 ,"AFN 22,745,456",AFN 80,خریداری رنگ روغنی به تعمیرللندر 5,,,11-Feb-26,1306,,,,,,
,"$832,975 ",$54.86 ,,$63.80 ,"AFN 22,748,956","AFN 3,500",خریداری تیل پطرول به موتر لکسس,"AFN 46,065",خریداری تیل پطرول به موتر لکسس,12-Feb-26,1307,,,,,,
,"$832,978 ",$3.13 ,,$63.80 ,"AFN 22,749,156",AFN 200,پرداخت برای ادریس چوکیدار تعمیرللندر 5 بخاطر میوه تازه خانه اش,"AFN 46,065",پرداخت برای ادریس چوکیدار تعمیرللندر 5 بخاطر میوه تازه خانه اش,12-Feb-26,1308,,,,,,
,"$832,979 ",$1.10 ,,$63.80 ,"AFN 22,749,226",AFN 70,خریداری شیر برای انجنیران تعمیرللندر 5 به هدایت حاجی عاشق الله ,"AFN 46,065",خریداری شیر برای انجنیران تعمیرللندر 5 به هدایت حاجی عاشق الله ,12-Feb-26,1309,,,,,,
,"$833,023 ",$43.89 ,,$63.80 ,"AFN 22,752,026","AFN 2,800",پرداخت اجرت روز مزد دو نفر نثار و فیروز کاشی کار تعمیرللندر 5 (مبلغ پرداختی هذا از حساب رسول نظری وضع میگردد.,"AFN 46,065",پرداخت اجرت روز مزد دو نفر نثار و فیروز کاشی کار تعمیرللندر 5 (مبلغ پرداختی هذا از حساب رسول نظری وضع میگردد.,12-Feb-26,1310,,,,,,
,"$833,104 ",$81.50 ,,$63.80 ,"AFN 22,757,226","AFN 5,200",پرداخت قسط اول خریداری لایزر از جمعه کاشی کار به تعمیرللندر 5,"AFN 46,065",پرداخت قسط اول خریداری لایزر از جمعه کاشی کار به تعمیرللندر 5,12-Feb-26,1311,,,,,,
,"$833,109 ",$5.08 ,,$63.00 ,"AFN 22,757,546",AFN 320,خریداری فوم کلان و میخ به تعمیرللندر 5,,,15-Feb-26,1312,,,,,,
,"$833,289 ",$179.21 ,,$63.00 ,"AFN 22,768,836","AFN 11,290",خریداری تخته 16 ملی سفید به آشپزخانه های تعمیرللندر5,,,15-Feb-26,1313,,,,,,
,"$833,302 ",$13.17 ,,$63.00 ,"AFN 22,769,666",AFN 830,پرداخت برای برش کاری تخته های آشپزخانه تعمیرللندر 5,,,15-Feb-26,1314,,,,,,
,"$833,310 ",$7.94 ,,$63.00 ,"AFN 22,770,166",AFN 500,پرداخت کرای موتر و بارگیری گیری تخته به تعمیرللندر5,,,15-Feb-26,1315,,,,,,
,"$833,445 ",$135.30 ,,$63.00 ,"AFN 22,778,690","AFN 8,524",خریداری اسکوپ و چسپ به کاشی کاری تعمیرللندر5,,,15-Feb-26,1316,,,,,,
,"$833,459 ",$13.49 ,,$63.00 ,"AFN 22,779,540",AFN 850,خریداری ریگ مال ساده و ریگ برمه ایی به تعمیرللندر 5,,,15-Feb-26,1317,,,,,,
,"$833,465 ",$6.35 ,,$63.00 ,"AFN 22,779,940",AFN 400,خریداری مبلایل به جنراتور تعمیرللندر5,,,15-Feb-26,1318,,,,,,
,"$833,470 ",$4.76 ,,$63.00 ,"AFN 22,780,240",AFN 300,خریداری پیچکش برقی به تعمیرللندر 5,,,15-Feb-26,1319,,,,,,
,"$833,476 ",$6.51 ,,$63.00 ,"AFN 22,780,650",AFN 410,"خریداری کارتک ,دستکش به تعمیرللندر5",,,15-Feb-26,1320,,,,,,
,"$833,479 ",$2.38 ,,$63.00 ,"AFN 22,780,800",AFN 150,خریداری ذغال به تعمیرللندر5,,,15-Feb-26,1321,,,,,,
,"$833,484 ",$5.71 ,,$63.00 ,"AFN 22,781,160",AFN 360,خریداری رجه و میخ به تعمیرللندر5,,,15-Feb-26,1322,,,,,,
,"$833,489 ",$4.76 ,,$63.00 ,"AFN 22,781,460",AFN 300,خریداری تار رجه رنگ دار به تعمیرللندر5,,,15-Feb-26,1323,,,,,,
,"$833,502 ",$13.33 ,,$63.00 ,"AFN 22,782,300",AFN 840,"خریداری سرش ,لابرتیب و توش به تعمیرللندر 5 ",,,15-Feb-26,1324,,,,,,
,"$833,518 ",$15.87 ,,$63.00 ,"AFN 22,783,300","AFN 1,000",پیش پرداخت برای علی احمد ولد محمد باقر بابت ماه دلو 1404,,,15-Feb-26,1325,,,,,,
,"$833,552 ",$33.33 ,,$63.00 ,"AFN 22,785,400","AFN 2,100",خریداری تیل پطرول به موتر فرونر ,,,15-Feb-26,1326,,,,,,
,"$833,573 ",$21.11 ,,$63.00 ,"AFN 22,786,730","AFN 1,330",خریداری تخته به الماری های آشپز خانه های تعمیرللندر 5 و پرداخت کرای موتر و بارگیری به تعمیرللندر 5,,,15-Feb-26,1327,,,,,,
,"$834,890 ","$1,317.38 ",,$62.70 ,"AFN 22,869,330","AFN 82,600",پرداخت برای شرکت هرات الکتریک بابت خریداری وسایل برقی به تعمیرللندر 5 ,,,16-Feb-26,1328,,,,,,
,"$835,017 ",$127.27 ,,$62.70 ,"AFN 22,877,310","AFN 7,980",خریداری تیل دیزل به جنراتور تعمیرللندر5,,,16-Feb-26,1329,,,,,,
,"$835,542 ",$524.72 ,,$62.70 ,"AFN 22,910,210","AFN 32,900","پرداخت برای کاکا بادام گل بدست روز الدین بابت خریداری خاکه ,انتقال ریگ از دارالامان,خرید خشت اول و انتقال چوب از للندر 5 به للندر 4",,,16-Feb-26,1330,,,,,,
,"$836,705 ","$1,162.84 ",,$62.70 ,"AFN 22,983,120","AFN 72,910",پرداخت برای شرکت آخندزاده بابت خریداری کاشی 30/60 به تعمیرللندر5,,,16-Feb-26,1331,,,,,,
,"$836,905 ",$199.84 ,,$62.70 ,"AFN 22,995,650","AFN 12,530",پرداخت مصارف بل های برق تعمیرللندر 5 بابت ماه جدی 1404,,,16-Feb-26,1332,,,,,,
,"$837,297 ",$392.34 ,,$62.70 ,"AFN 23,020,250","AFN 24,600",پرداخت برای شرکت قلب آسیا بابت خریداری گچ سفید به تعمیرللندر 5,,,16-Feb-26,1333,,,,,,
,"$838,701 ","$1,404.18 ",,$62.70 ,"AFN 23,108,292","AFN 88,042",پرداخت برای شرکت پاور اطلس بابت خریدرای مواد نلدوانی به تعمیرللندر5,,,16-Feb-26,1334,,,,,,
,"$839,933 ","$1,231.26 ",,$62.70 ,"AFN 23,185,492","AFN 77,200",پرداخت برای شرکت برادران صمدی از مجموع باقیمانده بل نمبر 4073 به تعمیرللندر 5,,,16-Feb-26,1335,,,,,,
,"$839,941 ",$8.61 ,,$62.70 ,"AFN 23,186,032",AFN 540,"خریداری باطله دانی , کرای موتر و کرای کراچی به تعمیرللندر 5",,,16-Feb-26,1336,,,,,,
,"$840,030 ",$88.68 ,,$63.15 ,"AFN 23,191,632","AFN 5,600",پرداخت برای جمعه خان کاشی کار بابت پول باقیمانده خرید لایزر به تعمیرللندر 5,17-Feb-26,پرداخت برای جمعه خان کاشی کار بابت پول باقیمانده خرید لایزر به تعمیرللندر 5,17-Feb-26,1337,,,,,,
,"$840,034 ",$4.44 ,,$63.00 ,"AFN 23,191,912",AFN 280,خریداری سرش سلیکان به تعمیرللندر 5,19-Feb-26,خریداری سرش سلیکان به تعمیرللندر 5,19-Feb-26,1338,,,,,,
,"$840,038 ",$4.13 ,,$63.00 ,"AFN 23,192,172",AFN 260,خریداری نوار 16 ملی به تخته های کابینت آشپزخانه های تعمیرللندر 5 همراه با برش کاری و کرای انتقال,19-Feb-26,خریداری نوار 16 ملی به تخته های کابینت آشپزخانه های تعمیرللندر 5 همراه با برش کاری و کرای انتقال,19-Feb-26,1339,,,,,,
,"$840,153 ",$114.29 ,,$63.00 ,"AFN 23,199,372","AFN 7,200",پرداخت معاش عبدالقدیر ولد جمعه خان شاگرد برقی تعمیرللندر 5,19-Feb-26,پرداخت معاش عبدالقدیر ولد جمعه خان شاگرد برقی تعمیرللندر 5,19-Feb-26,1340,,,,,,
,"$840,158 ",$5.24 ,,$63.00 ,"AFN 23,199,702",AFN 330,خریداری مواد کاشی به تعمیرللندر 5,19-Feb-26,خریداری مواد کاشی به تعمیرللندر 5,19-Feb-26,1341,,,,,,
,"$840,161 ",$3.17 ,,$63.00 ,"AFN 23,199,902",AFN 200,خریداری کارتک و رجه به کاشی کاری تعمیرللندر5,19-Feb-26,خریداری کارتک و رجه به کاشی کاری تعمیرللندر5,19-Feb-26,1342,,,,,,
,"$840,177 ",$15.87 ,,$63.00 ,"AFN 23,200,902","AFN 1,000",پیش پرداخت برای علی احمد ولد محمد باقر بابت ماه دلو 1404,19-Feb-26,پیش پرداخت برای علی احمد ولد محمد باقر بابت ماه دلو 1404,19-Feb-26,1343,,,,,,
,"$840,606 ",$428.57 ,,$63.00 ,"AFN 23,227,902","AFN 27,000",پرداخت برای جمعه خان بابت کاشی کاری تعمیرللندر5,19-Feb-26,پرداخت برای جمعه خان بابت کاشی کاری تعمیرللندر5,19-Feb-26,1344,,,,,,
,"$840,939 ",$333.71 ,,$63.00 ,"AFN 23,248,926","AFN 21,024",پرداخت برای عبدالله بابت خشت کاری منزل نهم تعمیرللندر 5,19-Feb-26,پرداخت برای عبدالله بابت خشت کاری منزل نهم تعمیرللندر 5,19-Feb-26,1345,,,,,,
,"$840,951 ",$12.06 ,,$63.00 ,"AFN 23,249,686",AFN 760,پرداخت اجرت بارگیری و کرای موتر کاشی به تعمیرللندر5,19-Feb-26,پرداخت اجرت بارگیری و کرای موتر کاشی به تعمیرللندر5,19-Feb-26,1346,,,,,,
,"$841,074 ",$122.22 ,,$63.00 ,"AFN 23,257,386","AFN 7,700",پرداخت اجرت روز مزد هشت روزه سه نفرکاشی کار بابت کار های باقیمانده رسول کاشی کار تعمیرللندر 5,19-Feb-26,پرداخت اجرت روز مزد هشت روزه سه نفرکاشی کار بابت کار های باقیمانده رسول کاشی کار تعمیرللندر 5,19-Feb-26,1347,,,,,,
,"$841,111 ",$37.30 ,,$63.00 ,"AFN 23,259,736","AFN 2,350",پرداخت کرای انتقال و بارگیری گرانیت های خریداری شده از شرکت آخندزاده به تعمیرللندر5,19-Feb-26,پرداخت کرای انتقال و بارگیری گرانیت های خریداری شده از شرکت آخندزاده به تعمیرللندر5,19-Feb-26,1348,,,,,,
,"$841,114 ",$2.86 ,,$63.00 ,"AFN 23,259,916",AFN 180,"خریداری بکسوانه , و سیخ به تعمیرللندر 5",19-Feb-26,"خریداری بکسوانه , و سیخ به تعمیرللندر 5",19-Feb-26,1349,,,,,,
,"$841,117 ",$3.17 ,,$63.00 ,"AFN 23,260,116",AFN 200,خریداری سه ساکته و پل به تعمیرللندر 5,19-Feb-26,خریداری سه ساکته و پل به تعمیرللندر 5,19-Feb-26,1350,,,,,,
,"$841,157 ",$39.68 ,,$63.00 ,"AFN 23,262,616","AFN 2,500",خریداری تیل پطرول به موتر فرونر ,19-Feb-26,خریداری تیل پطرول به موتر فرونر ,19-Feb-26,1351,,,,,,
,"$841,172 ",$15.87 ,,$63.00 ,"AFN 23,263,616","AFN 1,000",خریداری تیل پطرول به موتر لکسس,19-Feb-26,خریداری تیل پطرول به موتر لکسس,19-Feb-26,1352,,,,,,
,"$841,177 ",$4.44 ,,$63.00 ,"AFN 23,263,896",AFN 280,خریداری سرش سلیکان به تعمیرللندر 5,,,20-Feb-26,1353,,,,,,
,"$841,181 ",$4.13 ,,$63.00 ,"AFN 23,264,156",AFN 260,خریداری نوار 16 ملی به تخته های کابینت آشپزخانه های تعمیرللندر 5 همراه با برش کاری و کرای انتقال,,,20-Feb-26,1354,,,,,,
,"$841,295 ",$114.29 ,,$63.00 ,"AFN 23,271,356","AFN 7,200",پرداخت معاش عبدالقدیر ولد جمعه خان شاگرد برقی تعمیرللندر 5,,,20-Feb-26,1355,,,,,,
,"$841,301 ",$5.24 ,,$63.00 ,"AFN 23,271,686",AFN 330,خریداری مواد کاشی به تعمیرللندر 5,,,20-Feb-26,1356,,,,,,
,"$841,304 ",$3.17 ,,$63.00 ,"AFN 23,271,886",AFN 200,خریداری کارتک و رجه به کاشی کاری تعمیرللندر5,,,20-Feb-26,1357,,,,,,
,"$841,320 ",$15.87 ,,$63.00 ,"AFN 23,272,886","AFN 1,000",پیش پرداخت برای علی احمد ولد محمد باقر بابت ماه دلو 1404,,,20-Feb-26,1358,,,,,,
,"$841,748 ",$428.57 ,,$63.00 ,"AFN 23,299,886","AFN 27,000",پرداخت برای جمعه خان بابت کاشی کاری تعمیرللندر5,,,20-Feb-26,1359,,,,,,
,"$842,082 ",$333.71 ,,$63.00 ,"AFN 23,320,910","AFN 21,024",پرداخت برای عبدالله بابت خشت کاری منزل نهم تعمیرللندر 5,,,20-Feb-26,1360,,,,,,
,"$842,094 ",$12.06 ,,$63.00 ,"AFN 23,321,670",AFN 760,پرداخت اجرت بارگیری و کرای موتر کاشی به تعمیرللندر5,,,20-Feb-26,1361,,,,,,
,"$842,216 ",$122.22 ,,$63.00 ,"AFN 23,329,370","AFN 7,700",پرداخت اجرت روز مزد هشت روزه سه نفرکاشی کار بابت کار های باقیمانده رسول کاشی کار تعمیرللندر 5,,,20-Feb-26,1362,,,,,,
,"$842,253 ",$37.30 ,,$63.00 ,"AFN 23,331,720","AFN 2,350",پرداخت کرای انتقال و بارگیری گرانیت های خریداری شده از شرکت آخندزاده به تعمیرللندر5,,,20-Feb-26,1363,,,,,,
,"$842,256 ",$2.86 ,,$63.00 ,"AFN 23,331,900",AFN 180,"خریداری بکسوانه , و سیخ به تعمیرللندر 5",,,20-Feb-26,1364,,,,,,
,"$842,259 ",$3.17 ,,$63.00 ,"AFN 23,332,100",AFN 200,خریداری سه ساکته و پل به تعمیرللندر 5,,,20-Feb-26,1365,,,,,,
,"$842,299 ",$39.68 ,,$63.00 ,"AFN 23,334,600","AFN 2,500",خریداری تیل پطرول به موتر فرونر ,,,20-Feb-26,1366,,,,,,
,"$842,315 ",$15.87 ,,$63.00 ,"AFN 23,335,600","AFN 1,000",خریداری تیل پطرول به موتر لکسس,,,20-Feb-26,1367,,,,,,
,"$844,385 ","$2,070.06 ",,$62.80 ,"AFN 23,465,600","AFN 130,000",پرداخت برای خریداری 250 خریطه سمنت ایرانی به تعمیرللندر5,22-Feb-26,پرداخت برای خریداری 250 خریطه سمنت ایرانی به تعمیرللندر5,22-Feb-26,1368,,,,,,
,"$844,417 ",$31.55 ,,$63.40 ,"AFN 23,467,600","AFN 2,000",خریداری تیل پطرول به موتر فرونر ,,,23-Feb-26,1369,,,,,,
,"$844,421 ",$4.73 ,,$63.40 ,"AFN 23,467,900",AFN 300,پرداخت کرای موتر بابت انتقال کاشی به تعمیرللندر5,,,23-Feb-26,1370,,,,,,
,"$844,454 ",$33.12 ,,$63.40 ,"AFN 23,470,000","AFN 2,100",پرداخت کرای موتر اجرت بارگیری گرانیت ها از شرکت آخند زاده به تعمیرللندر5,,,23-Feb-26,1371,,,,,,
,"$844,839 ",$384.07 ,,$63.40 ,"AFN 23,494,350","AFN 24,350",خریداری چسپ کاشی به تعمیرللندر5,,,23-Feb-26,1372,,,,,,
,"$844,840 ",$1.58 ,,$63.30 ,"AFN 23,494,450",AFN 100,خریداری مایع ظروفشویی به چوکیدار تعمیرللندر5,24-Feb-26,خریداری مایع ظروفشویی به چوکیدار تعمیرللندر5,24-Feb-26,1373,,,,,,
,"$844,946 ",$106.00 ,,$63.30 ,"AFN 23,501,160","AFN 6,710","خریداری تیل پطرول ,گاز به موتر بخاطر رفتن به مزار شریف حاجی احسان الله سهاک و نورالدین بابت خریداری تخته ها به تعمیرللندر 5 و استفاده آن به تعمیرللندر 6",24-Feb-26,"خریداری تیل پطرول ,گاز به موتر بخاطر رفتن به مزار شریف حاجی احسان الله سهاک و نورالدین بابت خریداری تخته ها به تعمیرللندر 5 و استفاده آن به تعمیرللندر 6",24-Feb-26,1374,,,,,,
,"$861,445 ","$16,499.00 "," $16,499 ",$63.30 ,"AFN 23,501,160",AFN 0,اجرا حواله توسط صرافی خانی گل توسط چک نمبر 2352 بخاطر خریداری چوب چهار تراش به تعمیرللندر 5 و استفاده آن به تعمیرللندر6,24-Feb-26,اجرا حواله توسط صرافی خانی گل توسط چک نمبر 2352 بخاطر خریداری چوب چهار تراش به تعمیرللندر 5 و استفاده آن به تعمیرللندر6,24-Feb-26,1375,,,,,,
,"$870,354 ","$8,909.00 "," $8,909 ",$63.30 ,"AFN 23,501,160",AFN 0,اجرا حواله توسط صرافی خانی گل توسط چک نمبر 2355 بخاطر خریداری تخته پلایوت به تعمیرللندر 5 و استفاده آن به تعمیرللندر6,24-Feb-26,اجرا حواله توسط صرافی خانی گل توسط چک نمبر 2355 بخاطر خریداری تخته پلایوت به تعمیرللندر 5 و استفاده آن به تعمیرللندر6,24-Feb-26,1376,,,,,,
,"$870,360 ",$6.32 ,,$63.30 ,"AFN 23,501,560",AFN 400,"پرداخت کرای انتقال لوله های جوشی , سه دهن , سردنده , زانو خم و غیره به تعمیرللندر 5",,,24-Feb-26,1377,,,,,,
,"$870,364 ",$3.16 ,,$63.25 ,"AFN 23,501,760",AFN 200,خریداری کارت مبایل به ادریس چوکیدار تعمیرللندر 5,,,25-Feb-26,1378,,,,,,
,"$870,443 ",$79.05 ,,$63.25 ,"AFN 23,506,760","AFN 5,000",پرداخت معاش باقیمانده ادریس ولد دولت بابت ماه دلو 1404 ,,,25-Feb-26,1379,,,,,,
,"$870,700 ",$257.71 ,,$63.25 ,"AFN 23,523,060","AFN 16,300",پرداخت برای نعمان بابت خریداری فنکول به دوبلکس تعمیر للندر 5,,,25-Feb-26,1380,,,,,,
,"$870,722 ",$21.34 ,,$63.25 ,"AFN 23,524,410","AFN 1,350",پرداخت اجرت بارگیری کاشی و کرای انتقال کاشی ها به تعمیرللندر 5  ,,,25-Feb-26,1381,,,,,,
,"$870,753 ",$31.01 ,,$63.20 ,"AFN 23,526,370","AFN 1,960",پرداخت برای انتقال گرانیت های واپس شده از تعمیرللندر 5 به شرکت آخندزاده ,26-Feb-26,پرداخت برای انتقال گرانیت های واپس شده از تعمیرللندر 5 به شرکت آخندزاده ,26-Feb-26,1382,,,,,,
,"$870,943 ",$189.87 ,,$63.20 ,"AFN 23,538,370","AFN 12,000",پرداخت معاش محمد صفر ولد محمد باقر بابت ماه دلو 1404,26-Feb-26,پرداخت معاش محمد صفر ولد محمد باقر بابت ماه دلو 1404,26-Feb-26,1383,,,,,,
,"$871,101 ",$158.23 ,,$63.20 ,"AFN 23,548,370","AFN 10,000",پرداخت معاش محمد سرور ولد طالب بابت ماه دلو 1404,26-Feb-26,پرداخت معاش محمد سرور ولد طالب بابت ماه دلو 1404,26-Feb-26,1384,,,,,,
,"$871,259 ",$158.23 ,,$63.20 ,"AFN 23,558,370","AFN 10,000",پرداخت برای جمعه خان بابت کاشی کاری تعمیرللندر5,26-Feb-26,پرداخت برای جمعه خان بابت کاشی کاری تعمیرللندر5,26-Feb-26,1385,,,,,,
,"$871,345 ",$85.44 ,,$63.20 ,"AFN 23,563,770","AFN 5,400",پرداخت معاش باقیمانده علی احمد ولد محمد باقر بابت ماه دلو 1404,26-Feb-26,پرداخت معاش باقیمانده علی احمد ولد محمد باقر بابت ماه دلو 1404,26-Feb-26,1386,,,,,,
,"$871,566 ",$221.52 ,,$63.20 ,"AFN 23,577,770","AFN 14,000",پرداخت معاش مطیع الله ولد محمد یونس بابت ماه دلو 1404,26-Feb-26,پرداخت معاش مطیع الله ولد محمد یونس بابت ماه دلو 1404,26-Feb-26,1387,,,,,,
,"$872,248 ",$681.96 ,,$63.20 ,"AFN 23,620,870","AFN 43,100",پرداخت برای کرای انتقال و مجموع مصارفا راه بابت خریداری چوب از مزار شریف به تعمیرللندر 5 و استفاده آن به تعمیرللندر 6,26-Feb-26,پرداخت برای کرای انتقال و مجموع مصارفا راه بابت خریداری چوب از مزار شریف به تعمیرللندر 5 و استفاده آن به تعمیرللندر 6,26-Feb-26,1388,,,,,,
,"$872,930 ",$681.96 ,,$63.20 ,"AFN 23,663,970","AFN 43,100",پرداخت برای کرای انتقال و مجموع مصارفا راه بابت خریداری چوب از مزار شریف به تعمیرللندر 5 و استفاده آن به تعمیرللندر 6,26-Feb-26,پرداخت برای کرای انتقال و مجموع مصارفا راه بابت خریداری چوب از مزار شریف به تعمیرللندر 5 و استفاده آن به تعمیرللندر 6,26-Feb-26,1389,,,,,,
,"$872,977 ",$47.47 ,,$63.20 ,"AFN 23,666,970","AFN 3,000",خریداری تیل پطرول به موتر فرونر توسط حاجی صبغت الله ,26-Feb-26,خریداری تیل پطرول به موتر فرونر توسط حاجی صبغت الله ,26-Feb-26,1390,,,,,,
,"$873,009 ",$31.65 ,,$63.20 ,"AFN 23,668,970","AFN 2,000",خریداری تیل پطرول به موتر فرونر ,,,28-Feb-26,1391,,,,,,
,"$873,025 ",$15.82 ,,$63.20 ,"AFN 23,669,970","AFN 1,000",خریداری تیل پطرول به موتر لکسس,,,28-Feb-26,1392,,,,,,
,"$873,066 ",$40.66 ,,$63.20 ,"AFN 23,672,540","AFN 2,570",پرداخت برای کرای گادر به تعمیر للندر 5,,,28-Feb-26,1393,,,,,,
,"$873,319 ",$253.16 ,,$63.20 ,"AFN 23,688,540","AFN 16,000",پرداخت برای کاکا بادام گل بابت خریداری ریگ خشت اول برای تعمیر للندر 5,,,28-Feb-26,1394,,,,,,
,"$875,521 ","$2,202.00 "," $2,202 ",$63.20 ,"AFN 23,688,540",AFN 0,پرداخت برای شرکت هرات نت و بولت بابت خریداری گادر به دوبلکس تعمیرللندر 5,28-Feb-26,پرداخت برای شرکت هرات نت و بولت بابت خریداری گادر به دوبلکس تعمیرللندر 5,28-Feb-26,1395,,,,,,
,"$878,894 ","$3,373.00 "," $3,373 ",$63.20 ,"AFN 23,688,540",AFN 0,خریداری 410 خریطه سمنت ایرانی به تعمیرللندر 5 و اجرا پول آن توسط صرافی خانی گل چک نمبر 2361,,,28-Feb-26,1396,,,,,,
,"$878,910 ",$15.82 ,,$63.20 ,"AFN 23,689,540","AFN 1,000",خریداری تیل پطرول به موتر لکسس,1-Mar-26,خریداری تیل پطرول به موتر لکسس,1-Mar-26,1397,,,,,,
,"$878,945 ",$35.13 ,,$63.20 ,"AFN 23,691,760","AFN 2,220","خریداری مواد ضد زنگ ,برس به تعمیرللندر5",1-Mar-26,"خریداری مواد ضد زنگ ,برس به تعمیرللندر5",1-Mar-26,1398,,,,,,
,"$878,975 ",$30.06 ,,$63.20 ,"AFN 23,693,660","AFN 1,900",خریداری مواد کاشی به تعمیرللندر 5,1-Mar-26,خریداری مواد کاشی به تعمیرللندر 5,1-Mar-26,1399,,,,,,
,"$879,025 ",$50.63 ,,$63.20 ,"AFN 23,696,860","AFN 3,200","خریداری مواد کاشی کاری از قبیل اسکوب, صلیب , کلپس به تعمیرللندر5",1-Mar-26,"خریداری مواد کاشی کاری از قبیل اسکوب, صلیب , کلپس به تعمیرللندر5",1-Mar-26,1400,,,,,,
,"$879,026 ",$0.47 ,,$63.20 ,"AFN 23,696,890",AFN 30,خریداری پل برمه فلزکاری به تعمیرللندر5,1-Mar-26,خریداری پل برمه فلزکاری به تعمیرللندر5,1-Mar-26,1401,,,,,,
,"$879,137 ",$110.76 ,,$63.20 ,"AFN 23,703,890","AFN 7,000",پرداخت برای فیض الله بابت نجاری کابینت های آشپزخانه تعمیرللندر5,2-Mar-26,پرداخت برای فیض الله بابت نجاری کابینت های آشپزخانه تعمیرللندر5,2-Mar-26,1402,,,,,,
,"$881,375 ","$2,238.27 ",,$64.85 ,"AFN 23,849,042","AFN 145,152",پرداخت از درک واپسی گرانیت به شرکت تجارتی آخند زاده ,3-Mar-26,پرداخت از درک واپسی گرانیت به شرکت تجارتی آخند زاده ,3-Mar-26,1403,,,,,,
,"$881,469 ",$94.45 ,,$64.85 ,"AFN 23,855,167","AFN 6,125",خریداری مواد کاشی کاری به تعمیرللندر5,3-Mar-26,خریداری مواد کاشی کاری به تعمیرللندر5,3-Mar-26,1404,,,,,,
,"$883,011 ","$1,542.02 ",,$64.85 ,"AFN 23,955,167","AFN 100,000",پرداخت برای شرکت تجارتی آخندزاده از درک بل نمبر 12170 بابت تعمیرللندر5,3-Mar-26,پرداخت برای شرکت تجارتی آخندزاده از درک بل نمبر 12170 بابت تعمیرللندر5,3-Mar-26,1405,,,,,,
,"$883,058 ",$46.26 ,,$64.85 ,"AFN 23,958,167","AFN 3,000",پرداخت برای مبلایل تبدیلی جنراتور تعمیرللندر5,3-Mar-26,پرداخت برای مبلایل تبدیلی جنراتور تعمیرللندر5,3-Mar-26,1406,,,,,,
,"$883,681 ",$622.98 ,,$64.85 ,"AFN 23,998,567","AFN 40,400",خریداری کلفت ترکی به قالبکاری تعمیرللندر 5 و استفاده آن به تعمیرللندر6,4-Mar-26,خریداری کلفت ترکی به قالبکاری تعمیرللندر 5 و استفاده آن به تعمیرللندر6,4-Mar-26,1407,,,,,,
,"$883,714 ",$33.15 ,,$64.85 ,"AFN 24,000,717","AFN 2,150",خریداری تیل پطرول به موتر فرونر ,4-Mar-26,خریداری تیل پطرول به موتر فرونر ,4-Mar-26,1408,,,,,,
,"$883,765 ",$50.89 ,,$64.85 ,"AFN 24,004,017","AFN 3,300",خریداری تیل پطرول به موتر لکسس,4-Mar-26,خریداری تیل پطرول به موتر لکسس,4-Mar-26,1409,,,,,,
,"$883,842 ",$77.28 ,,$64.70 ,"AFN 24,009,017","AFN 5,000",پرداخت برای محمد شریف نلدوان بابت سیستم مکمل نلدوانی تعمیرللندر5,5-Mar-26,پرداخت برای محمد شریف نلدوان بابت سیستم مکمل نلدوانی تعمیرللندر5,5-Mar-26,1410,,,,,,
,"$883,940 ",$98.15 ,,$64.70 ,"AFN 24,015,367","AFN 6,350",پرداخت برای عمران نصب سنگ های آشپزخانه تعمیرللندر5,5-Mar-26,پرداخت برای عمران نصب سنگ های آشپزخانه تعمیرللندر5,5-Mar-26,1411,,,,,,
,"$883,959 ",$18.55 ,,$64.70 ,"AFN 24,016,567","AFN 1,200",پرداخت برای خریداری چسپ کاشی و مواد کاشی کاری به تعمیرللندر5,5-Mar-26,پرداخت برای خریداری چسپ کاشی و مواد کاشی کاری به تعمیرللندر5,5-Mar-26,1412,,,,,,
,"$884,024 ",$64.91 ,,$64.70 ,"AFN 24,020,767","AFN 4,200",خریداری تیل پطرول به موتر لکسس,5-Mar-26,خریداری تیل پطرول به موتر لکسس,5-Mar-26,1413,,,,,,
,"$884,058 ",$34.99 ,,$64.30 ,"AFN 24,023,017","AFN 2,250",پرداخت اجرت بارگیری و کرای موتر گادر های منزل دوبلکس تعمیرللندر 5,8-Mar-26,پرداخت اجرت بارگیری و کرای موتر گادر های منزل دوبلکس تعمیرللندر 5,8-Mar-26,1414,,,,,,
,"$884,232 ",$173.56 ,,$64.30 ,"AFN 24,034,177","AFN 11,160",خریداری 7 بندل پتی به تعمیرللندر 5,8-Mar-26,خریداری 7 بندل پتی به تعمیرللندر 5,8-Mar-26,1415,,,,,,
,"$884,248 ",$15.55 ,,$64.30 ,"AFN 24,035,177","AFN 1,000",خریداری تیل پطرول به موتر لکسس,8-Mar-26,خریداری تیل پطرول به موتر لکسس,8-Mar-26,1416,,,,,,
,"$884,481 ",$233.28 ,,$64.30 ,"AFN 24,050,177","AFN 15,000",پرداخت برای جمعه خان بابت کاشی کاری تعمیرللندر5,8-Mar-26,پرداخت برای جمعه خان بابت کاشی کاری تعمیرللندر5,8-Mar-26,1417,,,,,,
,"$884,532 ",$51.32 ,,$64.30 ,"AFN 24,053,477","AFN 3,300",پرداخت اجرت بارگیری  کاشی به تعمیرللندر5,8-Mar-26,پرداخت اجرت بارگیری  کاشی به تعمیرللندر5,8-Mar-26,1418,,,,,,
,"$884,536 ",$3.73 ,,$64.30 ,"AFN 24,053,717",AFN 240,خریداری جاروب به پاک کاری تعمیرللندر5,8-Mar-26,خریداری جاروب به پاک کاری تعمیرللندر5,8-Mar-26,1419,,,,,,
,"$884,587 ",$51.48 ,,$64.30 ,"AFN 24,057,027","AFN 3,310",پرداخت کرای موتر و اجرت بارگیری کاشی به تعمیرللندر5,8-Mar-26,پرداخت کرای موتر و اجرت بارگیری کاشی به تعمیرللندر5,8-Mar-26,1420,,,,,,
,"$884,591 ",$3.89 ,,$64.30 ,"AFN 24,057,277",AFN 250,پرداخت کرای موتر بابت انتقال چوفتی های سنگی به تعمیرللندر 5,8-Mar-26,پرداخت کرای موتر بابت انتقال چوفتی های سنگی به تعمیرللندر 5,8-Mar-26,1421,,,,,,
,"$886,346 ","$1,755.00 "," $1,755.00 ",$64.30 ,"AFN 24,057,277",AFN 0,پرداخت برای شرکت هرات نت و بولت بابت خریداری گادر به منزل دوبلکس تعمیرللندر 5,8-Mar-26,پرداخت برای شرکت هرات نت و بولت بابت خریداری گادر به منزل دوبلکس تعمیرللندر 5,8-Mar-26,1422,,,,,,
,"$886,503 ",$156.25 ,,$64.00 ,"AFN 24,067,277","AFN 10,000",پیش پرداخت برای نجیب الله ولد عبدالشکور بابت ماه حوت 1404,9-Mar-26,پیش پرداخت برای نجیب الله ولد عبدالشکور بابت ماه حوت 1404,9-Mar-26,1423,,,,,,
,"$886,826 ",$323.44 ,,$64.00 ,"AFN 24,087,977","AFN 20,700",خریداری چوفتی سنگی به تعمیرللندر 5,,,9-Mar-26,1424,,,,,,
,"$886,830 ",$3.91 ,,$64.00 ,"AFN 24,088,227",AFN 250,پرداخت کرای موتر چوفتی های سنگی به تعمیرللندر 5,,,9-Mar-26,1425,,,,,,
,"$886,836 ",$6.25 ,,$64.00 ,"AFN 24,088,627",AFN 400,خریداری کلمپس به کاشی کاری تعمیرللندر5,10-Mar-26,خریداری کلمپس به کاشی کاری تعمیرللندر5,10-Mar-26,1426,,,,,,
,"$886,956 ",$119.38 ,,$64.00 ,"AFN 24,096,267","AFN 7,640","خریداری مواد کاشی کاری اسکوپ ,کلپس ,صلیب به تعمیرللندر5",10-Mar-26,"خریداری مواد کاشی کاری اسکوپ ,کلپس ,صلیب به تعمیرللندر5",10-Mar-26,1427,,,,,,
,"$893,149 ","$6,193.75 ",,$64.00 ,"AFN 24,492,667","AFN 396,400","خریداری لارند 8 ملی , گادر 8 سانتی و 18 سانتی به دوبلکس تعمیرللندر 5  (و اجرا آن توسط صرافی خانی گل",10-Mar-26,"خریداری لارند 8 ملی , گادر 8 سانتی و 18 سانتی به دوبلکس تعمیرللندر 5  (و اجرا آن توسط صرافی خانی گل",10-Mar-26,1428,,,,,,
,"$893,251 ",$101.56 ,,$64.00 ,"AFN 24,499,167","AFN 6,500",خریداری دبل به تعمیرللندر 5,10-Mar-26,خریداری دبل به تعمیرللندر 5,10-Mar-26,1429,,,,,,
,"$893,263 ",$12.19 ,,$64.00 ,"AFN 24,499,947",AFN 780,خریداری گاز مایع به تعمیرللندر5,10-Mar-26,خریداری گاز مایع به تعمیرللندر5,10-Mar-26,1430,,,,,,
,"$893,290 ",$26.88 ,,$64.00 ,"AFN 24,501,667","AFN 1,720","خریداری مواد کاشی کاری ,گرد بر به تعمیرللندر5",10-Mar-26,"خریداری مواد کاشی کاری ,گرد بر به تعمیرللندر5",10-Mar-26,1431,,,,,,
,"$893,348 ",$58.59 ,,$64.00 ,"AFN 24,505,417","AFN 3,750","خریداری مواد کاشی کاری از قبیل اسکوپ , کلپس به تعمیرللندر5",10-Mar-26,"خریداری مواد کاشی کاری از قبیل اسکوپ , کلپس به تعمیرللندر5",10-Mar-26,1432,,,,,,
,"$893,364 ",$15.47 ,,$64.00 ,"AFN 24,506,407",AFN 990,خریداری مواد کاشی کاری از قبیل تراز کرستال به تعمیرللندر 5,10-Mar-26,خریداری مواد کاشی کاری از قبیل تراز کرستال به تعمیرللندر 5,10-Mar-26,1433,,,,,,
,"$893,538 ",$174.22 ,,$64.00 ,"AFN 24,517,557","AFN 11,150","خریداری مواد کاشی کاری سرش سیاه ,اسکوب به تعمیرللندر5",10-Mar-26,"خریداری مواد کاشی کاری سرش سیاه ,اسکوب به تعمیرللندر5",10-Mar-26,1434,,,,,,
,"$893,548 ",$9.38 ,,$64.00 ,"AFN 24,518,157",AFN 600,خریداری آهن پلیت به تعمیرللندر 5,10-Mar-26,خریداری آهن پلیت به تعمیرللندر 5,10-Mar-26,1435,,,,,,
,"$893,588 ",$40.23 ,,$64.00 ,"AFN 24,520,732","AFN 2,575",خریداری آهن پلیت به تعمیرللندر 5,10-Mar-26,خریداری آهن پلیت به تعمیرللندر 5,10-Mar-26,1436,,,,,,
,"$893,842 ",$253.91 ,,$64.00 ,"AFN 24,536,982","AFN 16,250",خریداری آهن پلیت به تعمیرللندر 5,10-Mar-26,خریداری آهن پلیت به تعمیرللندر 5,10-Mar-26,1437,,,,,,
,"$893,853 ",$10.94 ,,$64.00 ,"AFN 24,537,682",AFN 700,خریداری مواد کاشی کاری به تعمیرللندر5,10-Mar-26,خریداری مواد کاشی کاری به تعمیرللندر5,10-Mar-26,1438,,,,,,
,"$893,858 ",$5.16 ,,$64.00 ,"AFN 24,538,012",AFN 330,خریداری برس به تعمیرللندر 5,10-Mar-26,خریداری برس به تعمیرللندر 5,10-Mar-26,1439,,,,,,
,"$893,859 ",$1.56 ,,$64.00 ,"AFN 24,538,112",AFN 100,خریداری فیوز آب بازک به تعمیرللندر5,10-Mar-26,خریداری فیوز آب بازک به تعمیرللندر5,10-Mar-26,1440,,,,,,
,"$893,862 ",$3.13 ,,$64.00 ,"AFN 24,538,312",AFN 200,خریداری پایپ آب ترازو و توش به تعمیرللندر5,10-Mar-26,خریداری پایپ آب ترازو و توش به تعمیرللندر5,10-Mar-26,1441,,,,,,
,"$893,896 ",$33.44 ,,$64.00 ,"AFN 24,540,452","AFN 2,140",خریداری مواد کاشی کاری به تعمیرللندر5,10-Mar-26,خریداری مواد کاشی کاری به تعمیرللندر5,10-Mar-26,1442,,,,,,
,"$893,943 ",$47.50 ,,$64.00 ,"AFN 24,543,492","AFN 3,040",خریداری مواد کاشی کاری به تعمیرللندر5,10-Mar-26,خریداری مواد کاشی کاری به تعمیرللندر5,10-Mar-26,1443,,,,,,
,"$894,078 ",$134.38 ,,$64.00 ,"AFN 24,552,092","AFN 8,600",خریداری ظرفشویی سیاه نکلی به تعمیرللندر5,10-Mar-26,خریداری ظرفشویی سیاه نکلی به تعمیرللندر5,10-Mar-26,1444,,,,,,
,"$894,210 ",$132.66 ,,$64.00 ,"AFN 24,560,582","AFN 8,490",خریداری آهن پلیت به تعمیرللندر 5,10-Mar-26,خریداری آهن پلیت به تعمیرللندر 5,10-Mar-26,1445,,,,,,
,"$894,288 ",$77.34 ,,$64.00 ,"AFN 24,565,532","AFN 4,950",خریداری چپ راس و چینل به تعمیرللندر5,10-Mar-26,خریداری چپ راس و چینل به تعمیرللندر5,10-Mar-26,1446,,,,,,
,"$894,474 ",$185.94 ,,$64.00 ,"AFN 24,577,432","AFN 11,900",خریداری چسپ عقیق به کاشی کاری تعمیرللندر5,10-Mar-26,خریداری چسپ عقیق به کاشی کاری تعمیرللندر5,10-Mar-26,1447,,,,,,
,"$894,513 ",$39.06 ,,$64.00 ,"AFN 24,579,932","AFN 2,500",خریداری تیل پطرول به موتر فرونر ,10-Mar-26,خریداری تیل پطرول به موتر فرونر ,10-Mar-26,1448,,,,,,
,"$894,516 ",$3.13 ,,$64.00 ,"AFN 24,580,132",AFN 200,پرداخت برای ادریس بخاطر میوه برای خانه اش توسط سمیر,,,10-Mar-26,1449,,,,,,
,"$894,539 ",$22.68 ,,$63.50 ,"AFN 24,581,572","AFN 1,440","خریداری سیخ ولدینگ و لابرتیب ,لابرتیب و پل 8 ملی به تعمیرللندر5",11-Mar-26,"خریداری سیخ ولدینگ و لابرتیب ,لابرتیب و پل 8 ملی به تعمیرللندر5",11-Mar-26,1450,,,,,,
,"$894,560 ",$21.57 ,,$63.50 ,"AFN 24,582,942","AFN 1,370",خریداری کارتک و بوری به تعمیرللندر5,11-Mar-26,خریداری کارتک و بوری به تعمیرللندر5,11-Mar-26,1451,,,,,,
,"$894,573 ",$12.76 ,,$63.50 ,"AFN 24,583,752",AFN 810,"خریداری پایپ و قلم ,دستکش ,لابرتیب و سیخ به تعمیرللندر5",11-Mar-26,"خریداری پایپ و قلم ,دستکش ,لابرتیب و سیخ به تعمیرللندر5",11-Mar-26,1452,,,,,,
,"$894,574 ",$1.26 ,,$63.50 ,"AFN 24,583,832",AFN 80,خریداری سیمک به تعمیرللندر5,11-Mar-26,خریداری سیمک به تعمیرللندر5,11-Mar-26,1453,,,,,,
,"$894,576 ",$2.05 ,,$63.50 ,"AFN 24,583,962",AFN 130,"خریدرای شیشه ولدینگ کاری ,دستکش به تعمیرللندر5",11-Mar-26,"خریدرای شیشه ولدینگ کاری ,دستکش به تعمیرللندر5",11-Mar-26,1454,,,,,,
,"$894,583 ",$7.09 ,,$63.50 ,"AFN 24,584,412",AFN 450,خریداری دستکش و پلک برق به تعمیرللندر5,11-Mar-26,خریداری دستکش و پلک برق به تعمیرللندر5,11-Mar-26,1455,,,,,,
,"$894,594 ",$10.24 ,,$63.50 ,"AFN 24,585,062",AFN 650,خریداری لپاتکه و پل برق به تعمیرللندر5,11-Mar-26,خریداری لپاتکه و پل برق به تعمیرللندر5,11-Mar-26,1456,,,,,,
,"$894,617 ",$23.62 ,,$63.50 ,"AFN 24,586,562","AFN 1,500",پرداخت اجرت سه روزه علی مدت بابت شفته ریزی بالکن های منزل هفتم تعمیرللندر 5,11-Mar-26,پرداخت اجرت سه روزه علی مدت بابت شفته ریزی بالکن های منزل هفتم تعمیرللندر 5,11-Mar-26,1457,,,,,,
,"$894,790 ",$173.23 ,,$63.50 ,"AFN 24,597,562","AFN 11,000",پیش پرداخت برای نجیب الله ولد عبدالشکور بابت ماه حوت 1404,11-Mar-26,پیش پرداخت برای نجیب الله ولد عبدالشکور بابت ماه حوت 1404,11-Mar-26,1458,,,,,,
,"$894,838 ",$47.24 ,,$63.50 ,"AFN 24,600,562","AFN 3,000",خریداری مبلایل به جنراتور تعمیرللندر5,11-Mar-26,خریداری مبلایل به جنراتور تعمیرللندر5,11-Mar-26,1459,,,,,,
,"$894,853 ",$15.75 ,,$63.50 ,"AFN 24,601,562","AFN 1,000",پرداخت برای ترمیم موتور بالابر تعمیرللندر5,11-Mar-26,پرداخت برای ترمیم موتور بالابر تعمیرللندر5,11-Mar-26,1460,,,,,,
,"$895,354 ",$500.79 ,,$63.50 ,"AFN 24,633,362","AFN 31,800",پرداخت برای جمعه خان بابت کاشی کاری های تعمیرللندر5,11-Mar-26,پرداخت برای جمعه خان بابت کاشی کاری های تعمیرللندر5,11-Mar-26,1461,,,,,,
,"$895,382 ",$28.30 ,,$63.60 ,"AFN 24,635,162","AFN 1,800",پرداخت برای بارگیری و کرای انتقال پایپ های خوازه از شرکت هرات نت و بولت به تعمیرللندر 5,12-Mar-26,پرداخت برای بارگیری و کرای انتقال پایپ های خوازه از شرکت هرات نت و بولت به تعمیرللندر 5,12-Mar-26,1462,,,,,,
,"$895,524 ",$141.51 ,,$63.60 ,"AFN 24,644,162","AFN 9,000",پیش پرداخت برای ادریس ولد دولت بابت ماه حوت 1404,12-Mar-26,پیش پرداخت برای ادریس ولد دولت بابت ماه حوت 1404,12-Mar-26,1463,,,,,,
,"$895,878 ",$354.40 ,,$63.60 ,"AFN 24,666,702","AFN 22,540",پرداخت برای فروشگاه مواد تعمیراتی سید حسن موسوی از مجموع بل نمبر 652 بابت خریداری لوله های جوشی به تعمیرللندر 5,12-Mar-26,پرداخت برای فروشگاه مواد تعمیراتی سید حسن موسوی از مجموع بل نمبر 652 بابت خریداری لوله های جوشی به تعمیرللندر 5,12-Mar-26,1464,,,,,,
,"$896,665 ",$786.16 ,,$63.60 ,"AFN 24,716,702","AFN 50,000",پرداخت برای شرکت برادران صمدی بابت خریداری گرانیت 100/100 سفید به تعمیرللندر 5,12-Mar-26,پرداخت برای شرکت برادران صمدی بابت خریداری گرانیت 100/100 سفید به تعمیرللندر 5,12-Mar-26,1465,,,,,,
,"$897,430 ",$765.35 ,,$63.60 ,"AFN 24,765,378","AFN 48,676",پرداخت برای شرکت آخندزاده بابت خریداری گرانیت 60/120 به تعمیرللندر5,12-Mar-26,پرداخت برای شرکت آخندزاده بابت خریداری گرانیت 60/120 به تعمیرللندر5,12-Mar-26,1466,,,,,,
,"$897,832 ",$402.52 ,,$63.60 ,"AFN 24,790,978","AFN 25,600","پرداخت برای کاکا بادام گل توسط روزالدین بابت انتقال مواد و خریداری ریگ خاکه ,ریگ شسته و خشت اول به تعمیرللندر 5",12-Mar-26,"پرداخت برای کاکا بادام گل توسط روزالدین بابت انتقال مواد و خریداری ریگ خاکه ,ریگ شسته و خشت اول به تعمیرللندر 5",12-Mar-26,1467,,,,,,
,"$897,834 ",$1.97 ,,$63.60 ,"AFN 24,791,103",AFN 125,خریداری مواد کاشی کاری تعمیرللندر5,12-Mar-26,خریداری مواد کاشی کاری تعمیرللندر5,12-Mar-26,1468,,,,,,
,"$897,889 ",$54.87 ,,$63.60 ,"AFN 24,794,593","AFN 3,490",خریداری مواد کاشی کاری تعمیرللندر5,12-Mar-26,خریداری مواد کاشی کاری تعمیرللندر5,12-Mar-26,1469,,,,,,
,"$897,894 ",$4.72 ,,$63.60 ,"AFN 24,794,893",AFN 300,خریداری مواد کاشی و تراز 1 ملی به تعمیرللندر 5,12-Mar-26,خریداری مواد کاشی و تراز 1 ملی به تعمیرللندر 5,12-Mar-26,1470,,,,,,
,"$897,895 ",$0.79 ,,$63.60 ,"AFN 24,794,943",AFN 50,خریدرای قلم توش به تعمیرللندر5,12-Mar-26,خریدرای قلم توش به تعمیرللندر5,12-Mar-26,1471,,,,,,
,"$898,016 ",$121.26 ,,$63.50 ,"AFN 24,802,643","AFN 7,700",پرداخت اجرت روز مزد نثار احمد کاشی کار تعمیرللندر 5 از درک کار های باقیمانده رسول نظری,14-Mar-26,پرداخت اجرت روز مزد نثار احمد کاشی کار تعمیرللندر 5 از درک کار های باقیمانده رسول نظری,14-Mar-26,1472,,,,,,
,"$898,021 ",$4.72 ,,$63.50 ,"AFN 24,802,943",AFN 300,خریداری چای خشک و مایع ظرفشویی به تعمیرللندر5,14-Mar-26,خریداری چای خشک و مایع ظرفشویی به تعمیرللندر5,14-Mar-26,1473,,,,,,
,"$898,054 ",$33.07 ,,$63.50 ,"AFN 24,805,043","AFN 2,100",پرداخت اجرت بارگیری و کرای موتر بابت انتقال سیخ گول 8 ملی و 10 ملی به تعمیرللندر5 از شرکت هرات نت و بولت ,14-Mar-26,پرداخت اجرت بارگیری و کرای موتر بابت انتقال سیخ گول 8 ملی و 10 ملی به تعمیرللندر5 از شرکت هرات نت و بولت ,14-Mar-26,1474,,,,,,
,"$898,057 ",$3.15 ,,$63.50 ,"AFN 24,805,243",AFN 200,پرداخت کرای موتر انتقال ایزوگام به تعمیرللندر5,14-Mar-26,پرداخت کرای موتر انتقال ایزوگام به تعمیرللندر5,14-Mar-26,1475,,,,,,
,"$898,062 ",$4.72 ,,$63.50 ,"AFN 24,805,543",AFN 300,پرداخت کرای موتر انتقال الماری های تشنابهای تعمیرللندر5,14-Mar-26,پرداخت کرای موتر انتقال الماری های تشنابهای تعمیرللندر5,14-Mar-26,1476,,,,,,
,"$898,111 ",$49.61 ,,$63.50 ,"AFN 24,808,693","AFN 3,150",پرداخت اجرت 9 روزه نجمان کاریگر بابت خشت کاری اوختیف در منزل آخر تعمیرللندر5,14-Mar-26,پرداخت اجرت 9 روزه نجمان کاریگر بابت خشت کاری اوختیف در منزل آخر تعمیرللندر5,14-Mar-26,1477,,,,,,
,"$898,212 ",$100.79 ,,$63.50 ,"AFN 24,815,093","AFN 6,400",پرداخت اجرت 8 روزه هارون گلکار بابت خشت کاری اوختیف ,14-Mar-26,پرداخت اجرت 8 روزه هارون گلکار بابت خشت کاری اوختیف ,14-Mar-26,1478,,,,,,
,"$898,256 ",$44.09 ,,$63.50 ,"AFN 24,817,893","AFN 2,800",پرداخت اجرت 8 روزه نوید کاریگر بابت خشت اوختیف تعمیرللندر5,14-Mar-26,پرداخت اجرت 8 روزه نوید کاریگر بابت خشت اوختیف تعمیرللندر5,14-Mar-26,1479,,,,,,
,"$898,281 ",$25.20 ,,$63.50 ,"AFN 24,819,493","AFN 1,600",پرداخت اجرت دو روزه حسیب الله کاریگر بابت خشت کاری منزل آخر تعمیرللندر5,14-Mar-26,پرداخت اجرت دو روزه حسیب الله کاریگر بابت خشت کاری منزل آخر تعمیرللندر5,14-Mar-26,1480,,,,,,
,"$898,281 ",$0.00 ,,$63.50 ,"AFN 24,819,493",AFN 0,پرداخت برای خریدرای تخته 18 ملی روسی 13 پوست به تعمیرللندر5 و استفاده آن به تعمیرللندر6,14-Mar-26,پرداخت برای خریدرای تخته 18 ملی روسی 13 پوست به تعمیرللندر5 و استفاده آن به تعمیرللندر6,14-Mar-26,1481,,,,,,
,"$898,281 ",$0.00 ,,$63.50 ,"AFN 24,819,493",AFN 0,پرداخت برای شرکت هرات نت بولت توسط چک نمبر 2371 بابت خریداری پایپ خوازه به تعمیرللندر5,14-Mar-26,پرداخت برای شرکت هرات نت بولت توسط چک نمبر 2371 بابت خریداری پایپ خوازه به تعمیرللندر5,14-Mar-26,1482,,,,,,
,"$898,336 ",$54.95 ,,$63.70 ,"AFN 24,822,993","AFN 3,500",خریداری تیل پطرول به موتر فرونر ,15-Mar-26,خریداری تیل پطرول به موتر فرونر ,15-Mar-26,1483,,,,,,
,"$898,374 ",$37.68 ,,$63.70 ,"AFN 24,825,393","AFN 2,400",پرداخت برای مبلایل تبدیلی موتر فرونر ,15-Mar-26,پرداخت برای مبلایل تبدیلی موتر فرونر ,15-Mar-26,1484,,,,,,
,"$898,464 ",$89.80 ,,$63.70 ,"AFN 24,831,113","AFN 5,720","خریداری میوه خشک از قبیل بادام ,کشمش,سمیان , نخود,بسته ,کاجو چهار مغز به کارمندان ناحیه سوم بابت تعمیرللندر5",16-Mar-26,"خریداری میوه خشک از قبیل بادام ,کشمش,سمیان , نخود,بسته ,کاجو چهار مغز به کارمندان ناحیه سوم بابت تعمیرللندر5",16-Mar-26,1485,,,,,,
,"$898,495 ",$31.40 ,,$63.70 ,"AFN 24,833,113","AFN 2,000",برداشت حاجی رفیع الله از دفتربدست مطیع الله ,16-Mar-26,برداشت حاجی رفیع الله از دفتربدست مطیع الله ,16-Mar-26,1486,,,,,,
,"$898,511 ",$15.70 ,,$63.70 ,"AFN 24,834,113","AFN 1,000",خریداری تیل پطرول به موتر لکسس,16-Mar-26,خریداری تیل پطرول به موتر لکسس,16-Mar-26,1487,,,,,,
,"$898,634 ",$123.42 ,,$63.70 ,"AFN 24,841,975","AFN 7,862",پرداخت معاش شریف الله ولد محمد ظاهر بابت ماه حوت 1404,16-Mar-26,پرداخت معاش شریف الله ولد محمد ظاهر بابت ماه حوت 1404,16-Mar-26,1488,,,,,,
,"$898,790 ",$155.90 ,,$63.70 ,"AFN 24,851,906","AFN 9,931",پرداخت معاش علی احمد ولد محمد باقر بابت ماه حوت 1404,16-Mar-26,پرداخت معاش علی احمد ولد محمد باقر بابت ماه حوت 1404,16-Mar-26,1489,,,,,,
,"$899,018 ",$227.36 ,,$63.70 ,"AFN 24,866,389","AFN 14,483",پرداخت معاش محمد سفر ولد محمد باقر بابت ماه حوت 1404,16-Mar-26,پرداخت معاش محمد سفر ولد محمد باقر بابت ماه حوت 1404,16-Mar-26,1490,,,,,,
,"$899,175 ",$156.99 ,,$63.70 ,"AFN 24,876,389","AFN 10,000",پرداخت معاش محمد سرور ولد طالب بابت ماه حوت 1404,16-Mar-26,پرداخت معاش محمد سرور ولد طالب بابت ماه حوت 1404,16-Mar-26,1491,,,,,,
,"$899,332 ",$156.99 ,,$63.70 ,"AFN 24,886,389","AFN 10,000",پرداخت محمد شریف نلدوان بابت سیستم مکمل نلدوانی تعمیرللندر5,16-Mar-26,پرداخت محمد شریف نلدوان بابت سیستم مکمل نلدوانی تعمیرللندر5,16-Mar-26,1492,,,,,,
,"$899,380 ",$48.32 ,,$63.70 ,"AFN 24,889,467","AFN 3,078",پرداخت باری خبازی عبدالمطلب بابت خریداری نان خشک به دفتر,16-Mar-26,پرداخت باری خبازی عبدالمطلب بابت خریداری نان خشک به دفتر,16-Mar-26,1493,,,,,,
,"$899,503 ",$123.42 ,,$63.70 ,"AFN 24,897,329","AFN 7,862",پرداخت معاش هارون ولد فضل الرحمن بابت ماه حوت 1404,16-Mar-26,پرداخت معاش هارون ولد فضل الرحمن بابت ماه حوت 1404,16-Mar-26,1494,,,,,,
,"$899,640 ",$136.42 ,,$63.70 ,"AFN 24,906,019","AFN 8,690",پرداخت معاش زین الله ولد محمد ظاهر بابت ماه حوت 1404,46097,پرداخت معاش زین الله ولد محمد ظاهر بابت ماه حوت 1404,16-Mar-26,1495,,,,,,
,"$899,656 ",$16.23 ,,$63.70 ,"AFN 24,907,053","AFN 1,034",پرداخت معاش عنایت الله ولد امین الله بابت ماه حوت 1404,16-Mar-26,پرداخت معاش عنایت الله ولد امین الله بابت ماه حوت 1404,16-Mar-26,1496,,,,,,
,"$899,783 ",$126.59 ,,$63.70 ,"AFN 24,915,117","AFN 8,064",پرداخت برای کاشی فروشی سورنا بابت تعمیرللندر5,16-Mar-26,پرداخت برای کاشی فروشی سورنا بابت تعمیرللندر5,16-Mar-26,1497,,,,,,
,"$899,811 ",$28.26 ,,$63.70 ,"AFN 24,916,917","AFN 1,800",خریداری سویچ و برمه برای تعمیرللندر5,17-Mar-26,خریداری سویچ و برمه برای تعمیرللندر5,17-Mar-26,1498,,,,,,
,"$899,855 ",$43.96 ,,$63.70 ,"AFN 24,919,717","AFN 2,800",پرداخت برای ترمیم و تبدیل کویل برمه تعمیرللندر5,17-Mar-26,پرداخت برای ترمیم و تبدیل کویل برمه تعمیرللندر5,17-Mar-26,1499,,,,,,
,"$899,933 ",$78.49 ,,$63.70 ,"AFN 24,924,717","AFN 5,000",خریداری مواد کاشی کاری از قبیل اسکوب ایرانی به تعمیرللندر5,17-Mar-26,خریداری مواد کاشی کاری از قبیل اسکوب ایرانی به تعمیرللندر5,17-Mar-26,1500,,,,,,
,"$899,987 ",$53.53 ,,$63.70 ,"AFN 24,928,127","AFN 3,410",خریداری پل کاشی و لابرتیپ به تعمیرللندر5,17-Mar-26,خریداری پل کاشی و لابرتیپ به تعمیرللندر5,17-Mar-26,1501,,,,,,
,"$900,012 ",$25.12 ,,$63.70 ,"AFN 24,929,727","AFN 1,600",خریداری کفشوی به تعمیرللندر5,17-Mar-26,خریداری کفشوی به تعمیرللندر5,17-Mar-26,1502,,,,,,
,"$900,326 ",$313.97 ,,$63.70 ,"AFN 24,949,727","AFN 20,000",پرداخت برای عبدالله بابت خشت کاری و پلستر کاری تعمیرللندر5,17-Mar-26,پرداخت برای عبدالله بابت خشت کاری و پلستر کاری تعمیرللندر5,17-Mar-26,1503,,,,,,
,"$900,494 ",$168.35 ,,$63.70 ,"AFN 24,960,451","AFN 10,724",پرداخت معاش باقیمانده نجیب الله ولد عبدالشکور باشی کاریگران تعمیرللندر 5 بابت ماه حوت 1404,17-Mar-26,پرداخت معاش باقیمانده نجیب الله ولد عبدالشکور باشی کاریگران تعمیرللندر 5 بابت ماه حوت 1404,17-Mar-26,1504,,,,,,
,"$900,714 ",$219.78 ,,$63.70 ,"AFN 24,974,451","AFN 14,000",پرداخت معاش مطیع الله ولد محمد یونس بابت ماه حوت 1404,17-Mar-26,پرداخت معاش مطیع الله ولد محمد یونس بابت ماه حوت 1404,17-Mar-26,1505,,,,,,
,"$900,727 ",$13.34 ,,$63.70 ,"AFN 24,975,301",AFN 850,پرداخت برای نجیب الله ولد عبدالشکور بابت تفاوت 100 یورو که از حاجی رفیع الله پرداخت شده,17-Mar-26,پرداخت برای نجیب الله ولد عبدالشکور بابت تفاوت 100 یورو که از حاجی رفیع الله پرداخت شده,17-Mar-26,1506,,,,,,
,"$900,876 ",$148.35 ,,$63.70 ,"AFN 24,984,751","AFN 9,450",پرداخت اجرت 27 روزه جمعه خان کاشی کار بابت کار های باقیمانده رسول نظری درتعمیرللندر5,17-Mar-26,پرداخت اجرت 27 روزه جمعه خان کاشی کار بابت کار های باقیمانده رسول نظری درتعمیرللندر5,17-Mar-26,1507,,,,,,
,"$901,527 ",$651.49 ,,$63.70 ,"AFN 25,026,251","AFN 41,500","پرداخت برای کاکابادام گل خریداری خشت اوختیف , ریگ شسته و ریگ خاکه برای تعمیرللندر 5",17-Mar-26,"پرداخت برای کاکابادام گل خریداری خشت اوختیف , ریگ شسته و ریگ خاکه برای تعمیرللندر 5",17-Mar-26,1508,,,,,,
,"$901,701 ",$173.31 ,,$63.70 ,"AFN 25,037,291","AFN 11,040",خریداری مواد چپس کاری به تعمیرللندر5,17-Mar-26,خریداری مواد چپس کاری به تعمیرللندر5,17-Mar-26,1509,,,,,,
,"$901,856 ",$155.76 ,,$64.20 ,"AFN 25,047,291","AFN 10,000",پرداخت برای نور حسن بابت چپس کاری منزل آخر تعمیرللندر 5,18-Mar-26,پرداخت برای نور حسن بابت چسپ کاری منزل آخر تعمیرللندر 5,18-Mar-26,1510,,,,,,
,"$901,872 ",$15.58 ,,$64.20 ,"AFN 25,048,291","AFN 1,000",پرداخت معاش باقیمانده ادریس ولد دولت بابت ماه حوت 1404,18-Mar-26,پرداخت معاش باقیمانده ادریس ولد دولت بابت ماه حوت 1404,18-Mar-26,1511,,,,,,
,"$901,989 ",$116.82 ,,$64.20 ,"AFN 25,055,791","AFN 7,500",خریداری تیل پطرول به موتر لکسس توسط ثناالله بتاریخ های مختلف ,18-Mar-26,خریداری تیل پطرول به موتر لکسس توسط ثناالله بتاریخ های مختلف ,18-Mar-26,1512,,,,,,
,"$902,000 ",$10.90 ,,$64.20 ,"AFN 25,056,491",AFN 700,پرداخت کرای انتقال کاشی و اجرت بارگیری به تعمیرللندر 5,18-Mar-26,پرداخت کرای انتقال کاشی و اجرت بارگیری به تعمیرللندر 5,18-Mar-26,1513,,,,,,
,"$902,056 ",$56.07 ,,$64.20 ,"AFN 25,060,091","AFN 3,600",خریداری پودر برای چپس کاری تعمیرللندر 5,18-Mar-26,خریداری پودر برای چپس کاری تعمیرللندر 5,18-Mar-26,1514,,,,,,
,"$902,359 ",$303.64 ,,$64.20 ,"AFN 25,079,585","AFN 19,494",پرداخت برای شرکت نجیب الله بگرام وال بابت خریداری سنگ 60 و سنگ پیزاره به تعمیرللندر 5,18-Mar-26,پرداخت برای شرکت نجیب الله بگرام وال بابت خریداری سنگ 60 و سنگ پیزاره به تعمیرللندر 5,18-Mar-26,1515,,,,,,
,"$902,593 ",$233.64 ,,$64.20 ,"AFN 25,094,585","AFN 15,000",پرداخت برای جمعه خان بابت کاشی کاری تعمیرللندر 5,18-Mar-26,پرداخت برای جمعه خان بابت کاشی کاری تعمیرللندر 5,18-Mar-26,1516,,,,,,
,"$902,630 ",$37.38 ,,$64.20 ,"AFN 25,096,985","AFN 2,400",پرداخت اجرت 3 روزه هارون گلکار بابت خشت اوختیف کاری تعمیر للندر5,18-Mar-26,پرداخت اجرت 3 روزه هارون گلکار بابت خشت اوختیف کاری تعمیر للندر5,18-Mar-26,1517,,,,,,
,"$902,647 ",$16.36 ,,$64.20 ,"AFN 25,098,035","AFN 1,050",پرداخت اجرت 3 روزه نوید کاریگر بابت خشت اوختیف کاری تعمیر للندر5,18-Mar-26,پرداخت اجرت 3 روزه نوید کاریگر بابت خشت اوختیف کاری تعمیر للندر5,18-Mar-26,1518,,,,,,
,"$902,658 ",$10.90 ,,$64.20 ,"AFN 25,098,735",AFN 700,پرداخت اجرت 2 روزه نجمان کاریگر بابت خشت اوختیف کاری تعمیر للندر5,18-Mar-26,پرداخت اجرت 2 روزه نجمان کاریگر بابت خشت اوختیف کاری تعمیر للندر5,18-Mar-26,1519,,,,,,
,"$902,663 ",$5.45 ,,$64.20 ,"AFN 25,099,085",AFN 350,پرداخت اجرت 1 روزه عمران کاریگر بابت خشت اوختیف کاری تعمیر للندر5,18-Mar-26,پرداخت اجرت 1 روزه عمران کاریگر بابت خشت اوختیف کاری تعمیر للندر5,18-Mar-26,1520,,,,,,
,"$902,694 ",$31.15 ,,$64.20 ,"AFN 25,101,085","AFN 2,000",برداشت سمیر بخاطر تیل پطرول به موتر لکسس ,24-Mar-26,برداشت سمیر بخاطر تیل پطرول به موتر لکسس ,24-Mar-26,1521,,,,,,
,"$902,762 ",$67.76 ,,$64.20 ,"AFN 25,105,435","AFN 4,350",خریداری تیل پطرول به موتر لکسس,24-Mar-26,خریداری تیل پطرول به موتر لکسس,24-Mar-26,1522,,,,,,
,"$905,816 ","$3,054.21 ",,$64.20 ,"AFN 25,301,515","AFN 196,080",پرداخت برای 1% جای دولتی جاجی خلیل الله ولد احمدشاه ,24-Mar-26,پرداخت برای 1% جای دولتی جاجی خلیل الله ولد احمدشاه ,24-Mar-26,1523,,,,,,
,"$905,838 ",$22.04 ,,$64.20 ,"AFN 25,302,930","AFN 1,415",خریداری تراز کرستال لابرتیب به تعمیر للندر 5,24-Mar-26,خریداری تراز کرستال لابرتیب به تعمیر للندر 5,24-Mar-26,1524,,,,,,
,"$906,667 ",$828.66 ,,$64.20 ,"AFN 25,356,130","AFN 53,200",پرداخت تعرفه حاجی خلیل الله ولد احمدشاه بابت تعمیرللندر 5,24-Mar-26,پرداخت تعرفه حاجی خلیل الله ولد احمدشاه بابت تعمیرللندر 5,24-Mar-26,1525,,,,,,
,"$906,749 ",$82.55 ,,$64.20 ,"AFN 25,361,430","AFN 5,300",خریداری مبلایل برای موتر لکسس ,,,24-Mar-26,1526,,,,,,
,"$906,936 ",$186.92 ,,$64.20 ,"AFN 25,373,430","AFN 12,000",پرداخت برای صبور بابت سیم تابی سه تن سیخ به تعمیرللندر 5 فی کیلو به نرخ 4 افغانی,25-Mar-26,پرداخت برای صبور بابت سیم تابی سه تن سیخ به تعمیرللندر 5 فی کیلو به نرخ 4 افغانی,25-Mar-26,1527,,,,,,
,"$907,004 ",$67.76 ,,$64.20 ,"AFN 25,377,780","AFN 4,350",پرداخت اجرت برای احمد شاه بابت قالبکاری منزل آخر تعمیرللندر 5 ,25-Mar-26,پرداخت اجرت برای احمد شاه بابت قالبکاری منزل آخر تعمیرللندر 5 ,25-Mar-26,1528,,,,,,
,"$907,006 ",$1.56 ,,$64.20 ,"AFN 25,377,880",AFN 100,خریداری مایع ظرفشویی به تعمیرللندر 5,25-Mar-26,خریداری مایع ظرفشویی به تعمیرللندر 5,25-Mar-26,1529,,,,,,
,"$907,012 ",$6.54 ,,$64.20 ,"AFN 25,378,300",AFN 420,خریداری گاز مایع به تعمیرللندر5,25-Mar-26,خریداری گاز مایع به تعمیرللندر5,25-Mar-26,1530,,,,,,
,"$907,062 ",$50.00 ,,$64.00 ,"AFN 25,381,500","AFN 3,200",پرداخت اجرت روزمزد هارون گلکار بابت 4 روز کار خشت اوختیف منزل آخر تعمیرللندر 5,26-Mar-26,پرداخت اجرت روزمزد هارون گلکار بابت 4 روز کار خشت اوختیف منزل آخر تعمیرللندر 5,26-Mar-26,1531,,,,,,
,"$907,079 ",$16.41 ,,$64.00 ,"AFN 25,382,550","AFN 1,050",پرداخت اجرت روزمزد نوید کاریگر بابت 3 روزه کار خشت اوختیف در منزل آخر تعمیرللندر 5,26-Mar-26,پرداخت اجرت روزمزد نوید کاریگر بابت 3 روزه کار خشت اوختیف در منزل آخر تعمیرللندر 5,26-Mar-26,1532,,,,,,
,"$907,095 ",$16.41 ,,$64.00 ,"AFN 25,383,600","AFN 1,050",پرداخت اجرت روزمزد نجمان کاریگر بابت 3 روزه کار خشت اوختیف در منزل آخر تعمیرللندر 5,26-Mar-26,پرداخت اجرت روزمزد نجمان کاریگر بابت 3 روزه کار خشت اوختیف در منزل آخر تعمیرللندر 5,26-Mar-26,1533,,,,,,
,"$907,107 ",$12.50 ,,$64.00 ,"AFN 25,384,400",AFN 800,پرداخت اجرت یک روزه شفته ریزی منزل آخر تعمیرللندر 4,26-Mar-26,پرداخت اجرت یک روزه شفته ریزی منزل آخر تعمیرللندر 4,26-Mar-26,1534,,,,,,
,"$907,120 ",$12.50 ,,$64.00 ,"AFN 25,385,200",AFN 800,پرداخت اجرت یک روزه احمدشاه بابت قالبکاری منزل آخر تعمیرللندر 5,26-Mar-26,پرداخت اجرت یک روزه احمدشاه بابت قالبکاری منزل آخر تعمیرللندر 5,26-Mar-26,1535,,,,,,
,"$907,167 ",$46.88 ,,$64.00 ,"AFN 25,388,200","AFN 3,000",خریداری تیل پطرول به موتر فرونر ,26-Mar-26,خریداری تیل پطرول به موتر فرونر ,26-Mar-26,1536,,,,,,
,"$907,182 ",$15.00 ,,$64.00 ,"AFN 25,389,160",AFN 960,خریداری یک بسته رنگ امبر سیاه به تعمیرللندر 5,26-Mar-26,خریداری یک بسته رنگ امبر سیاه به تعمیرللندر 5,26-Mar-26,1537,,,,,,
,"$907,807 ",$625.00 ,,$64.00 ,"AFN 25,429,160","AFN 40,000",پیش پرداخت برای زین الله ولد محمد ظاهر به هدایت ثناالله للندر بخاطر عروسی زین الله ,26-Mar-26,پیش پرداخت برای زین الله ولد محمد ظاهر به هدایت ثناالله للندر بخاطر عروسی زین الله ,26-Mar-26,1538,,,,,,
,"$907,885 ",$78.13 ,,$64.00 ,"AFN 25,434,160","AFN 5,000",پرداخت برای جمعه خان بابت کاشی کاری تعمیرللندر5,26-Mar-26,پرداخت برای جمعه خان بابت کاشی کاری تعمیرللندر5,26-Mar-26,1539,,,,,,
,"$908,604 ",$718.75 ,,$64.00 ,"AFN 25,480,160","AFN 46,000",پرداخت اجرت کانکریت ریزی منزل دوبلکس تعمیرللندر 5 و اجرت انتقال ریگ از منزل اول به منزل نهم ,26-Mar-26,پرداخت اجرت کانکریت ریزی منزل دوبلکس تعمیرللندر 5 و اجرت انتقال ریگ از منزل اول به منزل نهم ,26-Mar-26,1540,,,,,,
,"$908,647 ",$43.75 ,,$64.00 ,"AFN 25,482,960","AFN 2,800",خریداری 36 پاکت امبر سیاه به تعمیرللندر 5,26-Mar-26,خریداری 36 پاکت امبر سیاه به تعمیرللندر 5,26-Mar-26,1541,,,,,,
,"$908,790 ",$142.19 ,,$64.00 ,"AFN 25,492,060","AFN 9,100",خریداری تیل دیزل به جنراتور تعمیرللندر5,28-Mar-26,خریداری تیل دیزل به جنراتور تعمیرللندر5,28-Mar-26,1542,,,,,,
,"$908,918 ",$127.88 ,,$64.00 ,"AFN 25,500,244","AFN 8,184",خریداری تیل دیزل به جنراتور تعمیرللندر5,28-Mar-26,خریداری تیل دیزل به جنراتور تعمیرللندر5,28-Mar-26,1543,,,,,,
,"$908,939 ",$21.88 ,,$64.00 ,"AFN 25,501,644","AFN 1,400",پرداخت برای ترمیم برمه تعمیرللندر5,28-Mar-26,پرداخت برای ترمیم برمه تعمیرللندر5,28-Mar-26,1544,,,,,,
,"$908,957 ",$17.97 ,,$64.00 ,"AFN 25,502,794","AFN 1,150","خریداری تار رجه متر,دبل , عینک به تعمیرللندر5",28-Mar-26,"خریداری تار رجه متر,دبل , عینک به تعمیرللندر5",28-Mar-26,1545,,,,,,
,"$909,023 ",$65.63 ,,$64.00 ,"AFN 25,506,994","AFN 4,200",خریدرای تیل پطرول به موتر لکسس,28-Mar-26,خریدرای تیل پطرول به موتر لکسس,28-Mar-26,1546,,,,,,
,"$909,024 ",$1.09 ,,$64.00 ,"AFN 25,507,064",AFN 70,خریداری پل چرخ به تعمیرللندر5,28-Mar-26,خریداری پل چرخ به تعمیرللندر5,28-Mar-26,1547,,,,,,
,"$909,040 ",$15.50 ,,$64.50 ,"AFN 25,508,064","AFN 1,000",پیش پرداخت برای ادریس ولد دولت بابت چوکیدار تعمیرللندر 5 بابت ماه حمل 1405,29-Mar-26,پیش پرداخت برای ادریس ولد دولت بابت چوکیدار تعمیرللندر 5 بابت ماه حمل 1405,29-Mar-26,1548,,,,,,
,"$909,050 ",$10.08 ,,$64.50 ,"AFN 25,508,714",AFN 650,خریداری چسپ کاغذی به تعمیرللندر5,29-Mar-26,خریداری چسپ کاغذی به تعمیرللندر5,29-Mar-26,1549,,,,,,
,"$910,585 ","$1,534.88 ",,$64.50 ,"AFN 25,607,714","AFN 99,000",پرداخت برای خریداری بست خوازه و چوری جک به تعمیرللندر 5 و استفاده آن به پروژه های للندر 4 و للندر6,29-Mar-26,پرداخت برای خریداری بست خوازه و چوری جک به تعمیرللندر 5 و استفاده آن به پروژه های للندر 4 و للندر6,29-Mar-26,1550,,,,,,
,"$916,869 ","$6,284.00 "," $6,284.00 ",$64.50 ,"AFN 25,607,714",AFN 0,پرداخت برای خریداری تخته از شرکت تعمیراتی عبدالله ترکمنی به تعمیرللندر 5 و استفاده آن به تعمیرللندر6,29-Mar-26,پرداخت برای خریداری تخته از شرکت تعمیراتی عبدالله ترکمنی به تعمیرللندر 5 و استفاده آن به تعمیرللندر6,29-Mar-26,1551,,,,,,
,"$928,079 ","$11,210.00 "," $11,210.00 ",$64.50 ,"AFN 25,607,714",AFN 0,"پرداخت برای خریداری چوب چهار تراش همراه با پول بارگیری ,اره کشی به تعمیرللندر 5 و استفاده آن به تعمیرللندر6",,,29-Mar-26,1552,,,,,,
,"$928,607 ",$528.46 ,,$65.00 ,"AFN 25,642,064","AFN 34,350","خریداری نیچه سیاه ,چوچه وال دوبل ,شیردهن ,چوری وال سفید ,نیچه و نوار طفلون به تعمیرللندر5",30-Mar-26,"خریداری نیچه سیاه ,چوچه وال دوبل ,شیردهن ,چوری وال سفید ,نیچه و نوار طفلون به تعمیرللندر5",30-Mar-26,1553,,,,,,
,"$928,653 ",$46.15 ,,$65.00 ,"AFN 25,645,064","AFN 3,000",خریداری اتصال به تعمیرللندر 5 ,30-Mar-26,خریداری اتصال به تعمیرللندر 5 ,30-Mar-26,1554,,,,,,
,"$930,181 ","$1,527.51 ",,$65.00 ,"AFN 25,744,352","AFN 99,288",پرداخت برای شرکت اخندزاده بابت خریداری گرانیت به تعمیرللندر5,30-Mar-26,پرداخت برای شرکت اخندزاده بابت خریداری گرانیت به تعمیرللندر5,30-Mar-26,1555,,,,,,
,"$930,227 ",$46.15 ,,$65.00 ,"AFN 25,747,352","AFN 3,000",خریداری تیل پطرول به موتر فرونر ,30-Mar-26,خریداری تیل پطرول به موتر فرونر ,30-Mar-26,1556,,,,,,
,"$930,381 ",$153.85 ,,$65.00 ,"AFN 25,757,352","AFN 10,000",پیش پرداخت برای نجیب الله ولد عبدالشکور بابت ماه حمل 1405,30-Mar-26,پیش پرداخت برای نجیب الله ولد عبدالشکور بابت ماه حمل 1405,30-Mar-26,1557,,,,,,
,"$930,551 ",$169.85 ,,$65.00 ,"AFN 25,768,392","AFN 11,040",خریداری پودر سنگ و پرداخت کرای موتر به تعمیرللندر5,,,31-Mar-26,1558,,,,,,
,"$930,566 ",$15.38 ,,$65.00 ,"AFN 25,769,392","AFN 1,000",پیش پرداخت برای زین الله ولد محمد ظاهر بابت ماه حمل 1405,,,31-Mar-26,1559,,,,,,
,"$931,461 ",$895.38 ,,$65.00 ,"AFN 25,827,592","AFN 58,200","پرداخت برای کاکا بادام گل بدست روزالدین بابت انتقال ریگ , خرید جغل بادامی ,انتقال خوازه ,خریداری خشت اوختیف و خشت سفالی به تعمیرللندر5",,,31-Mar-26,1560,,,,,,
,"$931,512 ",$50.77 ,,$65.00 ,"AFN 25,830,892","AFN 3,300",خریداری صفحه عقابی و لابرتیب  به تعمیرللندر5,,,31-Mar-26,1561,,,,,,
,"$931,586 ",$73.85 ,,$65.00 ,"AFN 25,835,692","AFN 4,800",خریداری تیل پطرول برای موتری هایکس به تعمیر للندر 5,1-Apr-26,خریداری تیل پطرول برای موتری هایکس به تعمیر للندر 5,1-Apr-26,1562,,,,,,
,"$931,625 ",$39.26 ,,$65.00 ,"AFN 25,838,244","AFN 2,552",خریداری آهن پلیت 8 ملی 25/25 همراه با پول سوراخ کاری به تعمیر للندر 4,1-Apr-26,خریداری آهن پلیت 8 ملی 25/25 همراه با پول سوراخ کاری به تعمیر للندر 4,1-Apr-26,1563,,,,,,
,"$931,685 ",$60.00 ,,$65.00 ,"AFN 25,842,144","AFN 3,900","خریداری دبل 1"" و پل سرکانکریت به تعمیر للندر 5",1-Apr-26,"خریداری دبل 1"" و پل سرکانکریت به تعمیر للندر 5",1-Apr-26,1564,,,,,,
,"$931,702 ",$16.92 ,,$65.00 ,"AFN 25,843,244","AFN 1,100",پرداخت برای ترمیم بالابر تعمیر للندر 5,1-Apr-26,پرداخت برای ترمیم بالابر تعمیر للندر 5,1-Apr-26,1565,,,,,,
,"$931,741 ",$38.46 ,,$65.00 ,"AFN 25,845,744","AFN 2,500",پرداخت برای ترمیم و سیم پیچی داینمو بالابر تعمیر للندر 5,1-Apr-26,پرداخت برای ترمیم و سیم پیچی داینمو بالابر تعمیر للندر 5,1-Apr-26,1566,,,,,,
,"$932,687 ",$946.15 ,,$65.00 ,"AFN 25,907,244","AFN 61,500",پرداخت برای خریداری و نصب کابینت های تشنابهای منزل ششم تعمیر للندر 5 و تصفیه حساب مکمل ,1-Apr-26,پرداخت برای خریداری و نصب کابینت های تشنابهای منزل ششم تعمیر للندر 5 و تصفیه حساب مکمل ,1-Apr-26,1567,,,,,,
,"$932,746 ",$59.26 ,,$64.80 ,"AFN 25,911,084","AFN 3,840"," خریداری سیخ ولدنگ 3 میلی, دستکش, زلفی, نوک برمه و پیچ به تعمیر للندر 5, خریداری کارتک و سیم به تعمیر للندر 5",2-Apr-26," خریداری سیخ ولدنگ 3 میلی, دستکش, زلفی, نوک برمه و پیچ به تعمیر للندر 5, خریداری کارتک و سیم به تعمیر للندر 5",2-Apr-26,1568,,,,,,
,"$932,779 ",$33.09 ,,$64.80 ,"AFN 25,913,228","AFN 2,144","خریداری پل برمه و قلم توش به تعمیر للندر 5, خریداری برس سیمی, گروپ ,پلاس و هولدر به تعمیر للندر 5, خریداری میخ و دبل به تعمیر للندر 5",2-Apr-26,"خریداری پل برمه و قلم توش به تعمیر للندر 5, خریداری برس سیمی, گروپ ,پلاس و هولدر به تعمیر للندر 5, خریداری میخ و دبل به تعمیر للندر 5",2-Apr-26,1569,,,,,,
,"$932,856 ",$77.16 ,,$64.80 ,"AFN 25,918,228","AFN 5,000","پرداخت برای انجنیر شریف نلدوان بابت سیستم مکمل آبرسانی, فاضلاب, آب باران و مرکز گرمی تعمیر للندر 5",2-Apr-26,"پرداخت برای انجنیر شریف نلدوان بابت سیستم مکمل آبرسانی, فاضلاب, آب باران و مرکز گرمی تعمیر للندر 5",2-Apr-26,1570,,,,,,
,"$932,858 ",$1.54 ,,$64.80 ,"AFN 25,918,328",AFN 100,خریداری چای به تعمیر للندر 5,2-Apr-26,خریداری چای به تعمیر للندر 5,2-Apr-26,1571,,,,,,
,"$932,928 ",$70.22 ,,$64.80 ,"AFN 25,922,878","AFN 4,550","خریداری چسپ کاغذی, صافی و چسپ به تعمیر للندر 5",2-Apr-26,"خریداری چسپ کاغذی, صافی و چسپ به تعمیر للندر 5",2-Apr-26,1572,,,,,,
,"$932,943 ",$15.12 ,,$64.80 ,"AFN 25,923,858",AFN 980,"خریداری شرش و کارتک به تعمیر للندر 5 و خریداری پل برمه 18 میلی, دستکش, میخ فولادی به تعمیر للندر 5",2-Apr-26,"خریداری شرش و کارتک به تعمیر للندر 5 و خریداری پل برمه 18 میلی, دستکش, میخ فولادی به تعمیر للندر 5",2-Apr-26,1573,,,,,,
,"$933,560 ",$617.28 ,,$64.80 ,"AFN 25,963,858","AFN 40,000",پرداخت برای جمعه خان کاشی کاری های اطراف زینه های تعمیر للندر 5,2-Apr-26,پرداخت برای جمعه خان کاشی کاری های اطراف زینه های تعمیر للندر 5,2-Apr-26,1574,,,,,,
,"$933,598 ",$37.81 ,,$64.80 ,"AFN 25,966,308","AFN 2,450",پرداخت اجرت روز مزد نوید بابت داغگیری کلکین های تعمیر للندر 5,2-Apr-26,پرداخت اجرت روز مزد نوید بابت داغگیری کلکین های تعمیر للندر 5,2-Apr-26,1575,,,,,,
,"$933,620 ",$21.60 ,,$64.80 ,"AFN 25,967,708","AFN 1,400",پرداخت اجرت روز مزد نجمان بابت داغگیری کلکین های تعمیر للندر 5,2-Apr-26,پرداخت اجرت روز مزد نجمان بابت داغگیری کلکین های تعمیر للندر 5,2-Apr-26,1576,,,,,,
,"$933,631 ",$10.80 ,,$64.80 ,"AFN 25,968,408",AFN 700,پرداخت اجرت روز مزد زین الله کاریگربابت داغگیری کلکین های تعمیر للندر 5,2-Apr-26,پرداخت اجرت روز مزد زین الله کاریگربابت داغگیری کلکین های تعمیر للندر 5,2-Apr-26,1577,,,,,,
,"$933,643 ",$12.35 ,,$64.80 ,"AFN 25,969,208",AFN 800,پرداخت اجرت روز مزد هارون کاریگر بابت داغگیری کلکین های تعمیر للندر 5 ,2-Apr-26,پرداخت اجرت روز مزد هارون کاریگر بابت داغگیری کلکین های تعمیر للندر 5 ,2-Apr-26,1578,,,,,,
,"$933,952 ",$308.64 ,,$64.80 ,"AFN 25,989,208","AFN 20,000",پرداخت برای فروشگاه مواد تعمیراتی موسوی بابت پول باقیمانده بل 652 از درک خریداری  لوله های جوشی به و غیره مواد مرکز گرمی به تعمیر للندر 5,2-Apr-26,پرداخت برای فروشگاه مواد تعمیراتی موسوی بابت پول باقیمانده بل 652 از درک خریداری  لوله های جوشی به و غیره مواد مرکز گرمی به تعمیر للندر 5,2-Apr-26,1579,,,,,,
,"$934,106 ",$154.32 ,,$64.80 ,"AFN 25,999,208","AFN 10,000",پرداخت برای ادریس ولد دولت بابت ماه ثور 1405,2-Apr-26,پیش پرداخت برای ادریس ولد دولت بابت ماه ثور 1405,2-Apr-26,1580,,,,,,
,"$935,840 ","$1,734.26 ",,$64.80 ,"AFN 26,111,588","AFN 112,380","پرداخت برای شرکت هرات الکتریک بابت خریداری کلمپ 18 میلی, نوارخطی, کیبل و سیم جریدار, کمره, کلمپ, نوار خطی, سیم جریدار و فیوز سمان الات برقی ",2-Apr-26,"پرداخت برای شرکت هرات الکتریک بابت خریداری کلمپ 18 میلی, نوارخطی, کیبل و سیم جریدار, کمره, کلمپ, نوار خطی, سیم جریدار و فیوز سمان الات برقی ",2-Apr-26,1581,,,,,,
,"$935,950 ",$109.57 ,,$64.80 ,"AFN 26,118,688","AFN 7,100",پرداخت برای خریدرای جالی راویز به تعمیر للندر 5 ,2-Apr-26,پرداخت برای خریدرای جالی راویز به تعمیر للندر 5 ,2-Apr-26,1582,,,,,,
,"$936,104 ",$154.32 ,,$64.80 ,"AFN 26,128,688","AFN 10,000",پرداخت برای علی یاور بابت روایز کاری تعمیر للندر 5 ,2-Apr-26,پرداخت برای علی یاور بابت روایز کاری تعمیر للندر 5 ,2-Apr-26,1583,,,,,,
,"$936,721 ",$617.28 ,,$64.80 ,"AFN 26,168,688","AFN 40,000",پرداخت برای عبدالله بابت خشت کاری و پلستر کاری بیرونی تعمیر للندر 5 ,2-Apr-26,پرداخت برای عبدالله بابت خشت کاری و پلستر کاری بیرونی تعمیر للندر 5 ,2-Apr-26,1584,,,,,,
,"$936,814 ",$92.59 ,,$64.80 ,"AFN 26,174,688","AFN 6,000",پرداخت اجرت بارگیری و انتقال سلپ های شرکت جاغوری از تعمیر للندر 5 به  خاطری برش کاری ,2-Apr-26,پرداخت اجرت بارگیری و انتقال سلپ های شرکت جاغوری از تعمیر للندر 5 به  خاطری برش کاری ,2-Apr-26,1585,,,,,,
,"$936,845 ",$30.86 ,,$64.80 ,"AFN 26,176,688","AFN 2,000",پیش پرداخت برای هارون ولد ظاهر بابت ماه حمل 1405 ,2-Apr-26,پیش پرداخت برای هارون ولد ظاهر بابت ماه حمل 1405 ,2-Apr-26,1586,,,,,,
,"$937,226 ",$381.17 ,,$64.80 ,"AFN 26,201,388","AFN 24,700",پرداخت برای مواد تعمیراتی حاجی شریف بابت خریداری پروفیل 40/40 18 گچ به تعمیر للندر 5 ,2-Apr-26,پرداخت برای مواد تعمیراتی حاجی شریف بابت خریداری پروفیل 40/40 18 گچ به تعمیر للندر 5 ,2-Apr-26,1587,,,,,,
,"$938,674 ","$1,448.15 ",,$64.80 ,"AFN 26,295,228","AFN 93,840",پرداخت برای شرکت برادران صمدی بابت خریدرای گرانیت آیسلند سفید 100/100 به تعمیر للندر 5 ,2-Apr-26,پرداخت برای شرکت برادران صمدی بابت خریدرای گرانیت آیسلند سفید 100/100 به تعمیر للندر 5 ,2-Apr-26,1588,,,,,,
,"$938,681 ",$6.48 ,,$64.80 ,"AFN 26,295,648",AFN 420,خریداری چسپ کاغذی و کارتک تیز بر به تعمیر للندر 5,4-Apr-26,خریداری چسپ کاغذی و کارتک تیز بر به تعمیر للندر 5,4-Apr-26,1589,,,,,,
,"$938,687 ",$6.17 ,,$64.80 ,"AFN 26,296,048",AFN 400,خریداری قاب پلیت سیاه و قلم به تعمیر للندر 5 ,4-Apr-26,خریداری قاب پلیت سیاه و قلم به تعمیر للندر 5 ,4-Apr-26,1590,,,,,,
,"$938,835 ",$147.84 ,,$64.80 ,"AFN 26,305,628","AFN 9,580",خریداری پلیت آهن 4 میلی به تعمیر للندر 5 ,4-Apr-26,خریداری پلیت آهن 4 میلی به تعمیر للندر 5 ,4-Apr-26,1591,,,,,,
,"$938,853 ",$18.83 ,,$64.80 ,"AFN 26,306,848","AFN 1,220","خریداری ضد رنگ, تینر و سرش به تعمیر للندر 5 ",4-Apr-26,"خریداری ضد رنگ, تینر و سرش به تعمیر للندر 5 ",4-Apr-26,1592,,,,,,
,"$938,872 ",$18.52 ,,$64.80 ,"AFN 26,308,048","AFN 1,200",خریداری گوشت مرغ به تعمیر للندر 5,4-Apr-26,خریداری گوشت مرغ به تعمیر للندر 5,4-Apr-26,1593,,,,,,
,"$938,940 ",$67.90 ,,$64.80 ,"AFN 26,312,448","AFN 4,400",خریداری تیل پطرول برای موتر لکسس به تعمیر للندر 5,4-Apr-26,خریداری تیل پطرول برای موتر لکسس به تعمیر للندر 5,4-Apr-26,1594,,,,,,
,"$938,944 ",$3.70 ,,$64.80 ,"AFN 26,312,688",AFN 240,"خریداری مواد خوراکی از قبیل بریانی, سیر, مرچ و ماست به تعمیر للندر 5 ",4-Apr-26,"خریداری مواد خوراکی از قبیل بریانی, سیر, مرچ و ماست به تعمیر للندر 5 ",4-Apr-26,1595,,,,,,
,"$939,768 ",$824.85 ,,$64.80 ,"AFN 26,366,138","AFN 53,450",پرداخت کرای انتقال تخته های خریداری شده از مزار شریف به کابل به تعمیر للندر 5 و استفاده آن به تعمیر للندر 6 همرا با کرای انتقال و وزن ترازو,4-Apr-26,پرداخت کرای انتقال تخته های خریداری شده از مزار شریف به کابل به تعمیر للندر 5 و استفاده آن به تعمیر للندر 6 همرا با کرای انتقال و وزن ترازو,4-Apr-26,1596,,,,,,
,"$939,869 ",$100.31 ,,$64.80 ,"AFN 26,372,638","AFN 6,500",پیش پرداخت برای عبدالرزاق بابت ساخت و تهیه تانکر آب به ظرفیت 5000 لیتر به تعمیر للندر 5 ,4-Apr-26,پیش پرداخت برای عبدالرزاق بابت ساخت و تهیه تانکر آب به ظرفیت 5000 لیتر به تعمیر للندر 5 ,4-Apr-26,1597,,,,,,
,"$939,890 ",$21.14 ,,$64.80 ,"AFN 26,374,008","AFN 1,370",پرداخت برای رنگ کردن پلیت موتر کرولای نقره یی و فوتوکاپی جواز سیر ,4-Apr-26,پرداخت برای رنگ کردن پلیت موتر کرولای نقره یی و فوتوکاپی جواز سیر ,4-Apr-26,1598,,,,,,
,"$939,895 ",$4.63 ,,$64.80 ,"AFN 26,374,308",AFN 300,"خریداری مواد خوراکی از قبیل کشمش, خلال و پیاز به تعمیر للندر 5",4-Apr-26,"خریداری مواد خوراکی از قبیل کشمش, خلال و پیاز به تعمیر للندر 5",4-Apr-26,1599,,,,,,
,"$940,433 ",$538.58 ,,$64.80 ,"AFN 26,409,208","AFN 34,900","پرداخت برای فروشگاه GH بابت خریداری مواد نلدوانی از قبیل مخلوط کن, چوچه وال, قاب چوچه وال, سیفون, آینه و نیچه 30 و مسلم شاور به تعمیر للندر 5",5-Apr-26,"پرداخت برای فروشگاه GH بابت خریداری مواد نلدوانی از قبیل مخلوط کن, چوچه وال, قاب چوچه وال, سیفون, آینه و نیچه 30 و مسلم شاور به تعمیر للندر 5",5-Apr-26,1600,,,,,,
,"$940,445 ",$12.35 ,,$64.80 ,"AFN 26,410,008",AFN 800,پرداخت معاش علی احمد ولد محمد باقر بابت ماه حمل 1404 ,5-Apr-26,پرداخت معاش علی احمد ولد محمد باقر بابت ماه حمل 1404 ,5-Apr-26,1601,,,,,,
,"$940,456 ",$10.80 ,,$64.80 ,"AFN 26,410,708",AFN 700,پرداخت برای ذین الله کارگر بابت دو روز خشت کاری تعمیر للندر 5,5-Apr-26,پرداخت برای ذین الله کارگر بابت دو روز خشت کاری تعمیر للندر 5,5-Apr-26,1602,,,,,,
,"$940,956 ",$500.00 , $500.00 ,$64.80 ,"AFN 26,410,708",AFN 0,پرداخت برای انجنیر عبدالقیوم بابت برآورد و سنجش ابتدایی تعمیر للندر 4 و مصارف آن مربوط به تعمیرللندر 5,5-Apr-26,پرداخت برای انجنیر عبدالقیوم بابت برآورد و سنجش ابتدایی تعمیر للندر 4 و مصارف آن مربوط به تعمیرللندر 5,5-Apr-26,1603,,,,,,
,"$941,000 ",$43.91 ,,$64.90 ,"AFN 26,413,558","AFN 2,850","پرداخت برای اجرت بارگیری و کرای موتر بابت انتقال پایپ خوازه, جک و سیخ گول 10 ملی به تعمیر للندر 5",6-Apr-26,"پرداخت برای اجرت بارگیری و کرای موتر بابت انتقال پایپ خوازه, جک و سیخ گول 10 ملی به تعمیر للندر 5",6-Apr-26,1604,,,,,,
,"$941,037 ",$36.98 ,,$64.90 ,"AFN 26,415,958","AFN 2,400",پرداخت اجرت 6 روزه نثار احمد بابت کاشی کاری های باقیمانده رسول نظری در تعمیر للندر 5,6-Apr-26,پرداخت اجرت 6 روزه نثار احمد بابت کاشی کاری های باقیمانده رسول نظری در تعمیر للندر 5,6-Apr-26,1605,,,,,,
,"$941,127 ",$89.98 ,,$64.90 ,"AFN 26,421,798","AFN 5,840",خریداری سکاشتپ کاغذی و کرای موتر به تعمیر للندر 5,6-Apr-26,خریداری سکاشتپ کاغذی و کرای موتر به تعمیر للندر 5,6-Apr-26,1606,,,,,,
,"$941,165 ",$38.37 ,,$64.90 ,"AFN 26,424,288","AFN 2,490",خریداری تیل پطرول به موتر فرونر بابت تعمیر للندر 5,6-Apr-26,خریداری تیل پطرول به موتر فرونر بابت تعمیر للندر 5,6-Apr-26,1607,,,,,,
,"$941,221 ",$55.47 ,,$64.90 ,"AFN 26,427,888","AFN 3,600","خریداری مبلایل, فلتر و تبدیل مبلایل جنراتور تعمیر للندر 5",6-Apr-26,"خریداری مبلایل, فلتر و تبدیل مبلایل جنراتور تعمیر للندر 5",6-Apr-26,1608,,,,,,
,"$941,290 ",$69.44 ,,$64.80 ,"AFN 26,432,388","AFN 4,500","پرداخت اجر اشترنگ ساز, خریداری خود کار, صافی کلفت, هایدرولیک, هارند و بابت تعمیر للندر 5",7-Apr-26,"پرداخت اجر اشترنگ ساز, خریداری خود کار, صافی کلفت, هایدرولیک, هارند و بابت تعمیر للندر 5",7-Apr-26,1609,,,,,,
,"$941,332 ",$41.67 ,,$64.80 ,"AFN 26,435,088","AFN 2,700",خریداری پیپ خرطومی 75 متره به تعمیر للندر 5,7-Apr-26,خریداری پیپ خرطومی 75 متره به تعمیر للندر 5,7-Apr-26,1610,,,,,,
,"$941,733 ",$401.23 ,,$64.80 ,"AFN 26,461,088","AFN 26,000",پرداخت و تصفیه حساب مکمل بابت ساخت ذخیره آب 5000 لیتره به تعمیر للندر 5,7-Apr-26,پرداخت و تصفیه حساب مکمل بابت ساخت ذخیره آب 5000 لیتره به تعمیر للندر 5,7-Apr-26,1611,,,,,,
,"$942,233 ",$500.00 ,,$64.80 ,"AFN 26,493,488","AFN 32,400","مجموع خریداری بست خوازه از شرکت کابل مدرن به تعمیر للندر 5, پرداخت فعلی برای شرکت کابل مدرن بابت خریداری بست خوازه به تعمیر للندر 5",7-Apr-26,"مجموع خریداری بست خوازه از شرکت کابل مدرن به تعمیر للندر 5, پرداخت فعلی برای شرکت کابل مدرن بابت خریداری بست خوازه به تعمیر للندر 5",7-Apr-26,1612,,,,,,
,"$942,605 ",$371.52 ,,$64.60 ,"AFN 26,517,488","AFN 24,000",خریداری بست خوازه به تعمیر للندر 5,9-Apr-26,خریداری بست خوازه به تعمیر للندر 5,9-Apr-26,1613,,,,,,
,"$942,748 ",$143.03 ,,$64.60 ,"AFN 26,526,728","AFN 9,240",خریداری تیل دیزل برای جنراتور به تعمیر للندر 5,9-Apr-26,خریداری تیل دیزل برای جنراتور به تعمیر للندر 5,9-Apr-26,1614,,,,,,
,"$942,844 ",$95.98 ,,$64.60 ,"AFN 26,532,928","AFN 6,200",خریداری پودر کاشی کاری 400 گرام به تعمیر للندر 5,9-Apr-26,خریداری پودر کاشی کاری 400 گرام به تعمیر للندر 5,9-Apr-26,1615,,,,,,
,"$943,021 ",$176.93 ,,$64.60 ,"AFN 26,544,358","AFN 11,430","خریداری سیخ ولدنگ, عینک پل برمه به تعمیر للندر 5, خریداری دستکش, سه ساکته و سیم جستی به تعمیر للندر 5, خریداری پل, سیخ ولدنگ, سلیکان و قیر به تعمیر للندر 5, خریداری قلم توش و متر به تعمیر للندر 5, خریداری وال به تعمیر للندر 5 و خریداری نت و بولت واشل به تعمیر للندر 5",9-Apr-26,"خریداری سیخ ولدنگ, عینک پل برمه به تعمیر للندر 5, خریداری دستکش, سه ساکته و سیم جستی به تعمیر للندر 5, خریداری پل, سیخ ولدنگ, سلیکان و قیر به تعمیر للندر 5, خریداری قلم توش و متر به تعمیر للندر 5, خریداری وال به تعمیر للندر 5 و خریداری نت و بولت واشل به تعمیر للندر 5",9-Apr-26,1616,,,,,,
,"$943,070 ",$48.76 ,,$64.60 ,"AFN 26,547,508","AFN 3,150","پرداخت اجرت سه روزه  گلکار تعمیر للندر 5 بابت داغگیری های پلستر کاری نما بیرونی,   پرداخت اجرت سه روزه مزدور کار بابت داغگیری های پلستر کاری نمابیرونی تعمیر للندر 5",9-Apr-26,"پرداخت اجرت سه روزه  گلکار تعمیر للندر 5 بابت داغگیری های پلستر کاری نما بیرونی,   پرداخت اجرت سه روزه مزدور کار بابت داغگیری های پلستر کاری نمابیرونی تعمیر للندر 5",9-Apr-26,1617,,,,,,
,"$943,302 ",$232.20 ,,$64.60 ,"AFN 26,562,508","AFN 15,000",پیش پرداخت برای نجیب الله ولد عبدالشکور سرکاریگر بابت ماه حمل 1405,9-Apr-26,پیش پرداخت برای نجیب الله ولد عبدالشکور سرکاریگر بابت ماه حمل 1405,9-Apr-26,1618,,,,,,
,"$943,844 ",$541.80 ,,$64.60 ,"AFN 26,597,508","AFN 35,000",پرداخت کرای خوازه محمد نور خوازه کار از تاریخ 22 میزان 1404 ال 22 حمل  1405,9-Apr-26,پرداخت کرای خوازه محمد نور خوازه کار از تاریخ 22 میزان 1404 ال 22 حمل  1405,9-Apr-26,1619,,,,,,
,"$943,952 ",$108.36 ,,$64.60 ,"AFN 26,604,508","AFN 7,000","پرداخت برای محمد شریف بابت سیتم مکمل نلدوانی , مرکز گرمی , فاضلاب و آب  باران تعمیر للندر 5",9-Apr-26,"پرداخت برای محمد شریف بابت سیتم مکمل نلدوانی , مرکز گرمی , فاضلاب و آب  باران تعمیر للندر 5",9-Apr-26,1620,,,,,,
,"$944,153 ",$201.24 ,,$64.60 ,"AFN 26,617,508","AFN 13,000",پرداخت برای عبدالله بابت خشت کاری منزل دهم تعمیر للندر 5,9-Apr-26,پرداخت برای عبدالله بابت خشت کاری منزل دهم تعمیر للندر 5,9-Apr-26,1621,,,,,,
,"$944,231 ",$77.40 ,,$64.60 ,"AFN 26,622,508","AFN 5,000",پرداخت برای علی یاور بابت راویزکاری تعمیر للندر 5,9-Apr-26,پرداخت برای علی یاور بابت راویزکاری تعمیر للندر 5,9-Apr-26,1622,,,,,,
,"$944,730 ",$499.23 ,,$64.60 ,"AFN 26,654,758","AFN 32,250",پرداخت برای جمعه خان بابت کاشی کاری تعمیر للندر 5,9-Apr-26,پرداخت برای جمعه خان بابت کاشی کاری تعمیر للندر 5,9-Apr-26,1623,,,,,,
,"$944,869 ",$139.32 ,,$64.60 ,"AFN 26,663,758","AFN 9,000",پرداخت برای محمد تقی بابت نصب سنگ بیرونی تعمیر للندر 5,9-Apr-26,پرداخت برای محمد تقی بابت نصب سنگ بیرونی تعمیر للندر 5,9-Apr-26,1624,,,,,,
,"$944,885 ",$15.48 ,,$64.60 ,"AFN 26,664,758","AFN 1,000",خریداری تیل پطرول برای موتری هایکس به تعمیر للندر 5,9-Apr-26,خریداری تیل پطرول برای موتری هایکس به تعمیر للندر 5,9-Apr-26,1625,,,,,,
,"$948,385 ","$3,500.00 "," $3,500.00 ",$64.60 ,"AFN 26,664,758",AFN 0,"خریداری نل خوازه 2 ملی به تعمیر للندر 5 از شرکت آهن آلات نقشبندی, پرداخت برای شرکت آهن نقشبندی از مجموع بل نمبر 8497",9-Apr-26,"خریداری نل خوازه 2 ملی به تعمیر للندر 5 از شرکت آهن آلات نقشبندی, پرداخت برای شرکت آهن نقشبندی از مجموع بل نمبر 8497",9-Apr-26,1626,,,,,,
,"$948,389 ",$4.64 ,,$64.60 ,"AFN 26,665,058",AFN 300,خریداری جوس کیله به تعمیر للندر 5,11-Apr-26,خریداری جوس کیله به تعمیر للندر 5,11-Apr-26,1627,,,,,,
,"$948,420 ",$30.96 ,,$64.60 ,"AFN 26,667,058","AFN 2,000",خریداری تیل پطرول برای موتری لکسس به تعمیر للندر5,11-Apr-26,خریداری تیل پطرول برای موتری لکسس به تعمیر للندر5,11-Apr-26,1628,,,,,,
,"$948,498 ",$77.40 ,,$64.60 ,"AFN 26,672,058","AFN 5,000",خریداری تیل پطرول برای موتری هایکس به تعمیر للندر5,11-Apr-26,خریداری تیل پطرول برای موتری هایکس به تعمیر للندر5,11-Apr-26,1629,,,,,,
,"$948,590 ",$92.88 ,,$64.60 ,"AFN 26,678,058","AFN 6,000",پیش پرداخت برای شریف الله ولد فیض محمد بابت ماه حمل 1405,11-Apr-26,پیش پرداخت برای شریف الله ولد فیض محمد بابت ماه حمل 1405,11-Apr-26,1630,,,,,,
,"$948,729 ",$138.70 ,,$64.60 ,"AFN 26,687,018","AFN 8,960",خریداری تیل دیزل برای جنراتور تعمیر للندر 5,11-Apr-26,خریداری تیل دیزل برای جنراتور تعمیر للندر 5,11-Apr-26,1631,,,,,,
,"$948,737 ",$7.74 ,,$64.60 ,"AFN 26,687,518",AFN 500,خریداری بوره و چای بابت تعمیر للندر 5,12-Apr-26,خریداری بوره و چای بابت تعمیر للندر 5,12-Apr-26,1632,,,,,,
,"$949,596 ",$859.00 , $859 ,$64.60 ,"AFN 26,687,518",AFN 0,پرداخت برای شرکت آهن آلات کوهدامن بابت خریداری سیخ گول 8 ملی  به تعمیر للندر 5,12-Apr-26,پرداخت برای شرکت آهن آلات کوهدامن بابت خریداری سیخ گول 8 ملی  به تعمیر للندر 5,12-Apr-26,1633,,,,,,
,"$955,554 ","$5,958.00 "," $5,958 ",$64.60 ,"AFN 26,687,518",AFN 0,"پرداخت برای شرکت هرات نت و بولت بابت خریداری لوله سیاه 5 سانتی, سیخ گل 10 ملی و لوله 6 سانتی به تعمیر للندر 5 توسط صرافی خانی چک نمبر 2375",12-Apr-26,"پرداخت برای شرکت هرات نت و بولت بابت خریداری لوله سیاه 5 سانتی, سیخ گل 10 ملی و لوله 6 سانتی به تعمیر للندر 5 توسط صرافی خانی چک نمبر 2375",12-Apr-26,1634,,,,,,
,"$956,751 ","$1,197.00 "," $1,197 ",$64.60 ,"AFN 26,687,518",AFN 0,پرداخت باقیمانده و تصفیه حساب فروشگاه آهن آلات نقشبندی بابت خریداری نل خوازه 2 ملی به تعمیر للندر5,12-Apr-26,پرداخت باقیمانده و تصفیه حساب فروشگاه آهن آلات نقشبندی بابت خریداری نل خوازه 2 ملی به تعمیر للندر5,12-Apr-26,1635,,,,,,
,"$957,841 ","$1,090.35 ",,$64.75 ,"AFN 26,758,118","AFN 70,600",خریداری چوری بست خوازه فی عدد 140 افغانی همرا با کرای تکسی به تعمیر للندر 5,13-Apr-26,خریداری چوری بست خوازه فی عدد 140 افغانی همرا با کرای تکسی به تعمیر للندر 5,13-Apr-26,1636,,,,,,
,"$957,858 ",$16.99 ,,$64.75 ,"AFN 26,759,218","AFN 1,100",خریداری مواد کاشی کاری از شرکت کابل ترید به تعمیر للندر 5,13-Apr-26,خریداری مواد کاشی کاری از شرکت کابل ترید به تعمیر للندر 5,13-Apr-26,1637,,,,,,
,"$957,905 ",$46.33 ,,$64.75 ,"AFN 26,762,218","AFN 3,000",خریداری تیل پطرول به موتر لکسس بابت تعمیر للندر 5,13-Apr-26,خریداری تیل پطرول به موتر لکسس بابت تعمیر للندر 5,13-Apr-26,1638,,,,,,
,"$957,911 ",$6.17 ,,$64.80 ,"AFN 26,762,618",AFN 400,"خریداری سویچ چرخ, تبدیلی و ترمیم چرخ خورد به تعمیر للندر 5",14-Apr-26,"خریداری سویچ چرخ, تبدیلی و ترمیم چرخ خورد به تعمیر للندر 5",14-Apr-26,1639,,,,,,
,"$958,065 ",$154.32 ,,$64.80 ,"AFN 26,772,618","AFN 10,000",برداشت حاجی صبغت الله از دفتر,14-Apr-26,برداشت حاجی صبغت الله از دفتر,14-Apr-26,1640,,,,,,
,"$958,216 ",$151.39 ,,$64.80 ,"AFN 26,782,428","AFN 9,810",خریداری پل الماسی و مواد برای چپس کاری تعمیر للندر 5,14-Apr-26,خریداری پل الماسی و مواد برای چپس کاری تعمیر للندر 5,14-Apr-26,1641,,,,,,
,"$958,402 ",$185.19 ,,$64.80 ,"AFN 26,794,428","AFN 12,000",پرداخت برای کاکا بادام گل توسط روزالدین بابت خریداری خشت اول به تعمیر للندر5,14-Apr-26,پرداخت برای کاکا بادام گل توسط روزالدین بابت خریداری خشت اول به تعمیر للندر5,14-Apr-26,1642,,,,,,
,"$958,411 ",$9.26 ,,$64.80 ,"AFN 26,795,028",AFN 600,پرداخت کرای موتر انتقال کابینت های تشنابهای تعمیر للندر5,14-Apr-26,پرداخت کرای موتر انتقال کابینت های تشنابهای تعمیر للندر5,14-Apr-26,1643,,,,,,
,"$958,426 ",$15.43 ,,$64.80 ,"AFN 26,796,028","AFN 1,000",خریداری ضد زنگ و تینر روغنی به  زنگ جک ها تعمیر للندر5,14-Apr-26,خریداری ضد زنگ و تینر روغنی به  زنگ جک ها تعمیر للندر5,14-Apr-26,1644,,,,,,
,"$958,611 ",$185.19 ,,$64.80 ,"AFN 26,808,028","AFN 12,000",پرداخت برای  کاکا بادام گل خریداری ریگ شیته به تعمیر للندر5,14-Apr-26,پرداخت برای  کاکا بادام گل خریداری ریگ شیته به تعمیر للندر5,14-Apr-26,1645,,,,,,
,"$960,414 ","$1,802.78 ",,$64.80 ,"AFN 26,924,848","AFN 116,820",پرداخت برای شرکت تجارتی آخند زاده از مجموع بل نمبر 31735  بابت خریداری گرانیت 60/120 به تعمیر للندر5,14-Apr-26,پرداخت برای شرکت تجارتی آخند زاده از مجموع بل نمبر 31735  بابت خریداری گرانیت 60/120 به تعمیر للندر5,14-Apr-26,1646,,,,,,
,"$960,451 ",$37.04 ,,$64.80 ,"AFN 26,927,248","AFN 2,400",پرداخت اجرت بارگیری و کرای موتر سنگ نما از شرکت جاغوری بابت تعمیر للندر 5,14-Apr-26,پرداخت اجرت بارگیری و کرای موتر سنگ نما از شرکت جاغوری بابت تعمیر للندر 5,14-Apr-26,1647,,,,,,
,"$960,530 ",$79.01 ,,$64.80 ,"AFN 26,932,368","AFN 5,120",خریداری پلیت 20x20 دو میلی بابت تعمیر للندر 5,14-Apr-26,خریداری پلیت 20x20 دو میلی بابت تعمیر للندر 5,14-Apr-26,1648,,,,,,
,"$960,708 ",$177.62 ,,$64.80 ,"AFN 26,943,878","AFN 11,510",خریداری مواد چپس کاری بابت تعمیر للندر5,14-Apr-26,خریداری مواد چپس کاری بابت تعمیر للندر5,14-Apr-26,1649,,,,,,
,"$960,711 ",$3.09 ,,$64.80 ,"AFN 26,944,078",AFN 200,خریداری تیل پطرول ویبراتور ها بابت تعمیر للندر 5,14-Apr-26,خریداری تیل پطرول ویبراتور ها بابت تعمیر للندر 5,14-Apr-26,1650,,,,,,
,"$960,713 ",$2.31 ,,$64.80 ,"AFN 26,944,228",AFN 150,خریداری تیل پطرول ویبراتور ها بابت تعمیر للندر 5,14-Apr-26,خریداری تیل پطرول ویبراتور ها بابت تعمیر للندر 5,14-Apr-26,1651,,,,,,
,"$961,880 ","$1,166.67 ",,$64.80 ,"AFN 27,019,828","AFN 75,600",خریداری بست خوازه  و پرداخت کرای انتقال بست های خوازه بابت تعمیر للندر5,14-Apr-26,خریداری بست خوازه  و پرداخت کرای انتقال بست های خوازه بابت تعمیر للندر5,14-Apr-26,1652,,,,,,
,"$962,270 ",$389.81 ,,$64.80 ,"AFN 27,045,088","AFN 25,260",خریداری پلیت 5 میلی 10x10 همراه با کرای انتقال به تعمیر للندر 5,14-Apr-26,خریداری پلیت 5 میلی 10x10 همراه با کرای انتقال به تعمیر للندر 5,14-Apr-26,1653,,,,,,
,"$971,557 ","$9,287.00 "," $9,287.00 ",$64.80 ,"AFN 27,045,088",AFN 0,پرداخت برای مواد تعمیراتی عبدالله ترکمنی بابت خریداری تخته 18 ملی روسی به تعمیر للندر 5 و استفاده آن به تعمیر للندر6 چک نمبر 2377,14-Apr-26,پرداخت برای مواد تعمیراتی عبدالله ترکمنی بابت خریداری تخته 18 ملی روسی به تعمیر للندر 5 و استفاده آن به تعمیر للندر6 چک نمبر 2377,14-Apr-26,1654,,,,,,
,"$971,565 ",$7.73 ,,$64.70 ,"AFN 27,045,588",AFN 500,"پرداخت برای تبدیل سویچ, تبدیل دو شاخه چرخ به تعمیر للندر 5",,,15-Apr-26,1655,,,,,,
,"$971,630 ",$65.69 ,,$64.70 ,"AFN 27,049,838","AFN 4,250",خریداری تیل پطرول به تعمیر للندر 5,,,15-Apr-26,1656,,,,,,
,"$971,634 ",$3.86 ,,$64.70 ,"AFN 27,050,088",AFN 250,پرداخت کرای موتر بابت انتقال کمود های باقیمانده از شرکت تجارتی دروازه بدخشان به تعداد 5 پایه,,,15-Apr-26,1657,,,,,,
,"$971,636 ",$2.32 ,,$64.70 ,"AFN 27,050,238",AFN 150,خریداری هادر از شرکت کابل ترید بابت تعمیر للندر 5,,,16-Apr-26,1658,,,,,,
,"$978,536 ","$6,900.00 "," $6,900.00 ",$64.80 ,"AFN 27,050,238",AFN 0,پرداخت و تصفیه حساب مکمل خریداری دروازه ضد سرقت از شرکت آمو استیل به تعمیرللندر 5,,,16-Apr-26,1659,,,,,,
,"$979,707 ","$1,171.00 "," $1,171.00 ",$64.80 ,"AFN 27,050,238",AFN 0,پرداخت برای شرکت ساختمانی فراز آژمان بابت خریداری کاک سقفی به تعمیرللندر 5,,,16-Apr-26,1660,,,,,,
,"$979,788 ",$81.02 ,,$64.80 ,"AFN 27,055,488","AFN 5,250",پرداخت اجرت روز مزد سید محمد گلکار بابت 5 روزه فی روز از قرار 700 افغانی و اجرت روز مزد رمضان کاریگر بابت 5 روزه فی روز از قرار 350 افغانی بابت داغگیری های عبدالله,,,16-Apr-26,1661,,,,,,
,"$979,794 ",$5.40 ,,$64.80 ,"AFN 27,055,838",AFN 350,پرداخت اجرت روز مزد یک نفر کاریگر بابت 1 روز فی روز از قرار 350 افغانی ,,,16-Apr-26,1662,,,,,,
,"$979,832 ",$37.81 ,,$64.80 ,"AFN 27,058,288","AFN 2,450",پرداخت کرای انتقال دروازه های ضد سرقت و اجرت بارگیری دروازه های ضد سرقت به تعمیرللندر 5,,,16-Apr-26,1663,,,,,,
,"$980,187 ",$354.94 ,,$64.80 ,"AFN 27,081,288","AFN 23,000",پرداخت برای خریداری چسپ کاشی عقیق به تعمیرللندر 5,,,16-Apr-26,1664,,,,,,
,"$981,701 ","$1,514.81 ",,$64.80 ,"AFN 27,179,448","AFN 98,160",پرداخت برای فروشگاه ولی عصر بابت خریداری سنگ سیاه ایرانی به تعمیرللندر 5 همراه با کرای موتر ,,,16-Apr-26,1665,,,,,,
,"$981,825 ",$123.46 ,,$64.80 ,"AFN 27,187,448","AFN 8,000",پرداخت برای جمعه کاشی کار بابت تعمیرللندر 5 بدست غلام علی,,,16-Apr-26,1666,,,,,,
,"$981,933 ",$108.02 ,,$64.80 ,"AFN 27,194,448","AFN 7,000",پرداخت برای تقی بابت نصب سنگ نما بیرونی تعمیرللندر 5 فی متر از قرار 550 افغانی ,,,16-Apr-26,1667,,,,,,
,"$983,000 ","$1,067.13 ",,$64.80 ,"AFN 27,263,598","AFN 69,150","پرداخت برای کاکا بادام گل بدست روزالدین بابت انتقال چوب , جغل بادامی , ریگ شسته ,ریگ خاکه , خشت اول , خشت سفالی به تعمیرللندر 5",,,16-Apr-26,1668,,,,,,
,"$984,153 ","$1,152.53 ",,$64.80 ,"AFN 27,338,282","AFN 74,684",پرداخت برای شرکت تجارتی آخند زاده از درک بل نمبر 31735 بابت خریداری گرانیت 60/120 به تعمیرللندر 5,,,16-Apr-26,1669,,,,,,
,"$984,195 ",$42.75 ,,$64.80 ,"AFN 27,341,052","AFN 2,770","خریداری پل برمه 8 ملی,دستکش , کارتک ساه , پل چرخ , شاقل , مارتول و دسته بیل به تعمیرللندر 5",,,16-Apr-26,1670,,,,,,
,"$984,211 ",$15.46 ,,$64.70 ,"AFN 27,342,052","AFN 1,000",خریداری صحنه بابت تعمیر للندر 5,,,18-Apr-26,1671,,,,,,
,"$984,234 ",$23.18 ,,$64.70 ,"AFN 27,343,552","AFN 1,500",خریداری قطی 4x4 بابت تعمیر للندر 5,,,19-Apr-26,1672,,,,,,
,"$984,388 ",$154.56 ,,$64.70 ,"AFN 27,353,552","AFN 10,000",پیش پرداخت برای نجیب الله ولد عبدالشکور بابت ماه حمل 1405,,,19-Apr-26,1673,,,,,,
,"$984,574 ",$185.50 ,,$64.70 ,"AFN 27,365,554","AFN 12,002",پرداخت مصارف بل برق تعمیر للندر 5 بابت ماه دلو و حوت 1405,,,19-Apr-26,1674,,,,,,
,"$984,636 ",$61.82 ,,$64.70 ,"AFN 27,369,554","AFN 4,000",پیش پرداخت برای سفر ولد محمد باقر بابت ماه حمل 1405,,,20-Apr-26,1675,,,,,,
,"$984,682 ",$46.37 ,,$64.70 ,"AFN 27,372,554","AFN 3,000",پیش پرداخت برای تاجدین ولد غیاص دین بابت برق سازی تعمیر للندر 5 ماه حمل 1405,,,20-Apr-26,1676,,,,,,
,"$985,328 ",$646.06 ,,$64.70 ,"AFN 27,414,354","AFN 41,800",پرداخت برای نورآغا و تصفیه حساب خریداری بست خوازه و بست جک به تعمیر للندر 5 و استفاده آن به تعمیر للندر 6,,,20-Apr-26,1677,,,,,,
,"$985,393 ",$65.22 ,,$64.70 ,"AFN 27,418,574","AFN 4,220",خریداری چسپ 123 بابت تعمیر للندر 5,,,21-Apr-26,1678,,,,,,
,"$985,474 ",$80.16 ,,$64.50 ,"AFN 27,423,744","AFN 5,170",خریداری تیل پطرول به موتر هایکس بابت تعمیر للندر 5,,,22-Apr-26,1679,,,,,,
,"$985,551 ",$77.52 ,,$64.50 ,"AFN 27,428,744","AFN 5,000",خریداری تیل پطرول به موتر فرونر بابت تعمیر للندر 5,,,22-Apr-26,1680,,,,,,
,"$985,553 ",$1.55 ,,$64.50 ,"AFN 27,428,844",AFN 100,خریداری صافی بابت تعمیر للندر 5,,,22-Apr-26,1681,,,,,,
,"$985,601 ",$48.06 ,,$64.50 ,"AFN 27,431,944","AFN 3,100",خریداری چسپ سنگ بابت تعمیر للندر 5,,,22-Apr-26,1682,,,,,,
,"$985,616 ",$15.50 ,,$64.50 ,"AFN 27,432,944","AFN 1,000",خریداری صحنه و پل بابت تعمیر للندر 5,,,22-Apr-26,1683,,,,,,
,"$985,622 ",$5.43 ,,$64.40 ,"AFN 27,433,294",AFN 350,خریداری پل و قلم کاشی بر و قلم خود رنگ بابت تعمیر للندر 5,,,23-Apr-26,1684,,,,,,
,"$985,637 ",$15.53 ,,$64.40 ,"AFN 27,434,294","AFN 1,000",خریداری مواد کاشی کاری از قبیل پل بابت تعمیر للندر 5,,,23-Apr-26,1685,,,,,,
,"$985,704 ",$66.38 ,,$64.40 ,"AFN 27,438,569","AFN 4,275",خریداری 55 متر فوم فی متر 75 افغانی بابت تعمیر للندر 5,,,23-Apr-26,1686,,,,,,
,"$985,899 ",$195.65 ,,$64.40 ,"AFN 27,451,169","AFN 12,600",پرداخت برای کاکا بادام گل توسط روزالدین بابت خریداری خشت اول به تعمیر للندر 5,,,23-Apr-26,1687,,,,,,
,"$985,976 ",$76.40 ,,$64.40 ,"AFN 27,456,089","AFN 4,920",پرداخت برای شرکت یونایتید بابت خریداری کاشی دیواری سایز 25/33 و کرای انتقال کاشی های واپس شده از تعمیر للندر 5 به شرکت یونایتید,,,23-Apr-26,1688,,,,,,
,"$987,000 ","$1,024.84 ",,$64.40 ,"AFN 27,522,089","AFN 66,000",پرداخت برای فروشگاه سید حسن موسوی از مجموع بل نمبر هذا بابت خریداری زانو خم های جوشی و نل های جوشی به تعمیر للندر5,,,23-Apr-26,1689,,,,,,
,"$987,055 ",$54.97 ,,$64.40 ,"AFN 27,525,629","AFN 3,540","خریداری قلف و پل 16 ملی به تعمیر للندر 5, خریداری سیخ ویلدنک, ول وپل آهنی, کارتک و غیره, دستکش, شیته ولرینک و پل به تعمیر للندر 5",,,23-Apr-26,1690,,,,,,
,"$988,963 ","$1,907.10 ",,$64.40 ,"AFN 27,648,446","AFN 122,817",پرداخت برای شرکت تجارتی آخند زاده بابت خریداری گرانیت 60/120 به تعمیر للندر 5,,,23-Apr-26,1691,,,,,,
,"$989,175 ",$212.89 ,,$64.40 ,"AFN 27,662,156","AFN 13,710",پرداخت معاش نجیب الله ولد  عبدالشکور بابت ماه حمل 1405 به تعمیر للندر 5,,,23-Apr-26,1692,,,,,,
,"$989,719 ",$543.48 ,,$64.40 ,"AFN 27,697,156","AFN 35,000",پرداخت برای عبدالله بابت خشت کاری و پلستر کاری تعمیر للندر 5,,,23-Apr-26,1693,,,,,,
,"$989,936 ",$217.39 ,,$64.40 ,"AFN 27,711,156","AFN 14,000",پرداخت معاش مطیح الله ولد محمد یونس بابت ماه حمل 1405,,,23-Apr-26,1694,,,,,,
,"$990,012 ",$76.09 ,,$64.40 ,"AFN 27,716,056","AFN 4,900",پرداخت برای حاجی شریف بابت خریداری لارند 4-5/5 ملی و لارند 4/4 به تعمیر للندر 5,,,23-Apr-26,1695,,,,,,
,"$990,110 ",$97.83 ,,$64.40 ,"AFN 27,722,356","AFN 6,300","پرداخت اجرت روز مزد 6 روز سید محمد گلکار بابت داغگیری بالکن ها تعمیر للندر 5 فی روز از قرار 700 افغانی,   پرداخت اجرت روز 6 روزه علی سینا کاریگر بابت داغگیری بالکن ها تعمیر للندر 5 فی روز از قرار 350 افغانی",,,23-Apr-26,1696,,,,,,
,"$990,137 ",$27.17 ,,$64.40 ,"AFN 27,724,106","AFN 1,750",پرداخت اجرت روز 5 روزه نوید بابت خشت کاری و پلستر کاری منزل دهم سر بام و منزل دوبلکس و غیره تعمیر للندر 5,,,23-Apr-26,1697,,,,,,
,"$990,262 ",$124.22 ,,$64.40 ,"AFN 27,732,106","AFN 8,000",پرداخت برای تقی بابت نصب سنگ نما بیرونی تعمیر للندر 5,,,23-Apr-26,1698,,,,,,
,"$991,137 ",$875.78 ,,$64.40 ,"AFN 27,788,506","AFN 56,400",پرداخت فروشگاه آهن آلات نقشبندی بابت خریداری قطعی 9-40/40 کیلویی به تعمیر للندر 5,,,23-Apr-26,1699,,,,,,
,"$991,243 ",$105.59 ,,$64.40 ,"AFN 27,795,306","AFN 6,800",پرداخت اجرت 17 روزه نثار احمد بابت کاشی کاری کار های باقیمانده رسول نظری در تعمیر للندر 5,,,23-Apr-26,1700,,,,,,
,"$992,163 ",$920.00 , $920.00 ,$64.50 ,"AFN 27,795,306",AFN 0,پرداخت برای فورشگاه آهن آلات نقشبندی بابت خریداری نل خوازه 2 ملی به تعمیر للندر 5,,,23-Apr-26,1701,,,,,,
,"$992,636 ",$472.78 ,,$64.30 ,"AFN 27,825,706","AFN 30,400",پرداخت برای خریداری بست خوازه به تعمیر للندر 5 و اجرا آن توسط چک نمبر 2396 از صرافی خانی گل,,,25-Apr-26,1702,,,,,,
,"$992,805 ",$169.22 ,,$64.30 ,"AFN 27,836,587","AFN 10,881",پرداخت برای خبازی عبدالمطلب بغلانی بابت خریداری نان خشک به تعمیر للندر 5 بابت ماه حمل 1405,,,25-Apr-26,1703,,,,,,
,"$993,505 ",$700.00 ,,$64.30 ,"AFN 27,881,597","AFN 45,010",پرداخت برای شرکت آریا دیکور از مجموع بل نمبر 3870 بابت خریداری مواد کناف به تعمیر للندر 5,,,26-Apr-26,1704,,,,,,
,"$993,521 ",$15.55 ,,$64.30 ,"AFN 27,882,597","AFN 1,000",خریداری تیل پطرول به موتر لکسس بابت تعمیر للندر 5,,,26-Apr-26,1705,,,,,,
,"$993,619 ",$98.03 ,,$64.50 ,"AFN 27,888,920","AFN 6,323",پرداخت معاش محمد صفر ولد محمد باقر ماه حمل بابت تعمیر للندر 5,,,27-Apr-26,1706,,,,,,
,"$993,948 ",$329.05 ,,$64.50 ,"AFN 27,910,144","AFN 21,224","خریداری نت و بولت, برمه , دبل , سیخ ولدینگ و چنگک بابت تعمیر للندر 5",,,27-Apr-26,1707,,,,,,
,"$993,979 ",$31.01 ,,$64.50 ,"AFN 27,912,144","AFN 2,000",پرداخت برای تقی بابت نصب سنگ نمای بیرونی تعمیر للندر 5,,,27-Apr-26,1708,,,,,,
,"$994,920 ",$941.09 ,,$64.50 ,"AFN 27,972,844","AFN 60,700",پرداخت برای فروشگاه ولیعصر بابت خردیداری سنگ سیاه ایرانی سوپر همراه  با اجرت کارگر و کرایه موتر به تعمیر للندر 5,,,27-Apr-26,1709,,,,,,
,"$995,310 ",$390.70 ,,$64.50 ,"AFN 27,998,044","AFN 25,200",خریداری آهن پلیت 5 میلی بابت تعمیر للندر 5,,,27-Apr-26,1710,,,,,,
,"$995,445 ",$135.04 ,,$64.50 ,"AFN 28,006,754","AFN 8,710",پرداخت معاش برای محمد سروز ولد طالب ماه حمل برای تعمیر للندر 5,,,27-Apr-26,1711,,,,,,
,"$995,461 ",$15.50 ,,$64.50 ,"AFN 28,007,754","AFN 1,000",خریداری تیل پطرول بابت موتر هایلکس برای تعمیر للندر 5,,,28-Apr-26,1712,,,,,,
,"$995,476 ",$15.50 ,,$64.50 ,"AFN 28,008,754","AFN 1,000",خریداری تیل پطرول بابت موتر لکسس برای تعمیر للندر 5,,,28-Apr-26,1713,,,,,,
,"$995,542 ",$65.12 ,,$64.50 ,"AFN 28,012,954","AFN 4,200",خریداری تیل پطرول برای موتری لکسس به تعمیر للندر 5,,,28-Apr-26,1714,,,,,,
,"$995,546 ",$4.12 ,,$64.50 ,"AFN 28,013,220",AFN 266,خریداری مواد خوازه برای بستن خوازه به تعمیر للندر 5,,,28-Apr-26,1715,,,,,,
,"$995,977 ",$431.78 ,,$64.50 ,"AFN 28,041,070","AFN 27,850",پرداخت برای بست خوازه همراه با کرای موتر بابت تعمیر للندر 5,,,28-Apr-26,1716,,,,,,
,"$996,551 ",$573.64 ,,$64.50 ,"AFN 28,078,070","AFN 37,000",پرداخت برای شفیق الله بابت خریداری و نصب کابینت تششنابهای منزل هفتم تعمیر للندر 5 به تعداد 5 پایه 80 سانتی و 1 پایه 97 سانتی,,,28-Apr-26,1717,,,,,,
,"$996,706 ",$155.04 ,,$64.50 ,"AFN 28,088,070","AFN 10,000",پرداخت برای علی یاور ازدرک راویز کاری منزل مختلف تعمیر للندر 5,,,28-Apr-26,1718,,,,,,
,"$996,751 ",$45.01 ,,$64.50 ,"AFN 28,090,973","AFN 2,903",پرداخت معاش محمد صدیق ولد محمد سلیم بابت ماه حمل 1405,,,28-Apr-26,1719,,,,,,
,"$996,889 ",$138.03 ,,$64.50 ,"AFN 28,099,876","AFN 8,903",پرداخت معاش زین الله ولد محمد ظاهر بابت ماه حمل 1405,,,28-Apr-26,1720,,,,,,
,"$996,997 ",$108.03 ,,$64.50 ,"AFN 28,106,844","AFN 6,968",پرداخت معاش هارون ولد فیضل رحمانی بابت ماه حمل 1405,,,28-Apr-26,1721,,,,,,
,"$997,007 ",$10.23 ,,$64.50 ,"AFN 28,107,504",AFN 660,خریداری بوره و چای برای تعمیر للندر 5,,,28-Apr-26,1722,,,,,,
,"$997,152 ",$144.19 ,,$64.50 ,"AFN 28,116,804","AFN 9,300",خریداری تیل دیزل به جنراتور بابت تعمیر للندر 5,,,28-Apr-26,1723,,,,,,
,"$997,159 ",$6.98 ,,$64.50 ,"AFN 28,117,254",AFN 450,خریداری مواد کاشی کاری از شرکت کابل ترید بابت تعمیر للندر 5,,,28-Apr-26,1724,,,,,,
,"$997,174 ",$15.53 ,,$64.40 ,"AFN 28,118,254","AFN 1,000",پرداخت معاش باقیمانده برای ادریس ولد دولت بابت ماه حمل 1405,,,29-Apr-26,1725,,,,,,
,"$1,001,781 ","$4,606.52 ",,$64.40 ,"AFN 28,414,914","AFN 296,660","پرداخت برای حاجی قاسم از درک خریداری سمنت سفید به تعمیر للندر 5, پرداخت برای حاجی قاسم از درک خریداری ایرانی و سمنت سفید به تعمیر للندر 5",,,29-Apr-26,1726,,,,,,
,"$1,002,464 ",$683.23 ,,$64.40 ,"AFN 28,458,914","AFN 44,000",پرداخت برای فروشگاه آهن آلات نقشبندی بابت خریداری پروفیل 40/40 به تعمیر للندر 5  با اجرت بارگیری و کرای انتقال,,,29-Apr-26,1727,,,,,,
,"$1,002,837 ",$372.67 ,,$64.40 ,"AFN 28,482,914","AFN 24,000","پرداخت و تصفیه حساب شرکت تولیدی اتحاد بابت خریداری وال برنجی , سه راه جوشی, سه راه 40 میتر آب زانو 40  و زانو 32 به تعمیر للندر 5",,,29-Apr-26,1728,,,,,,
,"$1,002,992 ",$155.28 ,,$64.40 ,"AFN 28,492,914","AFN 10,000",پرداخت معاش عبدال  کریم  ولد محمد زاهر بابت ماه حمل 1405,,,29-Apr-26,1729,,,,,,
,"$1,003,027 ",$35.56 ,,$64.40 ,"AFN 28,495,204","AFN 2,290",پرداخت معاش شریف الله ولد فیض محمد بابت ماه حمل 1405,,,29-Apr-26,1730,,,,,,
,"$1,003,036 ",$8.60 ,,$64.40 ,"AFN 28,495,758",AFN 554,"خریداری شیر, تخم مرغ , انرژی بابت للندر 5 توسط ادریس بابت مهمان های تعمیر للندر 5",,,29-Apr-26,1731,,,,,,
,"$1,003,961 ",$925.00 , $925.00 ,$64.40 ,"AFN 28,495,758",AFN 0,پرداخت برای فروشکاه آهن آلات نقشبندی بابت خریداری نل خوازه 2 ملی به تعمیر للندر 5 و استفاده آن در پروژه های للندر 4 و للندر 6,,,29-Apr-26,1732,,,,,,
,"$1,004,161 ",$200.00 ,,$64.40 ,"AFN 28,508,638","AFN 12,880",پرداخت برای تقی باب نصب سنگ نما بیرونی تعمیرللندر5,,,30-Apr-26,1733,,,,,,
,"$1,004,583 ",$422.36 ,,$64.40 ,"AFN 28,535,838","AFN 27,200",پرداخت برای خریداری جالی راویز به تعمیرللندر5,,,30-Apr-26,1734,,,,,,
,"$1,005,251 ",$667.70 ,,$64.40 ,"AFN 28,578,838","AFN 43,000",پرداخت برای شرکت برادران صمدی از مجموع بل نمبر 4875 بابت خریداری گرانیت 100/100 به تعمیرللندر5,,,30-Apr-26,1735,,,,,,
,"$1,006,906 ","$1,655.28 ",,$64.40 ,"AFN 28,685,438","AFN 106,600",پرداخت برای شرکت هرات الکتریک بابت خریداری کلچ امپیر و سیم آنتن و سیم 1.5 ملی به تعمیرللندر5,,,30-Apr-26,1736,,,,,,
,"$1,007,186 ",$279.50 ,,$64.40 ,"AFN 28,703,438","AFN 18,000","پرداخت برای محمد شریف بابت سیتم مکمل نلدوانی , مرکز گرمی , فاضلاب و آب  باران تعمیر للندر 5",,,30-Apr-26,1737,,,,,,
,"$1,007,388 ",$201.86 ,,$64.40 ,"AFN 28,716,438","AFN 13,000",پرداخت برای علی یاور جهانگیر بابت راویز کاری تعمیرللندر5,,,30-Apr-26,1738,,,,,,
,"$1,007,486 ",$97.83 ,,$64.40 ,"AFN 28,722,738","AFN 6,300",پرداخت اجرت روز مزد سید محمد بابت پلستر کاری و داغگیری نما بیرونی تعمیرللندر5 توسط ادریس چوکیدار پرداخت صورت گرفته ,,,30-Apr-26,1739,,,,,,
,"$1,008,285 ",$799.69 ,,$64.40 ,"AFN 28,774,238","AFN 51,500",پرداخت برای شرکت تجارتی آخندزاده از مجموع بل نمبر 30879 بابت خریداری گرانیت 100/100 به تعمیرللندر5,,,30-Apr-26,1740,,,,,,
,"$1,009,062 ",$776.40 ,,$64.40 ,"AFN 28,824,238","AFN 50,000","پرداخت برای مواد تعمیراتی و تخنیکی سید حسن موسوی از مجموع بل نمبر 1003 بابت خریداری زانو خم جوشی,سه راه جوشی و نل جوشی به تعمیرللندر5",,,30-Apr-26,1741,,,,,,
,"$1,009,142 ",$80.43 ,,$64.40 ,"AFN 28,829,418","AFN 5,180","پرداخت برای خورده فروشی خوستی بابت خریداری دک تیپ ,پل کتر ,دستکش ,تار رجه, کلمپ , پل کتر , سه ساکته , پل برمه آهنی به تعمیرللندر5",,,30-Apr-26,1742,,,,,,
,"$1,009,201 ",$59.01 ,,$64.40 ,"AFN 28,833,218","AFN 3,800",پرداخت برای شرکت عمده فروشی GH بابت خریداری کفشو 10/15 و 15/15 به تعمیرللندر5,,,30-Apr-26,1743,,,,,,
,"$1,009,205 ",$3.88 ,,$64.40 ,"AFN 28,833,468",AFN 250,خریداری کارت مبایل برای ادریس چوکیدار تعمیرللندر5,,,2-May-26,1744,,,,,,
,"$1,009,276 ",$71.43 ,,$64.40 ,"AFN 28,838,068","AFN 4,600",پرداخت اجرت بارگیری 220 کارتن کاشی های خریداری شده از شرکت برادران صمدی و کرای انتقال کاشی خریداری شده به تعمیرللندر5,,,3-May-26,1745,,,,,,
,"$1,010,394 ","$1,118.00 "," $1,118 ",$64.40 ,"AFN 28,838,068",AFN 0,پرداخت برای فروشگاه مواد تعمیراتی عبدالله ترکمنی بابت خریداری تخته پلایوت روسی 18 ملی به تعمیرللندر5 و استفاده آن به تعمیرللندر6,,,3-May-26,1746,,,,,,
,"$1,010,461 ",$67.08 ,,$64.40 ,"AFN 28,842,388","AFN 4,320",خریداری مواد کاشی کاری از شرکت کابل ترید به تعمیرللندر5,,,4-May-26,1747,,,,,,
,"$1,010,466 ",$4.66 ,,$64.40 ,"AFN 28,842,688",AFN 300,"خریداری 10 کواتر مبلایل ,فلتر مبلایل به تعمیرللندر5",,,4-May-26,1748,,,,,,
,"$1,010,474 ",$7.76 ,,$64.40 ,"AFN 28,843,188",AFN 500,پیش  پرداخت برای زین الله ولد محمد ظاهر بابت ماه ثور 1405,,,4-May-26,1749,,,,,,
,"$1,011,534 ","$1,060.56 ",,$64.40 ,"AFN 28,911,488","AFN 68,300",پرداخت برای فروشگاه ولیعصر بابت خریداری سنگ سیاه ایرانی سوپر همراه با کرای کارگر و کرای موتر به تعمیرللندر5,,,5-May-26,1750,,,,,,
,"$1,011,690 ",$155.28 ,,$64.40 ,"AFN 28,921,488","AFN 10,000",پرداخت برای محمد علی بابت تخریب دوبلکس تعمیرللندر5,,,5-May-26,1751,,,,,,
,"$1,013,560 ","$1,870.00 "," $1,870.00 ",$64.40 ,"AFN 28,921,488",AFN 0,"پرداخت برای فروشگاه آهن آلات نقشبندی بابت خریداری نل 2"" و نل خوازه 2 ملی به تعمیرللندر5",,,5-May-26,1752,,,,,,
,"$1,022,847 ","$9,287.00 "," $9,287.00 ",$64.40 ,"AFN 28,921,488",AFN 0,پرداخت برای فروشگاه مواد تعمیراتی عبدالله ترکمنی بابت خریداری تخته پلایوت 18 روسی به تعمیرللندر 5 و استفاده آن به تعمیرللندر6,,,5-May-26,1753,,,,,,
,"$1,022,901 ",$54.35 ,,$64.40 ,"AFN 28,924,988","AFN 3,500",خریداری نل هواکش بابت هواکش بابت تعمیرللندر5,,,5-May-26,1754,,,,,,
,"$1,023,050 ",$148.47 ,,$64.50 ,"AFN 28,934,564","AFN 9,576",خریداری تیل دیزل به جنراتور تعمیرللندر 5,,,5-May-26,1755,,,,,,
,"$1,023,199 ",$149.30 ,,$64.50 ,"AFN 28,944,194","AFN 9,630","خریداری ریگمال ,پالش ,پاس پاس ,پل الماسی به پالشکاری تعمیرللندر5",,,5-May-26,1756,,,,,,
,"$1,024,166 ",$967.44 ,,$64.50 ,"AFN 29,006,594","AFN 62,400",پرداخت برای فروشگاه آهن آلات نقشبندی بابت خریداری پروفیل 40/40 به تعمیرللندر5,,,5-May-26,1757,,,,,,
,"$1,024,248 ",$81.31 ,,$63.95 ,"AFN 29,011,794","AFN 5,200","پرداخت اجرت روز مزد 6 نقر کاریگر غلام حسن استاد کار,فدا حسین و احمد شاه کارگر به تعمیرللندر5",,,6-May-26,1758,,,,,,
,"$1,024,675 ",$427.87 ,,$63.57 ,"AFN 29,038,994","AFN 27,200",پرداخت برای خریداری جالی راویز به تعمیرللندر5,,,7-May-26,1759,,,,,,
,"$1,024,681 ",$5.27 ,,$63.57 ,"AFN 29,039,329",AFN 335,خریداری پل و شیربه مهمانان تعمیرللندر5,,,7-May-26,1760,,,,,,
,"$1,024,684 ",$3.46 ,,$63.57 ,"AFN 29,039,549",AFN 220,خریداری تار رجه و پل آهن بر به تعمیرللندر5,,,7-May-26,1761,,,,,,
,"$1,025,086 ",$401.45 ,,$63.57 ,"AFN 29,065,069","AFN 25,520",پرداخت برای شرکت جاغوری بابت خریداری سنگ سلپ نجف آباد و برشکاری به تعمیرللندر5,,,7-May-26,1762,,,,,,
,"$1,026,128 ","$1,042.16 ",,$63.57 ,"AFN 29,131,319","AFN 66,250",پرداخت برای شرکت جاغوری از درک پیش پرداخت  توسط حاجی عاشق الله به مبلغ 1000$ دالر امریکایی به تعمیرللندر5,,,7-May-26,1763,,,,,,
,"$1,026,207 ",$79.19 ,,$64.40 ,"AFN 29,136,419","AFN 5,100","پرداخت برای خورده فروشی خوستی بابت خریداری پل برمه ,دستکش ,سیخ ولدینگ ,ضد زنگ ,کارتک ,دولچه و دستکش به تعمیرللندر5",,,7-May-26,1764,,,,,,
,"$1,026,983 ",$776.40 ,,$64.40 ,"AFN 29,186,419","AFN 50,000",پرداخت برای شرکت آخند زاده از مجموع بل نمبر 30879 بابت خریداری گرانیت 100/100 به تعمیرللندر5,,,7-May-26,1765,,,,,,
,"$1,027,450 ",$466.12 ,,$64.40 ,"AFN 29,216,437","AFN 30,018",پرداخت و تصفیه حساب مکمل شرکت آریا دیکور بابت کناف کاری تشنابهای تعمیرللندر5,,,7-May-26,1766,,,,,,
,"$1,028,233 ",$783.70 ,,$63.80 ,"AFN 29,266,437","AFN 50,000",پرداخت برای کاشی فروشی براردان صمدی بابت خریداری گرانیت 100/100 به تعمیرللندر5,,,7-May-26,1767,,,,,,
,"$1,028,388 ",$155.17 ,,$63.80 ,"AFN 29,276,337","AFN 9,900","پرداخت برای کاکا بادام گل توسط روز الدین بابت خریداری ریگ خاکه ,انتقال ریگ از دارالامان به تعمیرللندر5",,,7-May-26,1768,,,,,,
,"$1,028,459 ",$70.53 ,,$63.80 ,"AFN 29,280,837","AFN 4,500",پرداخت برای کاکا بادام گل توسط روزالدین بابت انتقال چوب از گدام کارته سه به تعمیرللندر 6 و از تعمیرللندر 4 به تعمیرللندر5,,,7-May-26,1769,,,,,,
,"$1,029,726 ","$1,267.40 ",,$63.80 ,"AFN 29,361,697","AFN 80,860","پرداخت برای شرکت هرات الکتریک بابت خریداری ساکت ,سه ساکته یک پول, دوپول و سیم آنتن به تعمیرللندر5",,,7-May-26,1770,,,,,,
,"$1,029,780 ",$53.29 ,,$63.80 ,"AFN 29,365,097","AFN 3,400",پرداخت برای عبیدالله بابت خشت کاری و پلسترکاری تعمیرللندر5,,,7-May-26,1771,,,,,,
,"$1,029,795 ",$15.67 ,,$63.80 ,"AFN 29,366,097","AFN 1,000",پیش پرداخت برای میرویس ولد عبدالبصیر بابت ماه ثور 1405,,,7-May-26,1772,,,,,,
,"$1,029,874 ",$78.37 ,,$63.80 ,"AFN 29,371,097","AFN 5,000",پرداخت برای جمعه خان بابت کاشی کاری واحد های 4 اتاقه و 2 اتاقه تعمیرللندر5,,,7-May-26,1773,,,,,,
,"$1,029,952 ",$78.37 ,,$63.80 ,"AFN 29,376,097","AFN 5,000",پرداخت برای تقی بابت نصب سنگ نما بیرونی تعمیر للندر 5,,,7-May-26,1774,,,,,,
,"$1,030,030 ",$78.37 ,,$63.80 ,"AFN 29,381,097","AFN 5,000",پرداخت برای علی یاور بابت راویز کاری بالکن های تعمیرللندر5,,,7-May-26,1775,,,,,,
,"$1,030,407 ",$376.18 ,,$63.80 ,"AFN 29,405,097","AFN 24,000",پرداخت برای خریداری چسپ عقیق به تعمیرللندر5,,,7-May-26,1776,,,,,,
,"$1,030,477 ",$70.79 ,,$63.57 ,"AFN 29,409,597","AFN 4,500",خریداری پروفیل به تعمیرللندر5,,,9-May-26,1777,,,,,,
,"$1,030,548 ",$70.75 ,,$63.60 ,"AFN 29,414,097","AFN 4,500",خریداری تیل پطرول برای موتر لکسس به تعمیر للندر 5,,,9-May-26,1778,,,,,,
,"$1,030,614 ",$65.41 ,,$63.60 ,"AFN 29,418,257","AFN 4,160",خریداری چسپ از شرکت کابل ترید به تعمیرللندر5,,,10-May-26,1779,,,,,,
,"$1,032,526 ","$1,912.00 "," $1,912.00 ",$63.60 ,"AFN 29,418,257",AFN 0,پرداخت برای سمنت فروشی حاجی قاسم وردک بابت خریداری سمنت ایرانی به تعمیرللندر5,,,10-May-26,1780,,,,,,
,"$1,032,613 ",$87.26 ,,$63.60 ,"AFN 29,423,807","AFN 5,550",پرداخت اجرت روز مزد رحمت الله و محمد شفیع بابت راویز کاری تعمیرللندر5,,,11-May-26,1781,,,,,,
,"$1,032,695 ",$82.68 ,,$63.50 ,"AFN 29,429,057","AFN 5,250",پرداخت اجرت روز مزد رمضان بابت داغگیری های پلسترکاری که از مجموع عبدالله وضع میگردد,,,11-May-26,1782,,,,,,
,"$1,033,100 ",$404.66 ,,$63.50 ,"AFN 29,454,753","AFN 25,696",پرداخت و تصفیه حساب مکمل تقی بابت نصب سنگ نما بیرونی تعمیرللندر5,,,11-May-26,1783,,,,,,
,"$1,033,166 ",$66.04 ,,$63.60 ,"AFN 29,458,953","AFN 4,200",خریداری تیل پطرول به موتر لکسس بابت تعمیر للندر 5,,,12-May-26,1784,,,,,,
,"$1,033,466 ",$299.53 ,,$63.60 ,"AFN 29,478,003","AFN 19,050",پرداخت برای نورحسن بابت چپس کاری منزل آخر تعمیرللندر5,,,12-May-26,1785,,,,,,
,"$1,034,999 ","$1,533.02 ",,$63.60 ,"AFN 29,575,503","AFN 97,500",پرداخت برای شرکت تجارتی برادران صمدی بابت خریدرای گرانیت آیسلند سفید 100/100 به تعمیرللندر5,,,12-May-26,1786,,,,,,
,"$1,035,004 ",$5.50 ,,$63.60 ,"AFN 29,575,853",AFN 350,پرداخت کرای تکسی انتقال مواد راد های چوری دار از شرکت پاور اطلس و کرای تکسی انتقال مواد نلدوانی از شرکت اتحاد به تعمیرللندر5,,,13-May-26,1787,,,,,,
,"$1,035,020 ",$15.72 ,,$63.60 ,"AFN 29,576,853","AFN 1,000",خریداری کارت مبایل به خانه توسط مطیع الله ,,,13-May-26,1788,,,,,,
,"$1,035,051 ",$30.66 ,,$63.60 ,"AFN 29,578,803","AFN 1,950",پرداخت بارگیری کاشی های 100/100 از شرکت برادران صمدی و کرای موتر به تعمیرللندر5,,,13-May-26,1789,,,,,,
,"$1,035,074 ",$23.43 ,,$63.60 ,"AFN 29,580,293","AFN 1,490",خریداری نت و بولت به تعمیرللندر5,,,13-May-26,1790,,,,,,
,"$1,035,129 ",$55.03 ,,$63.60 ,"AFN 29,583,793","AFN 3,500",خریداری آهن پلیت 8 ملی 20/20 به تعمیرللندر5,,,13-May-26,1791,,,,,,
,"$1,035,133 ",$3.93 ,,$63.60 ,"AFN 29,584,043",AFN 250,خریداری کارت مبایل به مطیع الله سهاک ,,,13-May-26,1792,,,,,,
,"$1,035,144 ",$11.01 ,,$63.60 ,"AFN 29,584,743",AFN 700,خریداری پل کتر از شرکت کابل ترید به تعمیرللندر5,,,13-May-26,1793,,,,,,
,"$1,035,148 ",$4.09 ,,$63.60 ,"AFN 29,585,003",AFN 260,خریدرای بوره و مایع ظرفشویی به تعمیرللندر5,,,13-May-26,1794,,,,,,
,"$1,035,180 ",$31.45 ,,$63.60 ,"AFN 29,587,003","AFN 2,000",خریداری تیل پطرول برای موتر لکسس به تعمیر للندر 5,,,13-May-26,1795,,,,,,
,"$1,035,198 ",$18.87 ,,$63.60 ,"AFN 29,588,203","AFN 1,200",خریداری دوبل به تعمیرللندر5,,,13-May-26,1796,,,,,,
,"$1,035,214 ",$15.72 ,,$63.60 ,"AFN 29,589,203","AFN 1,000",پیش پرداخت برای شریف الله ولد فیض محمد بابت ماه ثور 1405,,,13-May-26,1797,,,,,,
,"$1,035,261 ",$47.17 ,,$63.60 ,"AFN 29,592,203","AFN 3,000",خریداری تیل پطرول به موتر لکسس بابت تعمیر للندر 5,,,14-May-26,1798,,,,,,
,"$1,035,651 ",$389.65 ,,$63.65 ,"AFN 29,617,004","AFN 24,801",پرداخت برای فروشگاه لوازم تشناب حاجی زاده بابت خریداری های تعمیرللندر5,,,14-May-26,1799,,,,,,
,"$1,035,761 ",$109.98 ,,$63.65 ,"AFN 29,624,004","AFN 7,000",پرداخت برای جمعه خان بابت کاشی کار بدست غلام علی بابت تعمیرللندر5,,,14-May-26,1800,,,,,,
,"$1,035,777 ",$15.71 ,,$63.65 ,"AFN 29,625,004","AFN 1,000",پیش پرداخت برای شریف الله ولد فیض محمد بابت ماه ثور 1405,,,14-May-26,1801,,,,,,
,"$1,035,792 ",$15.71 ,,$63.65 ,"AFN 29,626,004","AFN 1,000",پیش پرداخت برای زین الله ولد محمد ظاهر بابت ماه ثور 1405,,,14-May-26,1802,,,,,,
,"$1,035,888 ",$95.84 ,,$63.65 ,"AFN 29,632,104","AFN 6,100",پرداخت برای آغا ضیا سادات بابت خریداری ایزوگام به تشنابهای تعمیرللندر5,,,14-May-26,1803,,,,,,
,"$1,036,004 ",$115.48 ,,$63.65 ,"AFN 29,639,454","AFN 7,350","پرداخت برای خورده فروشی خوستی بابت خریداری مواد ضد عفونی  ضد زنگ ,سیخ ولدینگ,کارتک,گلماله ,دستکش , لابرتیپ ,پل آهنی ,تار رجه و غیره به تعمیرللندر5",,,14-May-26,1804,,,,,,
,"$1,036,396 ",$392.77 ,,$63.65 ,"AFN 29,664,454","AFN 25,000",پرداخت برای مواد تخنیکی سید حسن موسوی از مجموع بل نمبر 1003 به تعمیرللندر5,,,14-May-26,1805,,,,,,
,"$1,036,466 ",$69.91 ,,$63.65 ,"AFN 29,668,904","AFN 4,450","پرداخت برای فروشگاه رنگ تعمیراتی للندر بابت خریداری ضد زنگ ,تینر ,برس 3"" روغنی ,به تعمیرللندر5",,,14-May-26,1806,,,,,,
,"$1,038,765 ","$2,298.35 ",,$63.65 ,"AFN 29,815,194","AFN 146,290",پرداخت برای تجهیزات مدرن کابل بابت خریداری بست خوازه و چوری چک به تعمیرللندر5 و استفاده آن به تعمیرللندر6,,,14-May-26,1807,,,,,,
,"$1,038,944 ",$179.10 ,,$63.65 ,"AFN 29,826,594","AFN 11,400","پرداخت برای فروشگاه حسین نظری بابت خریدرای مواد کاشی کاری از قبیل اسکوپ ,کلپس سفید و صلیب به تعمیرللندر5",,,14-May-26,1808,,,,,,
,"$1,039,415 ",$471.33 ,,$63.65 ,"AFN 29,856,594","AFN 30,000",پرداخت برای شرکت تجارتی ببرک زاده جاغوری بابت خریداری سنگ نجف آباد به تعمیرللندر5,,,14-May-26,1809,,,,,,
,"$1,042,237 ","$2,822.00 "," $2,822.00 ",$63.65 ,"AFN 29,856,594",AFN 0,"پرداخت برای فروشگاه آهن آلات نقشبندی بابت خریدرای نل 2"" سیاه ,نل 1.5 انج سیاه و قطعی 100/100 به تعمیرللندر5",,,14-May-26,1810,,,,,,
,"$1,043,023 ",$785.55 ,,$63.65 ,"AFN 29,906,594","AFN 50,000",پرداخت برای شرکت تجارتی آخندزاده از درک بل نمبر 30879 بابت خریداری گرانیت 100/100 به تعمیرللندر5,,,14-May-26,1811,,,,,,
,"$1,043,808 ",$785.55 ,,$63.65 ,"AFN 29,956,594","AFN 50,000",پرداخت برای شرکت تجارتی برادران صمدی بابت خریدرای گرانیت آیسلند سفید 100/100 به تعمیرللندر5,,,14-May-26,1812,,,,,,
,"$1,044,594 ",$785.55 ,,$63.65 ,"AFN 30,006,594","AFN 50,000",پرداخت برای شرکت هرات الکتریک بابت خریداری مواد وسایل برقی به تعمیرللندر5,,,14-May-26,1813,,,,,,
,"$1,044,782 ",$188.53 ,,$63.65 ,"AFN 30,018,594","AFN 12,000",پیش پرداخت برای مطیع الله ولد محمد یونس بابت ماه ثور 1405,,,14-May-26,1814,,,,,,
,"$1,044,809 ",$26.71 ,,$63.65 ,"AFN 30,020,294","AFN 1,700",پرداخت برای خریداری کارت مبایل برای حاجی جاویدالله و حاجی صدیق الله ,,,14-May-26,1815,,,,,,
,"$1,044,849 ",$40.06 ,,$63.65 ,"AFN 30,022,844","AFN 2,550",پرداخت اجرت روز مزد علی سینا بابت راویز تعمیرللندر5,,,14-May-26,1816,,,,,,
,"$1,044,893 ",$43.99 ,,$63.65 ,"AFN 30,025,644","AFN 2,800",پرداخت اجرت روز مزد محمد شریف بابت راویز کاری تعمیرللندر5,,,14-May-26,1817,,,,,,
,"$1,044,924 ",$31.42 ,,$63.65 ,"AFN 30,027,644","AFN 2,000",پیش پرداخت برای گلریزبابت پلستر کاری بالکن های تعمیرللندر5,,,14-May-26,1818,,,,,,
,"$1,045,141 ",$216.81 ,,$63.65 ,"AFN 30,041,444","AFN 13,800",پرداخت برای خریداری جالی راویز به تعمیرللندر5,,,14-May-26,1819,,,,,,
,"$1,045,241 ",$99.92 ,,$63.65 ,"AFN 30,047,804","AFN 6,360",پیش پرداخت برای محمد سفر ولد محمد باقر بابت ماه ثور 1405,,,16-May-26,1820,,,,,,
,"$1,045,249 ",$7.86 ,,$63.65 ,"AFN 30,048,304",AFN 500,پرداخت کرای انتقال چسپ عقیق به تعمیرللندر 5,,,16-May-26,1821,,,,,,
,"$1,045,296 ",$47.35 ,,$63.65 ,"AFN 30,051,318","AFN 3,014",پرداخت برای  مصرف بل برق میتر تعمیرللندر5 بابت ماه حمل 1405,,,17-May-26,1822,,,,,,
,"$1,045,402 ",$106.05 ,,$63.65 ,"AFN 30,058,068","AFN 6,750",پرداخت اجرت روز مزد محمد بابت راویز کاری ناوه های بیرونی تعمیر للندر 5,,,18-May-26,1823,,,,,,
,"$1,045,473 ",$70.87 ,,$63.50 ,"AFN 30,062,568","AFN 4,500",پرداخت اجرت برش کاری کاشی های انتقال شده از شرکت برادران صمدی همراه با کرای جوالی به تعمیر للندر 5 و پرداخت کرای انتقال رفت و برگشت کاشی های برش کاری شده به تعمیر للندر5,,,19-May-26,1824,,,,,,
,"$1,045,477 ",$3.93 ,,$63.57 ,"AFN 30,062,818",AFN 250,خریداری گیلاس به تعمیر للندر 5,,,20-May-26,1825,,,,,,
,"$1,046,185 ",$707.88 ,,$63.57 ,"AFN 30,107,818","AFN 45,000",خریداری 150 عدد لایت به تعمیر للندر 5 از شرکت معراج کوتوال الکتریک,,,20-May-26,1826,,,,,,
,"$1,046,346 ",$161.08 ,,$63.57 ,"AFN 30,118,058","AFN 10,240",خریداری تیل دیزل برای جنراتور به تعمیر للندر 5,,,20-May-26,1827,,,,,,
,"$1,046,362 ",$15.73 ,,$63.57 ,"AFN 30,119,058","AFN 1,000",خریداری تیل پطرول به موتر لکسس بابت تعمیر للندر 5,,,20-May-26,1828,,,,,,
,"$1,046,378 ",$15.73 ,,$63.57 ,"AFN 30,120,058","AFN 1,000",خریداری تیل پطرول به موتر هایلکس بابت تعمیر للندر 5,,,20-May-26,1829,,,,,,
,"$1,046,381 ",$3.15 ,,$63.57 ,"AFN 30,120,258",AFN 200,پرداخت کرای انتقال گادر از تعمیرللندر 5 به باغ قاضی,,,20-May-26,1830,,,,,,
,"$1,046,397 ",$15.73 ,,$63.57 ,"AFN 30,121,258","AFN 1,000",پرداخت برای نثار احمد بخاطر تهیه و خریداری لباس به عید سعید قربان ,,,20-May-26,1831,,,,,,
,"$1,046,595 ",$198.60 ,,$63.57 ,"AFN 30,133,883","AFN 12,625",پرداخت اجرت روز مزد نثاراحمد و اضافه کاری های نثار احمد بابت کاشی کاری تعمیرللندر5,,,20-May-26,1832,,,,,,
,"$1,046,598 ",$3.15 ,,$63.57 ,"AFN 30,134,083",AFN 200,پرداخت کرای موتر بابت انتقال سیخ گول 8 ملی از تعمیرللند ر4 به للندر 5,,,20-May-26,1833,,,,,,
,"$1,047,699 ","$1,101.15 ",,$63.57 ,"AFN 30,204,083","AFN 70,000",پرداخت برای شرکت نجیب الله بگرام وال بابت خریداری سنگ به تعمیرللندر 5,,,21-May-26,1834,,,,,,
,"$1,047,831 ",$131.48 ,,$63.57 ,"AFN 30,212,441","AFN 8,358",پرداخت معاش عبدالمتین ولد نیک محمد کاریگرتعمیرللندر 5 بابت ماه ثور 1405,,,21-May-26,1835,,,,,,
,"$1,047,855 ",$23.60 ,,$63.57 ,"AFN 30,213,941","AFN 1,500",خریداری تیل پطرول برای موتر لکسس به تعمیر للندر 5,,,21-May-26,1836,,,,,,
,"$1,047,902 ",$47.02 ,,$63.80 ,"AFN 30,216,941","AFN 3,000",خریداری تیل پطرول برای موتر کرولای نقره یی بابت تعمیر للندر 5,,,23-May-26,1837,,,,,,
,"$1,047,925 ",$23.51 ,,$63.80 ,"AFN 30,218,441","AFN 1,500",پرداخت اجرت روز مزد محمد بابت راویز کاری ناوه های بیرونی تعمیر للندر 5,,,23-May-26,1838,,,,,,
,"$1,048,097 ",$172.41 ,,$63.80 ,"AFN 30,229,441","AFN 11,000",پرداخت برای گلریز بابت پلسترکاری های بیرونی تعمیرللندر 5,,,23-May-26,1839,,,,,,
,"$1,048,254 ",$156.74 ,,$63.80 ,"AFN 30,239,441","AFN 10,000",پرداخت برای جمعه کاشی کار تعمیرللندر 5,,,23-May-26,1840,,,,,,
,"$1,048,301 ",$47.02 ,,$63.80 ,"AFN 30,242,441","AFN 3,000",پیش پرداخت برای تاج الدین بابت ماه ثور 1405,,,23-May-26,1841,,,,,,
,"$1,051,263 ","$2,961.68 ",,$63.80 ,"AFN 30,431,396","AFN 188,955",پرداخت برای شرکت آخندزاده از درک واپسی بل نمبر 31344 از تعمیرللندر 5,,,23-May-26,1842,,,,,,
,"$1,051,264 ",$1.57 ,,$63.80 ,"AFN 30,431,496",AFN 100,پرداخت کرای تکسی ادریس از گدام شرکت آخند زاده به تعمیرللندر 5 بخاطر واپسی گرانیت ها,,,23-May-26,1843,,,,,,
,"$1,051,304 ",$39.18 ,,$63.80 ,"AFN 30,433,996","AFN 2,500",پرداخت اجرت پائین نمودن گرانیت های واپس شده وکرای انتقال گرانیت های واپس شده به شرکت آخندزاده از تعمیرللندر5,,,23-May-26,1844,,,,,,
,"$1,051,351 ",$47.10 ,,$63.70 ,"AFN 30,436,996","AFN 3,000",خریداری تیل پطرول به موتری لکسس به للندر 5,,,24-May-26,1845,,,,,,
,"$1,053,205 ","$1,854.00 "," $1,854.00 ",$63.90 ,"AFN 30,436,996",AFN 0,پرداخت برای حاجی بصیر سمنت فروش بابت خریداری سمنت ایرانی به تعمیرللندر5 و اجرا آن توسط چک نمبر 2429 از صرافی سرای شهزاده خانی گل,,,24-May-26,1846,,,,,,
,"$1,053,368 ",$162.82 ,,$63.90 ,"AFN 30,447,400","AFN 10,404",پرداخت برای خبازی عبدالمطلب بغلانی بابت خریداری نان خشک به تعمیر للندر 5 بابت ماه ثور 1405,,,25-May-26,1847,,,,,,
,"$1,053,375 ",$7.82 ,,$63.90 ,"AFN 30,447,900",AFN 500,پرداخت برای گلریز پلستر کار بالکن های للندر5 بطور بخششی توسط حاجی عاشق الله بخاطر تهیه لباس ,,,25-May-26,1848,,,,,,
,"$1,054,158 ",$782.47 ,,$63.90 ,"AFN 30,497,900","AFN 50,000",پرداخت برای گلریز بابت پلسترکاری بالکن های تعمیرللندر5,,,25-May-26,1849,,,,,,
,"$1,054,549 ",$391.24 ,,$63.90 ,"AFN 30,522,900","AFN 25,000",پرداخت برای نورحسن بابت چپس کاری منزل آخر تعمیرللندر5,,,25-May-26,1850,,,,,,
,"$1,054,690 ",$140.85 ,,$63.90 ,"AFN 30,531,900","AFN 9,000",پرداخت معاش باقیمانده میرویس ولد رضا کاریگر تعمیرللندر 5 بابت ماه ثور 1405,,,25-May-26,1851,,,,,,
,"$1,054,788 ",$97.65 ,,$63.90 ,"AFN 30,538,140","AFN 6,240",پرداخت برای نعمان بابت حلبی سازی سر پراپت وال های تعمیرللندر5,,,25-May-26,1852,,,,,,
,"$1,055,570 ",$782.47 ,,$63.90 ,"AFN 30,588,140","AFN 50,000",پرداخت برای شرکت هرات الکتریک از مجموع بل نمبر 1667 بابت خریداری وسایل برقی به تعمیرللندر5,,,25-May-26,1853,,,,,,
,"$1,055,897 ",$327.07 ,,$63.90 ,"AFN 30,609,040","AFN 20,900","پرداخت برای شرکت MAX بابت ترمیم برمه , ترمیم ماشین ولدینگ خرید برمه ایستاده به تعمیرللندر5",,,25-May-26,1854,,,,,,
,"$1,056,326 ",$428.79 ,,$63.90 ,"AFN 30,636,440","AFN 27,400","پرداخت برای کاکا بادام گل توسط روزالدین بابت انتقال ریگ از دارالامان ,خرید ریگ خاکه ,انتقال چوب جک ها از للندر 5 به للندر 6",,,25-May-26,1855,,,,,,
,"$1,057,108 ",$782.47 ,,$63.90 ,"AFN 30,686,440","AFN 50,000",پرداخت برای شرکت برادران صمدی بابت خریداری گرانیت آیسلند سفید به تعمیرللندر 5 از مجموع بل نمبر 6056 ,,,25-May-26,1856,,,,,,
,"$1,057,301 ",$192.64 ,,$63.90 ,"AFN 30,698,750","AFN 12,310",پرداخت برای  جمعه + غلام علی کاشی کار تعمیرللندر5,,,25-May-26,1857,,,,,,
,"$1,057,332 ",$31.30 ,,$63.90 ,"AFN 30,700,750","AFN 2,000",پرداخت معاش باقیمانده مطیع الله سهاک بابت ماه ثور 1405,,,25-May-26,1858,,,,,,
,"$1,057,392 ",$59.86 ,,$63.90 ,"AFN 30,704,575","AFN 3,825",پرداخت اجرت 4.5 روزه راویز کاری و بسته کاری جالی های روایز به تعمیرللندر5,,,25-May-26,1859,,,,,,
,"$1,057,549 ",$156.49 ,,$63.90 ,"AFN 30,714,575","AFN 10,000",پرداخت برای محمد شریف بابت سیستم مکمل نلدوانی تعمیرللندر5,,,25-May-26,1860,,,,,,
,"$1,057,690 ",$141.35 ,,$63.90 ,"AFN 30,723,607","AFN 9,032",پرداخت معاش محمد سرور ولد طالب بابت ماه ثور 1405,,,25-May-26,1861,,,,,,
,"$1,058,276 ",$585.59 ,,$63.90 ,"AFN 30,761,026","AFN 37,419",پراخت معاش نجیب الله ولد عبدالشکور بابت ماه ثور 1405,,,25-May-26,1862,,,,,,
,"$1,058,439 ",$163.57 ,,$63.90 ,"AFN 30,771,478","AFN 10,452",پرداخت معاش هارون ولد فضل الرحمن بابت ماه ثور 1405,,,25-May-26,1863,,,,,,
,"$1,058,486 ",$46.95 ,,$63.90 ,"AFN 30,774,478","AFN 3,000",پرداخت اجرت روز مزد شیر علی بابت 7.5 روزه فی روز 400 افغانی گاریگر تعمیرللندر5,,,25-May-26,1864,,,,,,
,"$1,058,659 ",$173.22 ,,$63.90 ,"AFN 30,785,547","AFN 11,069",پرداخت معاش محمد سفر ولد محمد باقر بابت ماه ثور 1405,,,25-May-26,1865,,,,,,
,"$1,059,129 ",$469.48 ,,$63.90 ,"AFN 30,815,547","AFN 30,000",پرداخت برای شرکت تجارتی ببرک زاده جاغوری بابت خریداری سنگ نجف آباد از مجموع بل نمبر 1177 به تعمیرللندر5,,,25-May-26,1866,,,,,,
,"$1,060,015 ",$885.76 ,,$63.90 ,"AFN 30,872,147","AFN 56,600","پرداخت برای شرکت آهن آلات نقشبندی بابت خریدرای لارند 4.5 ملی ,پروفیل 50/50 دو ملی و پروفیل 40/20 و 50/50 به تعمیرللندر5",,,25-May-26,1867,,,,,,
,"$1,060,089 ",$74.21 ,,$63.90 ,"AFN 30,876,889","AFN 4,742",پرداخت معاش باقیمانده تاج الدین ولد غوث الدین بابت ماه ثور 1405,,,ل,1868,,,,,,
,"$1,061,654 ","$1,564.95 ",,$63.90 ,"AFN 30,976,889","AFN 100,000","پرداخت برای شرکت نوی درواز بدخشان بابت خریداری کمود ایستاده ,و سیت شاور به تشنابهای تعمیرللندر5",,,25-May-26,1869,,,,,,
,"$1,062,436 ",$782.47 ,,$63.90 ,"AFN 31,026,889","AFN 50,000",پرداخت برای شرکت تجارتی آخندزاده بابت خریداری گرانیت 100/100 از مجموع بل نمبر 30879 به تعمیرللندر5,,,25-May-26,1870,,,,,,
,"$1,062,571 ",$134.79 ,,$63.90 ,"AFN 31,035,502","AFN 8,613",پرداخت معاش شریف الله ولد فیض محمد بابت ماه ثور 1405,,,25-May-26,1871,,,,,,
,"$1,062,699 ",$127.97 ,,$63.90 ,"AFN 31,043,679","AFN 8,177",پرداخت معاش زین الله ولد محمد ظاهر بابت ماه ثور 1405,,,25-May-26,1872,,,,,,
,"$1,062,707 ",$8.14 ,,$63.90 ,"AFN 31,044,199",AFN 520,خریداری تخم مرغ وطنی توسط ادریس خانه ,1-Jun-26,خریداری تخم مرغ وطنی توسط ادریس خانه ,1-Jun-26,1873,,,,,,
,"$1,062,714 ",$6.73 ,,$63.90 ,"AFN 31,044,629",AFN 430,"خریداری چای سبز , بوره و مایع ظرفشویی به تعمیرللندر5",1-Jun-26,"خریداری چای سبز , بوره و مایع ظرفشویی به تعمیرللندر5",1-Jun-26,1874,,,,,,
,"$1,063,157 ",$442.88 ,,$63.90 ,"AFN 31,072,929","AFN 28,300",خریداری آهن پلیت 5 ملی 10/10 به تعمیرللندر5,1-Jun-26,خریداری آهن پلیت 5 ملی 10/10 به تعمیرللندر5,1-Jun-26,1875,,,,,,
,"$1,063,168 ",$10.95 ,,$63.90 ,"AFN 31,073,629",AFN 700,پرداخت اجرت بارگیری کاشی 100/100 از شرکت برادران صمدی و کرای انتقال کاشی های خریداری شده از شرکت برادران صمدی به تعمیرللندر5,1-Jun-26,پرداخت اجرت بارگیری کاشی 100/100 از شرکت برادران صمدی و کرای انتقال کاشی های خریداری شده از شرکت برادران صمدی به تعمیرللندر5,1-Jun-26,1876,,,,,,
,"$1,063,183 ",$15.65 ,,$63.90 ,"AFN 31,074,629","AFN 1,000",پرداخت برای گلریز بابت پلسترکاری بالکن های بیرونی تعمیرللندر5,1-Jun-26,پرداخت برای گلریز بابت پلسترکاری بالکن های بیرونی تعمیرللندر5,1-Jun-26,1877,,,,,,
,"$1,067,833 ","$4,650.00 "," $4,650 ",$63.90 ,"AFN 31,074,629",AFN 0,پرداخت برای شرکت هرات نت و بولت بابت خریداری لوله سیاه 5 سانتی و 6 سانتی به تعمیرللندر 5 و استفاده آن به تعمیرللندر 6 و اجرا پرداخت آن توسط چک نمبر 2431 از صرافی خانی گل سرای شهزاده ,1-Jun-26,پرداخت برای شرکت هرات نت و بولت بابت خریداری لوله سیاه 5 سانتی و 6 سانتی به تعمیرللندر 5 و استفاده آن به تعمیرللندر 6 و اجرا پرداخت آن توسط چک نمبر 2431 از صرافی خانی گل سرای شهزاده ,1-Jun-26,1878,,,,,,
,"$1,067,836 ",$2.35 ,,$63.90 ,"AFN 31,074,779",AFN 150,پرداخت کرای انتقال مواد نلدوانی از شرکت پاور اطلس به تعمیرللندر 5,,,2-Jun-26,1879,,,,,,
,"$1,067,898 ",$62.60 ,,$63.90 ,"AFN 31,078,779","AFN 4,000",پرداخت برای محمد شریف بابت سیستم مکمل نلدوانی تعمیرللندر 5,,,2-Jun-26,1880,,,,,,
,"$1,067,901 ",$2.35 ,,$63.90 ,"AFN 31,078,929",AFN 150,پرداخت کرای موتر کاریگران از تعمیرللندر6 به للندر5,3-Jun-26,پرداخت کرای موتر کاریگران از تعمیرللندر6 به للندر5,3-Jun-26,1881,,,,,,
,"$1,067,979 ",$78.25 ,,$63.90 ,"AFN 31,083,929","AFN 5,000",پرداخت برای نصرت بابت رنگمالی بیرونی تعمیرللندر5,3-Jun-26,پرداخت برای نصرت بابت ریگمالی بیرونی تعمیرللندر5,3-Jun-26,1882,,,,,,
,"$1,068,010 ",$31.30 ,,$63.90 ,"AFN 31,085,929","AFN 2,000",پرداخت برای گلریز بابت پلستر کاری بالکن های تعمیرللندر5,3-Jun-26,پرداخت برای گلریز بابت پلستر کاری بالکن های تعمیرللندر5,3-Jun-26,1883,,,,,,
,"$1,068,013 ",$3.13 ,,$64.00 ,"AFN 31,086,129",AFN 200,پرداخت برای ادریس چوکیدار بخاطر خریداری میوه به فامیلش,4-Jun-26,پرداخت برای ادریس چوکیدار بخاطر خریداری میوه به فامیلش,4-Jun-26,1884,,,,,,
,"$1,068,091 ",$78.13 ,,$64.00 ,"AFN 31,091,129","AFN 5,000",پرداخت اجرت روز مزد محمد نور خوازه کار تعمیرللندر 5 ,4-Jun-26,پرداخت اجرت روز مزد محمد نور خوازه کار تعمیرللندر 5 ,4-Jun-26,1885,,,,,,
,"$1,068,166 ",$75.00 ,,$64.00 ,"AFN 31,095,929","AFN 4,800","پرداخت اجرت روز مزد 3 روزه گلریز گلکار بابت داغگیری های للندر 5 , اجرت روز مزد 3 روزه کاریگارن عبدالولی و نیاز ولی بابت داغگیری های تعمیرللندر 5",4-Jun-26,"پرداخت اجرت روز مزد 3 روزه گلریز گلکار بابت داغگیری های للندر 5 , اجرت روز مزد 3 روزه کاریگارن عبدالولی و نیاز ولی بابت داغگیری های تعمیرللندر 5",4-Jun-26,1886,,,,,,
,"$1,068,182 ",$15.63 ,,$64.00 ,"AFN 31,096,929","AFN 1,000",پرداخت برای گلریز بابت پلسترکاری بالکن های تعمیرللندر5,6-Jun-26,پرداخت برای گلریز بابت پلسترکاری بالکن های تعمیرللندر5,6-Jun-26,1887,,,,,,
,"$1,068,245 ",$62.50 ,,$64.00 ,"AFN 31,100,929","AFN 4,000",پرداخت اجرت دو نفر پلستر کار و 8 نفر کاریگر بابت داغگیری های بیرونی تعمیرللندر5,6-Jun-26,پرداخت اجرت دو نفر پلستر کار و 8 نفر کاریگر بابت داغگیری های بیرونی تعمیرللندر5,6-Jun-26,1888,,,,,,
,"$1,068,323 ",$78.13 ,,$64.00 ,"AFN 31,105,929","AFN 5,000",پرداخت برای نصرت بابت رنگمالی بیرونی تعمیرللندر5,6-Jun-26,پرداخت برای نصرت بابت رنگمالی بیرونی تعمیرللندر5,6-Jun-26,1889,,,,,,
,"$1,068,373 ",$50.63 ,,$64.00 ,"AFN 31,109,169","AFN 3,240","خریداری 7 کواتر مبلایل ,فلتر مبلایل و فلتر دیزل به جنراتور تعمیرللندر 5",8-Jun-26,"خریداری 7 کواتر مبلایل ,فلتر مبلایل و فلتر دیزل به جنراتور تعمیرللندر 5",8-Jun-26,1890,,,,,,
,"$1,069,490 ","$1,116.41 ",,$64.00 ,"AFN 31,180,619","AFN 71,450",پرداخت برای خریداری بست خوازه به تعمیرللندر5,9-Jun-26,پرداخت برای خریداری بست خوازه به تعمیرللندر5,9-Jun-26,1891,,,,,,
,"$1,069,537 ",$46.88 ,,$64.00 ,"AFN 31,183,619","AFN 3,000",پرداخت برای مبلایل تبدیلی و فلتر موتر هایلکس تعمیرللندر5,9-Jun-26,پرداخت برای مبلایل تبدیلی و فلتر موتر هایلکس تعمیرللندر5,9-Jun-26,1892,,,,,,
,"$1,069,630 ",$93.75 ,,$64.00 ,"AFN 31,189,619","AFN 6,000",پرداخت برای گلریز بابت پلسترکاری تعمیرللندر5,9-Jun-26,پرداخت برای گلریز بابت پلسترکاری تعمیرللندر5,9-Jun-26,1893,,,,,,
,"$1,069,646 ",$15.63 ,,$64.00 ,"AFN 31,190,619","AFN 1,000",پیش پرداخت برای شریف الله ولد فیض محمد بابت جوزا 1405,9-Jun-26,پیش پرداخت برای شریف الله ولد فیض محمد بابت جوزا 1405,9-Jun-26,1894,,,,,,
,"$1,069,683 ",$37.50 ,,$64.00 ,"AFN 31,193,019","AFN 2,400",پرداخت برای برش کاری گراینت های 100/100 از شرکت صمدی به تعمیرللندر5,10-Jun-26,پرداخت برای برش کاری گراینت های 100/100 از شرکت صمدی به تعمیرللندر5,10-Jun-26,1895,,,,,,
,"$1,069,981 ",$297.45 ,,$64.00 ,"AFN 31,212,056","AFN 19,037",پرداخت برای تصفیه حساب مکمل گلریز بابت پلستر کاری های تعمیرللندر5,10-Jun-26,پرداخت برای تصفیه حساب مکمل گلریز بابت پلستر کاری های تعمیرللندر5,10-Jun-26,1896,,,,,,
,"$1,073,525 ","$3,543.59 ",,$64.00 ,"AFN 31,438,846","AFN 226,790",خریداری تخته 16 ملی و 8 ملی و نوار کاری به تعمیرللندر5,10-Jun-26,خریداری تخته 16 ملی و 8 ملی و نوار کاری به تعمیرللندر5,10-Jun-26,1897,,,,,,
,"$1,073,642 ",$117.34 ,,$64.00 ,"AFN 31,446,356","AFN 7,510","خریداری چپراس ,چینل 18 به تعمیرللندر5",10-Jun-26,"خریداری چپراس ,چینل 18 به تعمیرللندر5",10-Jun-26,1898,,,,,,
,"$1,073,689 ",$46.88 ,,$64.00 ,"AFN 31,449,356","AFN 3,000",پرداخت برای محمد شریف نلدوان تعمیرللندر5,10-Jun-26,پرداخت برای محمد شریف نلدوان تعمیرللندر5,10-Jun-26,1899,,,,,,
,"$1,073,705 ",$16.41 ,,$64.00 ,"AFN 31,450,406","AFN 1,050",پرداخت اجرت روز مزد سه روزه محمد بصیر باب کار در زمین دارالامان و کارته سه ,,,10-Jun-26,1900,,,,,,
,"$1,074,713 ","$1,007.81 ",,$64.00 ,"AFN 31,514,906","AFN 64,500",,11-Jun-26,پرداخت برای شرکت هرات الکتریک از مجموع بل نمبر 1667 بدست موسی بابت خریداری مواد به تعمیرللندر 5,11-Jun-26,1901,,,,,,
,"$1,074,958 ",$244.69 ,,$64.00 ,"AFN 31,530,566","AFN 15,660",پرداخت برای دوکان خوستی بابت خریداری های متفرقه به تعمیرللندر5,11-Jun-26,پرداخت برای دوکان خوستی بابت خریداری های متفرقه به تعمیرللندر5,11-Jun-26,1902,,,,,,
پرداخت برای شرکت هرات الکتریک از مجموع بل نمبر 1667 بدست موسی بابت خریداری مواد به تعمیرللندر 5,"$1,075,052 ",$94.38 ,,$64.00 ,"AFN 31,536,606","AFN 6,040","خریداری کجک ,بست ,پیچ , چسپ و پایه برای نجاری تعمیرللندر 5",11-Jun-26,"خریداری کجک ,بست ,پیچ , چسپ و پایه برای نجاری تعمیرللندر 5",11-Jun-26,1903,,,,,,
,"$1,075,833 ",$781.25 ,,$64.00 ,"AFN 31,586,606","AFN 50,000",پرداخت برای شرکت آخند زاده از مجموع بل نمبر 30879 بابت خریداری گرانیت 100/100 به تعمیرللندر5,11-Jun-26,پرداخت برای شرکت آخند زاده از مجموع بل نمبر 30879 بابت خریداری گرانیت 100/100 به تعمیرللندر5,11-Jun-26,1904,,,,,,
,"$1,076,982 ","$1,148.44 ",,$64.00 ,"AFN 31,660,106","AFN 73,500",پرداخت برای شرکت تجارتی برادران صمدی از بابت خریداری گرانیت 100/100 به تعمیرللندر5,11-Jun-26,پرداخت برای شرکت تجارتی برادران صمدی از بابت خریداری گرانیت 100/100 به تعمیرللندر5,11-Jun-26,1905,,,,,,
,"$1,077,284 ",$302.34 ,,$64.00 ,"AFN 31,679,456","AFN 19,350",پرداخت برا ی ترکان رابیتس بابت خریداری جالی راویز به تعمیرللندر5,11-Jun-26,پرداخت برا ی ترکان رابیتس بابت خریداری جالی راویز به تعمیرللندر5,11-Jun-26,1906,,,,,,
,"$1,078,065 ",$781.25 ,,$64.00 ,"AFN 31,729,456","AFN 50,000","پرداخت برای شرکت درواز بدخشان بابت خریداری کمود های ایستاده ,سیت های شاور و غیره وسایل به تشنابهای تعمیرللندر5",11-Jun-26,"پرداخت برای شرکت درواز بدخشان بابت خریداری کمود های ایستاده ,سیت های شاور و غیره وسایل به تشنابهای تعمیرللندر5",11-Jun-26,1907,,,,,,
,"$1,078,368 ",$302.34 ,,$64.00 ,"AFN 31,748,806","AFN 19,350",پرداخت برای شرکت ببرک جاغوری بابت خریداری سنگ نجف آباد به تعمیرللندر5 از مجموع بل نمبر 1177,11-Jun-26,پرداخت برای شرکت ببرک جاغوری بابت خریداری سنگ نجف آباد به تعمیرللندر5 از مجموع بل نمبر 1177,11-Jun-26,1908,,,,,,
,"$1,078,516 ",$148.44 ,,$64.00 ,"AFN 31,758,306","AFN 9,500",پرداخت برای خریداری چسپ عقیق به تعمیرللندر5,11-Jun-26,پرداخت برای خریداری چسپ عقیق به تعمیرللندر5,11-Jun-26,1909,,,,,,
,"$1,078,672 ",$156.25 ,,$64.00 ,"AFN 31,768,306","AFN 10,000",پرداخت برای محمد علی بابت تخریب دوبلکس تعمیرللندر5,11-Jun-26,پرداخت برای محمد علی بابت تخریب دوبلکس تعمیرللندر5,11-Jun-26,1910,,,,,,
,"$1,078,704 ",$31.25 ,,$64.00 ,"AFN 31,770,306","AFN 2,000",خریداری تیل پطرول به موتر هایلکس ,11-Jun-26,خریداری تیل پطرول به موتر هایلکس ,11-Jun-26,1911,,,,,,
,"$1,078,718 ",$14.06 ,,$64.00 ,"AFN 31,771,206",AFN 900,خریداری تیل پطرول به موتر لکسس,11-Jun-26,خریداری تیل پطرول به موتر لکسس,11-Jun-26,1912,,,,,,
,"$1,078,727 ",$9.38 ,,$64.00 ,"AFN 31,771,806",AFN 600,خریداری رول ایپوکسی به رنگمالی بیرونی تعمیر للندر5,11-Jun-26,خریداری رول ایپوکسی به رنگمالی بیرونی تعمیر للندر5,11-Jun-26,1913,,,,,,
,"$1,079,023 ",$295.49 ,,$64.30 ,"AFN 31,790,806","AFN 19,000",پرداخت برای نصرت الله رنگمال بیرونی تعمیرللندر5,13-Jun-26,پرداخت برای نصرت الله رنگمال بیرونی تعمیرللندر5,13-Jun-26,1914,,,,,,
,"$1,079,038 ",$15.55 ,,$64.30 ,"AFN 31,791,806","AFN 1,000",پیش پرداخت برای نجیب الله ولد عبدالشکور بابت ماه جوزا 1405,13-Jun-26,پیش پرداخت برای نجیب الله ولد عبدالشکور بابت ماه جوزا 1405,13-Jun-26,1915,,,,,,
,"$1,079,194 ",$155.52 ,,$64.30 ,"AFN 31,801,806","AFN 10,000",پرداخت برای تقی بابت نصب سنگ های زینه تعمیرللندر5,13-Jun-26,پرداخت برای تقی بابت نصب سنگ های زینه تعمیرللندر5,13-Jun-26,1916,,,,,,
,"$1,079,196 ",$2.80 ,,$64.30 ,"AFN 31,801,986",AFN 180,خریداری وال و پنچری موتر هایلکس و آب معدنی به تعمیرللندر5,14-Jun-26,خریداری وال و پنچری موتر هایلکس و آب معدنی به تعمیرللندر5,14-Jun-26,1917,,,,,,
,"$1,079,220 ",$23.33 ,,$64.30 ,"AFN 31,803,486","AFN 1,500",خریداری تیل پطرول به موتر لکسس,14-Jun-26,خریداری تیل پطرول به موتر لکسس,14-Jun-26,1918,,,,,,
,"$1,079,225 ",$5.44 ,,$64.30 ,"AFN 31,803,836",AFN 350,"خریداری دبل 8 ملی ,پیچ واشل دار , پل برمه 8 ملی مکتا و 8 ملی آهنی به تعمیرللندر 5",14-Jun-26,"خریداری دبل 8 ملی ,پیچ واشل دار , پل برمه 8 ملی مکتا و 8 ملی آهنی به تعمیرللندر 5",14-Jun-26,1919,,,,,,
,"$1,079,473 ",$248.06 ,,$64.30 ,"AFN 31,819,786","AFN 15,950",خریداری صندوق اطفائیه 50/50 به دهلیز های عمومی تعمیرللندر5,14-Jun-26,خریداری صندوق اطفائیه 50/50 به دهلیز های عمومی تعمیرللندر5,14-Jun-26,1920,,,,,,
,"$1,079,478 ",$4.67 ,,$64.30 ,"AFN 31,820,086",AFN 300,پرداخت کرای تکسی انتقال صندوق های اطفائیه به تعمیرللندر5,14-Jun-26,پرداخت کرای تکسی انتقال صندوق های اطفائیه به تعمیرللندر5,14-Jun-26,1921,,,,,,
,"$1,079,946 ",$468.12 ,,$64.30 ,"AFN 31,850,186","AFN 30,100","پرداخت برای کاکا بادام گل توسط روز الدین کرای انتقال جکهای از للندر 5 به للندر 6 ,کرای انتقال جغل از دارالامان به للندر 4, انتقال خوازه و چوب از للندر 5 به للندر 4 ,انتقال پرانه , ریگ خاکه و انتقال ریگ به للندر 5 و خریداری خشت اول به تعمیرللندر 5",14-Jun-26,"پرداخت برای کاکا بادام گل توسط روز الدین کرای انتقال جکهای از للندر 5 به للندر 6 ,کرای انتقال جغل از دارالامان به للندر 4, انتقال خوازه و چوب از للندر 5 به للندر 4 ,انتقال پرانه , ریگ خاکه و انتقال ریگ به للندر 5 و خریداری خشت اول به تعمیرللندر 5",14-Jun-26,1922,,,,,,
,"$1,080,000 ",$54.43 ,,$64.30 ,"AFN 31,853,686","AFN 3,500",پرداخت برای کناف کار تشنابهای منزل ششم واحد 4 اطاقه طرف سرک داخل هال تعمیرللندر5,14-Jun-26,پرداخت برای کناف کار تشنابهای منزل ششم واحد 4 اطاقه طرف سرک داخل هال تعمیرللندر5,14-Jun-26,1923,,,,,,
,"$1,080,106 ",$105.75 ,,$64.30 ,"AFN 31,860,486","AFN 6,800",پرداخت برای خیاطی خان فیشن بابت تهیه لباس برای کاریگران تعمیرللندر5,14-Jun-26,پرداخت برای خیاطی خان فیشن بابت تهیه لباس برای کاریگران تعمیرللندر5,14-Jun-26,1924,,,,,,
,"$1,080,145 ",$38.88 ,,$64.30 ,"AFN 31,862,986","AFN 2,500",پرداخت برای تقی کاشی کار بابت نصب سنگ زینه های تعمیرللندر 5 توسط حاجی عاشق الله در ساحه کاری,16-Jun-26,پرداخت برای تقی کاشی کار بابت نصب سنگ زینه های تعمیرللندر 5 توسط حاجی عاشق الله در ساحه کاری,16-Jun-26,1925,,,,,,
,"$1,080,218 ",$73.09 ,,$64.30 ,"AFN 31,867,686","AFN 4,700",خریداری تیل پطرول به موتر هایلکس,17-Jun-26,خریداری تیل پطرول به موتر هایلکس,17-Jun-26,1926,,,,,,
,"$1,081,218 ","$1,000.00 ",,$64.30 ,"AFN 31,931,986","AFN 64,300",پرداخت برای شرکت نجیب الله بگرام وال بابت سنگ گلکسی به تعمیرللندر5,17-Jun-26,پرداخت برای شرکت نجیب الله بگرام وال بابت سنگ گلکسی به تعمیرللندر5,17-Jun-26,1927,,,,,,
,"$1,081,234 ",$15.55 ,,$64.30 ,"AFN 31,932,986","AFN 1,000",پیش پرداختب برای محمد سفر ولد محمد باقر بابت ماه جوزا 1405,17-Jun-26,پیش پرداختب برای محمد سفر ولد محمد باقر بابت ماه جوزا 1405,17-Jun-26,1928,,,,,,
,"$1,081,834 ",$600.00 ,,$64.40 ,"AFN 31,971,626","AFN 38,640",پرداخت برای شرکت تجارتی آخندزاده بابت خریدرای گرانیت 100/100 به تعمیرللندر5,18-Jun-26,پرداخت برای شرکت تجارتی آخندزاده بابت خریدرای گرانیت 100/100 به تعمیرللندر5,18-Jun-26,1929,,,,,,
,"$1,082,005 ",$170.81 ,,$64.40 ,"AFN 31,982,626","AFN 11,000",پرداخت برای مواد تعمیراتی و تخنیکی سید حسن موسوی بابت خریداری بال وال فولادی 10 سود به تعمیرللندر5,18-Jun-26,پرداخت برای مواد تعمیراتی و تخنیکی سید حسن موسوی بابت خریداری بال وال فولادی 10 سود به تعمیرللندر5,18-Jun-26,1930,,,,,,
,"$1,082,522 ",$517.08 ,,$64.40 ,"AFN 32,015,926","AFN 33,300",پرداخت برای شرکت آهن آلات نقشبندی بابت خریداری پروفیل 50/50 دو ملی به تعمیرللندر5,18-Jun-26,پرداخت برای شرکت آهن آلات نقشبندی بابت خریداری پروفیل 50/50 دو ملی به تعمیرللندر5,18-Jun-26,1931,,,,,,
,"$1,083,204 ",$682.30 ,,$64.40 ,"AFN 32,059,866","AFN 43,940",پرداخت برای شرکت تجارتی برادران صمدی بابت خریدرای گرانیت 100/100 به تعمیرللندر5,18-Jun-26,پرداخت برای شرکت تجارتی برادران صمدی بابت خریدرای گرانیت 100/100 به تعمیرللندر5,18-Jun-26,1932,,,,,,
,"$1,083,216 ",$12.42 ,,$64.40 ,"AFN 32,060,666",AFN 800,خریداری دبل 16/120 به تعمیرللندر5,18-Jun-26,خریداری دبل 16/120 به تعمیرللندر5,18-Jun-26,1933,,,,,,
,"$1,083,218 ",$1.86 ,,$64.40 ,"AFN 32,060,786",AFN 120,خریداری مایع ظرفشویی به تعمیرللندر 5,18-Jun-26,خریداری مایع ظرفشویی به تعمیرللندر 5,18-Jun-26,1934,,,,,,
,"$1,083,296 ",$77.52 ,,$64.50 ,"AFN 32,065,786","AFN 5,000",پرداخت برای نقیب الله بابت گچ کاری های تعمیرللندر5,20-Jun-26,پرداخت برای نقیب الله بابت گچ کاری های تعمیرللندر5,20-Jun-26,1935,,,,,,
,"$1,083,528 ",$232.56 ,,$64.50 ,"AFN 32,080,786","AFN 15,000",پرداخت برای نصرت الله رنگمال بیرونی تعمیرللندر5,20-Jun-26,پرداخت برای نصرت الله رنگمال بیرونی تعمیرللندر5,20-Jun-26,1936,,,,,,
,"$1,083,828 ",$300.00 ,,$64.60 ,"AFN 32,100,166","AFN 19,380",پرداخت برای علی محمد و تصفیه حساب مکمل بابت تخریب کاری دوبلکس تعمیرللندر5,21-Jun-26,پرداخت برای علی محمد و تصفیه حساب مکمل بابت تخریب کاری دوبلکس تعمیرللندر5,21-Jun-26,1937,,,,,,
,"$1,083,858 ",$30.19 ,,$64.60 ,"AFN 32,102,116","AFN 1,950",خریداری تیل دیزل به جنراتور تعمیرللندر5,21-Jun-26,خریداری تیل دیزل به جنراتور تعمیرللندر5,21-Jun-26,1938,,,,,,
,"$1,083,889 ",$30.96 ,,$64.60 ,"AFN 32,104,116","AFN 2,000",پرداخت برای تقی بابت نصب سنگ پت زینه های تعمیرللندر5 بدست ادریس چوکیدار,22-Jun-26,پرداخت برای تقی بابت نصب سنگ پت زینه های تعمیرللندر5 بدست ادریس چوکیدار,22-Jun-26,1939,,,,,,
,"$1,083,920 ",$30.96 ,,$64.60 ,"AFN 32,106,116","AFN 2,000",پرداخت برای محمد شریف بابت سیستم مکمل نلدوانی تعمیرللندر5 به دست ادریس چوکیدار,22-Jun-26,پرداخت برای محمد شریف بابت سیستم مکمل نلدوانی تعمیرللندر5 به دست ادریس چوکیدار,22-Jun-26,1940,,,,,,
,"$1,083,951 ",$30.96 ,,$64.60 ,"AFN 32,108,116","AFN 2,000",پرداخت برای محمد شریف بابت سیستم مکمل نلدوانی تعمیرللندر5 به دست ادریس چوکیدار,22-Jun-26,پرداخت برای محمد شریف بابت سیستم مکمل نلدوانی تعمیرللندر5 به دست ادریس چوکیدار,22-Jun-26,1941,,,,,,
,"$1,083,959 ",$7.74 ,,$64.60 ,"AFN 32,108,616",AFN 500,خریداری کندکسر به ماشین هوا بخاطر رنگمالی تعمیرللندر5,23-Jun-26,خریداری کندکسر به ماشین هوا بخاطر رنگمالی تعمیرللندر5,23-Jun-26,1942,,,,,,
,"$1,083,963 ",$3.56 ,,$64.60 ,"AFN 32,108,846",AFN 230,خریداری پایه میز به تعمیرللندر 5,23-Jun-26,خریداری پایه میز به تعمیرللندر 5,23-Jun-26,1943,,,,,,
,"$1,083,964 ",$1.55 ,,$64.60 ,"AFN 32,108,946",AFN 100,خریداری قفل 50 ملی به دروازه گدام ,23-Jun-26,خریداری قفل 50 ملی به دروازه گدام ,23-Jun-26,1944,,,,,,
,"$1,083,969 ",$4.64 ,,$64.60 ,"AFN 32,109,246",AFN 300,خریداری فند بولت به ماشین هوا تعمیرللندر5,23-Jun-26,خریداری فند بولت به ماشین هوا تعمیرللندر5,23-Jun-26,1945,,,,,,
,"$1,084,063 ",$93.75 ,,$64.60 ,"AFN 32,115,302","AFN 6,056","پرداخت مصرف بل برق تعمیرللندر 5 بابت ماه ثور 1405 (صفی الله , خلیل الله ولدان  احمد شاه )",23-Jun-26,"پرداخت مصرف بل برق تعمیرللندر 5 بابت ماه ثور 1405 (صفی الله , خلیل الله ولدان  احمد شاه )",23-Jun-26,1946,,,,,,
,"$1,084,651 ",$588.24 ,,$64.60 ,"AFN 32,153,302","AFN 38,000","پرداخت برای کاکا بادام گل توسط روزالدین بابت خریداری خشت اول ,انتقال پرانه , انتقال ریگ و انتقال اموال از گدام به دارالامان ",23-Jun-26,"پرداخت برای کاکا بادام گل توسط روزالدین بابت خریداری خشت اول ,انتقال پرانه , انتقال ریگ و انتقال اموال از گدام به دارالامان ",23-Jun-26,1947,,,,,,
,"$1,084,682 ",$30.96 ,,$64.60 ,"AFN 32,155,302","AFN 2,000",پیش پرداخت برای محمد سفر ولد محمد باقر بابت ماه جوزا 1405 از درک تعمیرللندر5,23-Jun-26,پیش پرداخت برای محمد سفر ولد محمد باقر بابت ماه جوزا 1405 از درک تعمیرللندر5,23-Jun-26,1948,,,,,,
,"$1,084,759 ",$77.40 ,,$64.60 ,"AFN 32,160,302","AFN 5,000",پرداخت برای تقی بابت نصب سنگ زینه های للندر 5 و کاشی کاری یک باب آشپزخانه منزل هشتم تعمیرللندر5,23-Jun-26,پرداخت برای تقی بابت نصب سنگ زینه های للندر 5 و کاشی کاری یک باب آشپزخانه منزل هشتم تعمیرللندر5,23-Jun-26,1949,,,,,,
,"$1,084,798 ",$38.54 ,,$64.60 ,"AFN 32,162,792","AFN 2,490","خریداری پایه 10 سانتی , شلف ترکی و سرش به تعمیرللندر5",23-Jun-26,"خریداری پایه 10 سانتی , شلف ترکی و سرش به تعمیرللندر5",23-Jun-26,1950,,,,,,
,"$1,084,803 ",$5.42 ,,$64.60 ,"AFN 32,163,142",AFN 350,خریداری ماست و بادنجان سیاه ,24-Jun-26,خریداری ماست و بادنجان سیاه ,24-Jun-26,1951,,,,,,
,"$1,084,958 ",$154.80 ,,$64.60 ,"AFN 32,173,142","AFN 10,000",پرداخت برای نقیب الله + عبدالله بابت گچ کاری و دیزائین کاری تعمیرللندر 5,24-Jun-26,پرداخت برای نقیب الله + عبدالله بابت گچ کاری و دیزائین کاری تعمیرللندر 5,24-Jun-26,1952,,,,,,
,"$1,085,029 ",$71.21 ,,$64.60 ,"AFN 32,177,742","AFN 4,600",خریداری تیل پطرول به موتر هایلکس ,24-Jun-26,خریداری تیل پطرول به موتر هایلکس ,24-Jun-26,1953,,,,,,
,"$1,085,059 ",$30.19 ,,$64.60 ,"AFN 32,179,692","AFN 1,950",خریداری تیل دیزل به جنراتور تعمیرللندر5,24-Jun-26,خریداری تیل دیزل به جنراتور تعمیرللندر5,24-Jun-26,1954,,,,,,
,"$1,085,106 ",$46.44 ,,$64.60 ,"AFN 32,182,692","AFN 3,000",خریداری تیل پطرول به موتر لکسس ,24-Jun-26,خریداری تیل پطرول به موتر لکسس ,24-Jun-26,1955,,,,,,
,"$1,085,230 ",$123.84 ,,$64.60 ,"AFN 32,190,692","AFN 8,000",پرداخت معاش تاج الدین ولد غوث الدین شاگرد برقی تعمیرللندر 5 بابت ماه جوزا 1405,24-Jun-26,پرداخت معاش تاج الدین ولد غوث الدین شاگرد برقی تعمیرللندر 5 بابت ماه جوزا 1405,24-Jun-26,1956,,,,,,
,"$1,085,973 ",$743.50 ,,$64.60 ,"AFN 32,238,722","AFN 48,030",پرداخت برای شرکت هرات الکتریک بابت خریداری بل نمبر 1667 به تعمیرللندر 5,26-Jun-26,پرداخت برای شرکت هرات الکتریک بابت خریداری بل نمبر 1667 به تعمیرللندر 5,26-Jun-26,1957,,,,,,
,"$1,086,747 ",$773.99 ,,$64.60 ,"AFN 32,288,722","AFN 50,000",پرداخت برای شرکت برادان صمدی بابت خریداری گرانیت 100/100 به تعمیرللندر5 از بل نمبر 5800,26-Jun-26,پرداخت برای شرکت برادان صمدی بابت خریداری گرانیت 100/100 به تعمیرللندر5 از بل نمبر 5800,26-Jun-26,1958,,,,,,
,"$1,086,951 ",$204.33 ,,$64.60 ,"AFN 32,301,922","AFN 13,200",پرداخت معاش عبدالرحیم ولد عبدالغفور بابت ماه جوزا 1405,26-Jun-26,پرداخت معاش عبدالرحیم ولد عبدالغفور بابت ماه جوزا 1405,26-Jun-26,1959,,,,,,
,"$1,087,168 ",$216.72 ,,$64.60 ,"AFN 32,315,922","AFN 14,000",پرداخت معاش مطیع الله ولد محمد یونس بابت ماه جوزا 1405,26-Jun-26,پرداخت معاش مطیع الله ولد محمد یونس بابت ماه جوزا 1405,26-Jun-26,1960,,,,,,
,"$1,087,942 ",$773.99 ,,$64.60 ,"AFN 32,365,922","AFN 50,000",پرداخت برای شرکت تجارتی آخندزاده بابت خریداری گرانیت 100/100 از مجموع بل نمبر 30879,26-Jun-26,پرداخت برای شرکت تجارتی آخندزاده بابت خریداری گرانیت 100/100 از مجموع بل نمبر 30879,26-Jun-26,1961,,,,,,
,"$1,088,941 ",$998.45 ,,$64.60 ,"AFN 32,430,422","AFN 64,500",پرداخت برای رنگ فروشی حامد للندر بابت خریداری رنگ به تعمیرللندر5,26-Jun-26,پرداخت برای رنگ فروشی حامد للندر بابت خریداری رنگ به تعمیرللندر5,26-Jun-26,1962,,,,,,
,"$1,089,114 ",$173.37 ,,$64.60 ,"AFN 32,441,622","AFN 11,200",پرداخت و تصفیه حساب خریداری جالی راویز به تعمیرللندر از درک بل نمبر 470,26-Jun-26,پرداخت و تصفیه حساب خریداری جالی راویز به تعمیرللندر از درک بل نمبر 470,26-Jun-26,1963,,,,,,
,"$1,089,256 ",$142.41 ,,$64.60 ,"AFN 32,450,822","AFN 9,200",پرداخت برای  آهن آلات نقشبندی بابت خریداری 100/100 دو ملی به تعمیرللندر,26-Jun-26,پرداخت برای  آهن آلات نقشبندی بابت خریداری 100/100 دو ملی به تعمیرللندر,26-Jun-26,1964,,,,,,
,"$1,089,489 ",$232.20 ,,$64.60 ,"AFN 32,465,822","AFN 15,000",پرداخت برای نورحسن بابت چپس کاری منزل آخر تعمیرللندر5,26-Jun-26,پرداخت برای نورحسن بابت چپس کاری منزل آخر تعمیرللندر5,25-Jun-26,1965,,,,,,
,"$1,089,590 ",$101.87 ,,$64.60 ,"AFN 32,472,403","AFN 6,581",پرداخت معاش زین الله ولد محمد ظاهر بابت ماه جوزا 1405,26-Jun-26,پرداخت معاش زین الله ولد محمد ظاهر بابت ماه جوزا 1405,26-Jun-26,1966,,,,,,
,"$1,089,804 ",$213.22 ,,$64.60 ,"AFN 32,486,177","AFN 13,774",پرداخت معاش محمد سفر ولد محمد باقر برقی تعمیرللندر 5 بابت ماه جوزا 1405,26-Jun-26,پرداخت معاش محمد سفر ولد محمد باقر برقی تعمیرللندر 5 بابت ماه جوزا 1405,26-Jun-26,1967,,,,,,
,"$1,090,327 ",$523.82 ,,$64.60 ,"AFN 32,520,016","AFN 33,839",پرداخت معاش نجیب الله ولد عبدالشکور بابت ماه جوزا 1405,26-Jun-26,پرداخت معاش نجیب الله ولد عبدالشکور بابت ماه جوزا 1405,26-Jun-26,1968,,,,,,
,"$1,090,335 ",$7.74 ,,$64.60 ,"AFN 32,520,516",AFN 500,خریداری کاربیتر 70 سی سی به موتر سایکل توسط زین الله ,26-Jun-26,خریداری کاربیتر 70 سی سی به موتر سایکل توسط زین الله ,26-Jun-26,1969,,,,,,
,"$1,090,954 ",$619.20 ,,$64.60 ,"AFN 32,560,516","AFN 40,000",پرداخت برای نصرت الله رنگمال بیرونی تعمیرللندر5,26-Jun-26,پرداخت برای نصرت الله رنگمال بیرونی تعمیرللندر5,26-Jun-26,1970,,,,,,
,"$1,091,639 ",$684.52 ,,$64.60 ,"AFN 32,604,736","AFN 44,220",پرداخت برای شرکت درواز بدخشان بابت خریداری وسایل نلدوانی به تعمیرللندر5,26-Jun-26,پرداخت برای شرکت درواز بدخشان بابت خریداری وسایل نلدوانی به تعمیرللندر5,26-Jun-26,1971,,,,,,
,"$1,091,802 ",$162.69 ,,$64.60 ,"AFN 32,615,246","AFN 10,510",پرداخت برای دوکان خورده فروشی خوستی بابت خریداری های متفرقه به تعمیرللندر 5,26-Jun-26,پرداخت برای دوکان خورده فروشی خوستی بابت خریداری های متفرقه به تعمیرللندر 5,26-Jun-26,1972,,,,,,
,"$1,091,862 ",$60.42 ,,$64.60 ,"AFN 32,619,149","AFN 3,903",پرداخت معاش شریف الله ولد فیض محمد بابت ماه جوزا 1405,26-Jun-26,پرداخت معاش شریف الله ولد فیض محمد بابت ماه جوزا 1405,26-Jun-26,1973,,,,,,
,"$1,092,001 ",$139.37 ,,$64.90 ,"AFN 32,628,194","AFN 9,045",پرداخت برای خبازی عبدالمطلب بغلانی بابت خریداری نان خشک به تعمیرللندر 5 و دفتر بابت ماه جوزا 1405,28-Jun-26,پرداخت برای خبازی عبدالمطلب بغلانی بابت خریداری نان خشک به تعمیرللندر 5 و دفتر بابت ماه جوزا 1405,28-Jun-26,1974,,,,,,
,"$1,092,126 ",$124.27 ,,$64.90 ,"AFN 32,636,259","AFN 8,065",پرداخت معاش محمد سرور ولد طالب بابت ماه جوزا 1405,28-Jun-26,پرداخت معاش محمد سرور ولد طالب بابت ماه جوزا 1405,28-Jun-26,1975,,,,,,
,"$1,092,210 ",$84.50 ,,$64.90 ,"AFN 32,641,743","AFN 5,484",پرداخت معاش عبدالمتین ولد نیک محمد کاریگر تعمیرللندر 5 بابت ماه جوزا 1405,28-Jun-26,پرداخت معاش عبدالمتین ولد نیک محمد کاریگر تعمیرللندر 5 بابت ماه جوزا 1405,28-Jun-26,1976,,,,,,
,"$1,092,272 ",$61.63 ,,$64.90 ,"AFN 32,645,743","AFN 4,000",پرداخت برای خاله راضیه توسط حاجی عاشق الله بدست نوید چوکیدار للندر1,28-Jun-26,پرداخت برای خاله راضیه توسط حاجی عاشق الله بدست نوید چوکیدار للندر1,28-Jun-26,1977,,,,,,
,"$1,092,303 ",$30.72 ,,$65.10 ,"AFN 32,647,743","AFN 2,000",خریداری تیل دیزل به جنراتور تعمیرللندر5,29-Jun-26,خریداری تیل دیزل به جنراتور تعمیرللندر5,29-Jun-26,1978,,,,,,
,"$1,092,326 ",$23.04 ,,$65.10 ,"AFN 32,649,243","AFN 1,500",خریداری تیل پطرول به موتر لکسس توسط سمیرللندر,29-Jun-26,خریداری تیل پطرول به موتر لکسس توسط سمیرللندر,29-Jun-26,1979,,,,,,
,"$1,092,775 ",$449.31 ,,$65.10 ,"AFN 32,678,493","AFN 29,250","خریداری تخته ام دی اف 16 ملی 280/122 , ام دی اف 366/210 , و ام دی اف 244/122 همراه با نوار کاری به تعمیر للندر5",29-Jun-26,"خریداری تخته ام دی اف 16 ملی 280/122 , ام دی اف 366/210 , و ام دی اف 244/122 همراه با نوار کاری به تعمیر للندر5",29-Jun-26,1980,,,,,,
,"$1,092,898 ",$122.89 ,,$65.10 ,"AFN 32,686,493","AFN 8,000",پرداخت معاش ادریس ولد دولت چوکیدار تعمیرللندر 5 بابت ماه جوزا 1405,29-Jun-26,پرداخت معاش ادریس ولد دولت چوکیدار تعمیرللندر 5 بابت ماه جوزا 1405,29-Jun-26,1981,,,,,,
,"$1,092,932 ",$34.69 ,,$65.10 ,"AFN 32,688,751","AFN 2,258",پرداخت معاش 7 روزه محمد سرور ولد طالب بابت ماه سرطان 1405,30-Jun-26,پرداخت معاش 7 روزه محمد سرور ولد طالب بابت ماه سرطان 1405,30-Jun-26,1982,,,,,,
,"$1,092,955 ",$22.21 ,,$65.30 ,"AFN 32,690,201","AFN 1,450",خریداری تیل پطرول موتر لکسس,1-Jul-26,خریداری تیل پطرول موتر لکسس,1-Jul-26,1983,,,,,,
,"$1,092,957 ",$1.84 ,,$65.30 ,"AFN 32,690,321",AFN 120,خریداری گوتک 50 برای نجاری تعمیرللندر 5,1-Jul-26,خریداری گوتک 50 برای نجاری تعمیرللندر 5,1-Jul-26,1984,,,,,,
,"$1,092,970 ",$13.78 ,,$65.30 ,"AFN 32,691,221",AFN 900,"خریداری لوبیا,کشمش,خلال زردک , کچالو و پیاز برای تهیه غذا برای کاریگران ",1-Jul-26,"خریداری لوبیا,کشمش,خلال زردک , کچالو و پیاز برای تهیه غذا برای کاریگران ",1-Jul-26,1985,,,,,,
,"$1,092,976 ",$6.13 ,,$65.30 ,"AFN 32,691,621",AFN 400,"خریداری لابرتیپ ضد آب ,نوشابه و توپ ایرانی به کراچی",1-Jul-26,"خریداری لابرتیپ ضد آب ,نوشابه و توپ ایرانی به کراچی",1-Jul-26,1986,,,,,,
,"$1,092,984 ",$7.66 ,,$65.30 ,"AFN 32,692,121",AFN 500,خریداری تفلون مایع به نلدوانی های تعمیرللندر5,1-Jul-26,خریداری تفلون مایع به نلدوانی های تعمیرللندر5,1-Jul-26,1987,,,,,,
,"$1,093,008 ",$23.58 ,,$65.30 ,"AFN 32,693,661","AFN 1,540",خریداری چپراس به نجاری های تعمیرللندر5,1-Jul-26,خریداری چپراس به نجاری های تعمیرللندر5,1-Jul-26,1988,,,,,,
,"$1,093,223 ",$215.82 ,,$65.50 ,"AFN 32,707,797","AFN 14,136",پرداخت برای شرکت تجارتی ببرک زاده جاغوری بابت خریدرای سنگ نجف آباد به تعمیرللندر 5 و تصفیه حساب ,2-Jul-26,پرداخت برای شرکت تجارتی ببرک زاده جاغوری بابت خریدرای سنگ نجف آباد به تعمیرللندر 5 و تصفیه حساب ,2-Jul-26,1989,,,,,,
,"$1,093,758 ",$534.35 ,,$65.50 ,"AFN 32,742,797","AFN 35,000",پرداخت برای شرکت تجارتی آخندزاده بابت خریداری گرانیت 100/100به تعمیرللندر 5 از مجموع بل نمبر 30879,2-Jul-26,پرداخت برای شرکت تجارتی آخندزاده بابت خریداری گرانیت 100/100به تعمیرللندر 5 از مجموع بل نمبر 30879,2-Jul-26,1990,,,,,,
,"$1,095,285 ","$1,526.72 ",,$65.50 ,"AFN 32,842,797","AFN 100,000",پرداخت برای شرکت نجیب الله بگرام وال بابت خریداری سنگ به تعمیرللندر 5 ازمجموع بل نمبر 541,2-Jul-26,پرداخت برای شرکت نجیب الله بگرام وال بابت خریداری سنگ به تعمیرللندر 5 ازمجموع بل نمبر 541,2-Jul-26,1991,,,,,,
,"$1,095,361 ",$76.34 ,,$65.50 ,"AFN 32,847,797","AFN 5,000",پرداخت برای محمد شریف نلدوان بابت سیستم مکمل نلدوانی تعمیرللندر 5,2-Jul-26,پرداخت برای محمد شریف نلدوان بابت سیستم مکمل نلدوانی تعمیرللندر 5,2-Jul-26,1992,,,,,,
,"$1,096,061 ",$700.00 ,,$65.50 ,"AFN 32,893,647","AFN 45,850",پرداخت فعلی برای شرکت هرات الکتریک بابت تعمیرللندر 5 از بل نمبر های 4524 - 4588 و بخشی از بل نمبر 3981,2-Jul-26,پرداخت فعلی برای شرکت هرات الکتریک بابت تعمیرللندر 5 از بل نمبر های 4524 - 4588 و بخشی از بل نمبر 3981,2-Jul-26,1993,,,,,,
,"$1,096,443 ",$381.68 ,,$65.50 ,"AFN 32,918,647","AFN 25,000",پرداخت فعلی برای فروشگاه سید حسن موسوی از مجموع بل نمبر 1003 بابت خریداری زانو خم و نل های جوشی به تعمیرللندر5,2-Jul-26,پرداخت فعلی برای فروشگاه سید حسن موسوی از مجموع بل نمبر 1003 بابت خریداری زانو خم و نل های جوشی به تعمیرللندر5,2-Jul-26,1994,,,,,,
,"$1,097,243 ",$800.00 ,,$65.50 ,"AFN 32,971,047","AFN 52,400",پرداخت فعلی برای شرکت تجارتی برادران صمدی از مجموع بل نمبر 5800,2-Jul-26,پرداخت فعلی برای شرکت تجارتی برادران صمدی از مجموع بل نمبر 5800,2-Jul-26,1995,,,,,,
,"$1,097,472 ",$229.01 ,,$65.50 ,"AFN 32,986,047","AFN 15,000",پرداخت برای فیض الله بابت نجاری آشپزخانه های تعمیرللندر5,2-Jul-26,پرداخت برای فیض الله بابت نجاری آشپزخانه های تعمیرللندر5,2-Jul-26,1996,,,,,,
,"$1,097,504 ",$32.06 ,,$65.50 ,"AFN 32,988,147","AFN 2,100",پرداخت اجرت سه روزه مزد نوید گلکار بابت خشت کاری عقب گدام کارته سه  ,2-Jul-26,پرداخت اجرت سه روزه مزد نوید گلکار بابت خشت کاری عقب گدام کارته سه  ,2-Jul-26,1997,,,,,,
,"$1,097,542 ",$38.17 ,,$65.50 ,"AFN 32,990,647","AFN 2,500",پرداخت برای تقی کاشی کار بابت و نصب سنگ پت زینه های تعمیرللندر5,2-Jul-26,پرداخت برای تقی کاشی کار بابت و نصب سنگ پت زینه های تعمیرللندر5,2-Jul-26,1998,,,,,,
,"$1,097,643 ",$101.27 ,,$65.50 ,"AFN 32,997,280","AFN 6,633",پرداخت برای نورحسن بابت چپس کاری منزل آخر تعمیرللندر5,2-Jul-26,پرداخت برای نورحسن بابت چپس کاری منزل آخر تعمیرللندر5,2-Jul-26,1999,,,,,,
,"$1,098,042 ",$398.47 ,,$65.50 ,"AFN 33,023,380","AFN 26,100","پرداخت برای کاکا بادام گل بدست روز الدین بابت انتقال مواد از گدام به دارالامان,خرید خشت به گدام ,انتقال پرانه از للندر 5",2-Jul-26,"پرداخت برای کاکا بادام گل بدست روز الدین بابت انتقال مواد از گدام به دارالامان,خرید خشت به گدام ,انتقال پرانه از للندر 5",2-Jul-26,2000,,,,,,
,"$1,098,072 ",$30.69 ,,$65.50 ,"AFN 33,025,390","AFN 2,010","خریداری پرزه جات به جنراتور تعمیرللندر 5 از قبیل فندبولت , سلندر زانوخم ,کلاه کاربیتر ,نت و بولت و تیل دیزل ",2-Jul-26,"خریداری پرزه جات به جنراتور تعمیرللندر 5 از قبیل فندبولت , سلندر زانوخم ,کلاه کاربیتر ,نت و بولت و تیل دیزل ",2-Jul-26,2001,,,,,,
,"$1,098,225 ",$152.67 ,,$65.50 ,"AFN 33,035,390","AFN 10,000",پرداخت برای نقیب الله + عبدالله بابت گچ کاری های تعمیرللندر5,2-Jul-26,پرداخت برای نقیب الله + عبدالله بابت گچ کاری های تعمیرللندر5,2-Jul-26,2002,,,,,,
,"$1,098,935 ",$709.82 ,,$65.65 ,"AFN 33,081,990","AFN 46,600",پرداخت برای سمنت فروشی قاسم وردک بابت خریداری 100 خریطه سمنت ایرانی به تعمیرللندر 5,4-Jul-26,پرداخت برای سمنت فروشی قاسم وردک بابت خریداری 100 خریطه سمنت ایرانی به تعمیرللندر 5,4-Jul-26,2003,,,,,,
,"$1,098,945 ",$10.66 ,,$65.65 ,"AFN 33,082,690",AFN 700,خریدرای پولی 6 انج برای داینمو جنراتور تعمیرللندر 5,4-Jul-26,خریدرای پولی 6 انج برای داینمو جنراتور تعمیرللندر 5,4-Jul-26,2004,,,,,,
,"$1,098,949 ",$3.66 ,,$65.65 ,"AFN 33,082,930",AFN 240,خریداری کچالو به آشپزخانه بابت تهیه غذا به کاریگران تعمیرللندر 5,4-Jul-26,خریداری کچالو به آشپزخانه بابت تهیه غذا به کاریگران تعمیرللندر 5,4-Jul-26,2005,,,,,,
,"$1,098,956 ",$7.01 ,,$65.65 ,"AFN 33,083,390",AFN 460,"خریداری کدوگگ , بادنجان رومی و مرچ تازه برای تهیه غذا به کاریگران تعمیرللندر 5",4-Jul-26,"خریداری کدوگگ , بادنجان رومی و مرچ تازه برای تهیه غذا به کاریگران تعمیرللندر 5",4-Jul-26,2006,,,,,,
,"$1,099,055 ",$99.01 ,,$65.65 ,"AFN 33,089,890","AFN 6,500",پیش پرداخت برای مطیع الله سهاک ولد محمد یونس بابت ماه سرطان 1405,4-Jul-26,پیش پرداخت برای مطیع الله سهاک ولد محمد یونس بابت ماه سرطان 1405,4-Jul-26,2007,,,,,,
,"$1,099,119 ",$63.88 ,,$65.65 ,"AFN 33,094,084","AFN 4,194",پرداخت معاش 13 روزه عبدالمتین ولد نیک محمد کاریگر بابت ماه سرطان 1405 تعمیرللندر5,4-Jul-26,پرداخت معاش 13 روزه عبدالمتین ولد نیک محمد کاریگر بابت ماه سرطان 1405 تعمیرللندر5,4-Jul-26,2008,,,,,,
,"$1,099,652 ",$533.13 ,,$65.65 ,"AFN 33,129,084","AFN 35,000",خریداری یک پایه جنراتور 27HP چینایی دیزلی به تعمیرللندر5,4-Jul-26,خریداری یک پایه جنراتور 27HP چینایی دیزلی به تعمیرللندر5,4-Jul-26,2009,,,,,,
,"$1,099,689 ",$36.45 ,,$65.85 ,"AFN 33,131,484","AFN 2,400",خریداری مبلایل به جنراتور های خریداری شده و واپس شده تعمیرللندر 5,"Sunday, 5 July 2026",خریداری مبلایل به جنراتور های خریداری شده و واپس شده تعمیرللندر 5,5-Jul-26,2010,,,,,,
,"$1,099,695 ",$6.00 ,,$65.85 ,"AFN 33,131,879",AFN 395,خریداری بامیه و سیر برای تهیه غذا برای کارمندان و کاریگران ,"Sunday, 5 July 2026",خریداری بامیه و سیر برای تهیه غذا برای کارمندان و کاریگران ,5-Jul-26,2011,,,,,,
,"$1,099,725 ",$30.37 ,,$65.85 ,"AFN 33,133,879","AFN 2,000",پرداخت برای محمد شریف نلدوان بابت سیستم مکمل نلدوانی تعمیرللندر5,"Sunday, 5 July 2026",پرداخت برای محمد شریف نلدوان بابت سیستم مکمل نلدوانی تعمیرللندر5,5-Jul-26,2012,,,,,,
,"$1,099,875 ",$150.00 ,,$66.00 ,"AFN 33,143,779","AFN 9,900",پرداخت تانک تیل 5 ستاره بابت 150 لیتر تیل دیزل که قبلاً خریداری شده بود ,"Monday, 6 July 2026",پرداخت تانک تیل 5 ستاره بابت 150 لیتر تیل دیزل که قبلاً خریداری شده بود ,6-Jul-26,2013,,,,,,
,"$1,099,878 ",$3.03 ,,$66.00 ,"AFN 33,143,979",AFN 200,خریداری خلال زردک و کشمش برای تهیه غذا برای کاریگران ,"Monday, 6 July 2026",خریداری خلال زردک و کشمش برای تهیه غذا برای کاریگران ,6-Jul-26,2014,,,,,,
,"$1,099,908 ",$30.30 ,,$66.00 ,"AFN 33,145,979","AFN 2,000",پرداخت برای حلبی ساز تعمیرللندر 5 به هدایت حاجی عاشق الله بدست ادریس چوکیدار ,"Monday, 6 July 2026",پرداخت برای حلبی ساز تعمیرللندر 5 به هدایت حاجی عاشق الله بدست ادریس چوکیدار ,6-Jul-26,2015,,,,,,
,"$1,099,926 ",$17.82 ,,$66.20 ,"AFN 33,147,159","AFN 1,180",خریداری کچالو و گوشت گوساله برای تهیه غذا برای کارمندان و کاریگران ,"Tuesday, 7 July 2026",خریداری کچالو و گوشت گوساله برای تهیه غذا برای کارمندان و کاریگران ,7-Jul-26,2016,,,,,,
,"$1,099,963 ",$37.16 ,,$66.20 ,"AFN 33,149,619","AFN 2,460",پرداخت کرای انتقال و بارگیری 126 متر کاشی 100/100 از شرکت تجارتی درواز بدخشان به تعمیرللندر 5,"Tuesday, 7 July 2026",پرداخت کرای انتقال و بارگیری 126 متر کاشی 100/100 از شرکت تجارتی درواز بدخشان به تعمیرللندر 5,7-Jul-26,2017,,,,,,
,"$1,099,972 ",$9.06 ,,$66.20 ,"AFN 33,150,219",AFN 600,پرداخت برای ترمیم موتور بالابر تعمیرللندر 5,"Wednesday, 8 July 2026",پرداخت برای ترمیم موتور بالابر تعمیرللندر 5,8-Jul-26,2018,,,,,,
,"$1,099,980 ",$7.55 ,,$66.20 ,"AFN 33,150,719",AFN 500,خریداری بادنجان سیاه و بادنجان رومی برای تهیه غذا برای کاریگران ,"Wednesday, 8 July 2026",خریداری بادنجان سیاه و بادنجان رومی برای تهیه غذا برای کاریگران ,8-Jul-26,2019,,,,,,
,"$1,100,180 ",$200.00 ,,$66.50 ,"AFN 33,164,019","AFN 13,300",پرداخت برای نقیب الله بدست عبدالله بابت گچ کاری و افزار کاری های تعمیرللندر5,9-Jul-26,پرداخت برای نقیب الله بدست عبدالله بابت گچ کاری و افزار کاری های تعمیرللندر5,9-Jul-26,2020,,,,,,
,"$1,100,225 ",$45.11 ,,$66.50 ,"AFN 33,167,019","AFN 3,000",پرداخت برای تقی بابت نصب سنگ پت زینه های تعمیرللندر5,9-Jul-26,پرداخت برای تقی بابت نصب سنگ پت زینه های تعمیرللندر5,9-Jul-26,2021,,,,,,
,"$1,100,241 ",$16.39 ,,$66.50 ,"AFN 33,168,109","AFN 1,090",خریداری مصاله بریانی و گوشت مرغ برای تهیه غذا برای کاریگران ,9-Jul-26,خریداری مصاله بریانی و گوشت مرغ برای تهیه غذا برای کاریگران ,9-Jul-26,2022,,,,,,
,"$1,100,243 ",$1.36 ,,$66.00 ,"AFN 33,168,199",AFN 90,خریداری نوشابه برای انجنیران ناحیه سوم به هدای حاجی رفیع الله ,11-Jul-26,خریداری نوشابه برای انجنیران ناحیه سوم به هدای حاجی رفیع الله ,11-Jul-26,2023,,,,,,
,"$1,100,249 ",$6.06 ,,$66.00 ,"AFN 33,168,599",AFN 400,پرداخت کرای انتقال چسپ کاشی عقیق به تعمیرللندر 5,11-Jul-26,پرداخت کرای انتقال چسپ کاشی عقیق به تعمیرللندر 5,11-Jul-26,2024,,,,,,
,"$1,100,262 ",$13.64 ,,$66.00 ,"AFN 33,169,499",AFN 900,پرداخت کرای انتقا و بارگیری کاشی های خریداری شده از شرکت تجارتی برادران صمدی به تعمیرللندر 5,11-Jul-26,پرداخت کرای انتقا و بارگیری کاشی های خریداری شده از شرکت تجارتی برادران صمدی به تعمیرللندر 5,11-Jul-26,2025,,,,,,
,"$1,100,266 ",$3.48 ,,$66.00 ,"AFN 33,169,729",AFN 230,خریداری روغن مایع 1.5 لیتره برای تهیه غذا برای کاریگران ,11-Jul-26,خریداری روغن مایع 1.5 لیتره برای تهیه غذا برای کاریگران ,11-Jul-26,2026,,,,,,
,"$1,100,269 ",$3.35 ,,$66.00 ,"AFN 33,169,950",AFN 221,خریداری کچالو برای تهیه غذا برای کاریگران,11-Jul-26,خریداری کچالو برای تهیه غذا برای کاریگران,11-Jul-26,2027,,,,,,
,"$1,100,270 ",$0.76 ,,$66.00 ,"AFN 33,170,000",AFN 50,خریداری ماست به دفتر,11-Jul-26,خریداری ماست به دفتر,11-Jul-26,2028,,,,,,
,"$1,100,277 ",$6.89 ,,$66.00 ,"AFN 33,170,455",AFN 455,خریداری بادنجان سیاه و پیاز برای تهیه غذا برای کاریگران ,11-Jul-26,خریداری بادنجان سیاه و پیاز برای تهیه غذا برای کاریگران ,11-Jul-26,2029,,,,,,
,"$1,100,292 ",$15.38 ,,$65.00 ,"AFN 33,171,455","AFN 1,000",خریداری تیل دیزل به جنراتور تعمیرللندر 5,12-Jul-26,خریداری تیل دیزل به جنراتور تعمیرللندر 5,12-Jul-26,2030,,,,,,
,"$1,100,369 ",$76.92 ,,$65.00 ,"AFN 33,176,455","AFN 5,000",پرداخت برای مسعود شیشه شان کتاره بالکن های تعمیرللندر 5,12-Jul-26,پرداخت برای مسعود شیشه شان کتاره بالکن های تعمیرللندر 5,12-Jul-26,2031,,,,,,
,"$1,100,373 ",$3.69 ,,$65.00 ,"AFN 33,176,695",AFN 240,خریداری کشمش و خلال زردک به کارمندان و کاریگران ,12-Jul-26,خریداری کشمش و خلال زردک به کارمندان و کاریگران ,12-Jul-26,2032,,,,,,
,"$1,100,381 ",$7.69 ,,$65.00 ,"AFN 33,177,195",AFN 500,"خریداری گاز مایع , چای سبز و بوره به تعمیرللندر 5",12-Jul-26,"خریداری گاز مایع , چای سبز و بوره به تعمیرللندر 5",12-Jul-26,2033,,,,,,
,"$1,100,383 ",$2.31 ,,$65.00 ,"AFN 33,177,345",AFN 150,پرداخت کرای زرنج بابت انتقال سمنت های خریداری شده به تعمیرللندر 5,12-Jul-26,پرداخت کرای زرنج بابت انتقال سمنت های خریداری شده به تعمیرللندر 5,12-Jul-26,2034,,,,,,
,"$1,100,398 ",$15.38 ,,$65.00 ,"AFN 33,178,345","AFN 1,000",خریداری تیل دیزل به جنراتور تعمیرللندر5,13-Jul-26,خریداری تیل دیزل به جنراتور تعمیرللندر5,13-Jul-26,2035,,,,,,
,"$1,100,629 ",$230.77 ,,$65.00 ,"AFN 33,193,345","AFN 15,000",پرداخت برای نقیب الله+عبدالله بابت گچ کاری و افزار کاری های تعمیرللندر5,13-Jul-26,پرداخت برای نقیب الله+عبدالله بابت گچ کاری و افزار کاری های تعمیرللندر5,13-Jul-26,2036,,,,,,
,"$1,100,632 ",$3.38 ,,$65.00 ,"AFN 33,193,565",AFN 220,خریداری روغن 1.5 لیتره برای تهیه غذا برای کاریگران و کارمندان ,13-Jul-26,خریداری روغن 1.5 لیتره برای تهیه غذا برای کاریگران و کارمندان ,13-Jul-26,2037,,,,,,
,"$1,100,642 ",$9.31 ,,$65.00 ,"AFN 33,194,170",AFN 605,خریداری بامیه و بادنجان رومی برای تهیه غذا برای کاریگران و کارمندان ,13-Jul-26,خریداری بامیه و بادنجان رومی برای تهیه غذا برای کاریگران و کارمندان ,13-Jul-26,2038,,,,,,
,"$1,100,649 ",$7.54 ,,$65.00 ,"AFN 33,194,660",AFN 490,"خریداری وال کاک , نوار تفلون , چوچه وال , کپ و نل 20 به دفتر و گدام کارته سه ",13-Jul-26,"خریداری وال کاک , نوار تفلون , چوچه وال , کپ و نل 20 به دفتر و گدام کارته سه ",13-Jul-26,2039,,,,,,
,"$1,100,664 ",$15.22 ,,$65.70 ,"AFN 33,195,660","AFN 1,000",خریداری تیل پطرول به موتر لکسس,14-Jul-26,خریداری تیل پطرول به موتر لکسس,14-Jul-26,2040,,,,,,
,"$1,100,677 ",$12.48 ,,$65.70 ,"AFN 33,196,480",AFN 820,خریداری گاز مایع و کچالو برای تهیه غذا برای کارمندان و کاریگران ,14-Jul-26,خریداری گاز مایع و کچالو برای تهیه غذا برای کارمندان و کاریگران ,14-Jul-26,2041,,,,,,
,"$1,100,723 ",$45.66 ,,$65.70 ,"AFN 33,199,480","AFN 3,000",پرداخت برای تقی کاشی کار بابت نصب سنگ زینه های تعمیرللندر 5 توسط حاجی عاشق الله در ساحه کاری,15-Jul-26,پرداخت برای تقی کاشی کار بابت نصب سنگ زینه های تعمیرللندر 5 توسط حاجی عاشق الله در ساحه کاری,15-Jul-26,2042,,,,,,
,"$1,100,730 ",$7.31 ,,$65.70 ,"AFN 33,199,960",AFN 480,خریداری لوبیا و  یک لیتر روغن مایع برای تهیه غذا برای کارمندان و کاریگران ,15-Jul-26,خریداری لوبیا و  یک لیتر روغن مایع برای تهیه غذا برای کارمندان و کاریگران ,15-Jul-26,2043,,,,,,
,"$1,102,230 ","$1,500.00 "," $1,500.00 ",$65.70 ,"AFN 33,199,960",AFN 0,پیش پرداخت برای غلام محمد بابت نصب کتاره های نما بیرونی تعمیرللندر 5,15-Jul-26,پیش پرداخت برای غلام محمد بابت نصب کتاره های نما بیرونی تعمیرللندر 5,15-Jul-26,2044,,,,,,
,"$1,104,230 ","$2,000.00 ",,$65.80 ,"AFN 33,331,560","AFN 131,600",پرداخت برای رنگ فروشی للندر حامد بابت تعمیرللندر 5 از مجموع بل نمبر 706,16-Jul-26,پرداخت برای رنگ فروشی للندر حامد بابت تعمیرللندر 5 از مجموع بل نمبر 706,16-Jul-26,2045,,,,,,
,"$1,104,579 ",$349.54 ,,$65.80 ,"AFN 33,354,560","AFN 23,000",پرداخت برای نمایشگاه چسپ عقیق بابت خریداری به تعمیرللندر5,16-Jul-26,پرداخت برای نمایشگاه چسپ عقیق بابت خریداری به تعمیرللندر5,16-Jul-26,2046,,,,,,
,"$1,105,643 ","$1,063.83 ",,$65.80 ,"AFN 33,424,560","AFN 70,000",پراخت برای شرکت تجارتی آخندزاده بابت خریداری گرانیت 100/100 به تعمیرللندر5,16-Jul-26,پراخت برای شرکت تجارتی آخندزاده بابت خریداری گرانیت 100/100 به تعمیرللندر5,16-Jul-26,2047,,,,,,
,"$1,106,746 ","$1,102.78 ",,$65.80 ,"AFN 33,497,123","AFN 72,563",پرداخت برای شرکت درواز بدخشان بابت خریداری وسایل حمام به تعمیرللندر5 و تصفیه حساب مکمل ,16-Jul-26,پرداخت برای شرکت درواز بدخشان بابت خریداری وسایل حمام به تعمیرللندر5 و تصفیه حساب مکمل ,16-Jul-26,2048,,,,,,
,"$1,107,810 ","$1,063.83 ",,$65.80 ,"AFN 33,567,123","AFN 70,000",پرداخت برای شرکت تجارتی هرات الکتریک بابت خریداری وسایل برقی به تعمیرللندر5,16-Jul-26,پرداخت برای شرکت تجارتی هرات الکتریک بابت خریداری وسایل برقی به تعمیرللندر5,16-Jul-26,2049,,,,,,
,"$1,109,330 ","$1,519.76 ",,$65.80 ,"AFN 33,667,123","AFN 100,000",پرداخت برای شرکت نجیب الله بگرام وال بابت خریداری سنگ 150/30 به تعمیرللندر5 از مجموع بل نمبر 541,16-Jul-26,پرداخت برای شرکت نجیب الله بگرام وال بابت خریداری سنگ 150/30 به تعمیرللندر5 از مجموع بل نمبر 541,16-Jul-26,2050,,,,,,
,"$1,109,627 ",$297.34 ,,$65.80 ,"AFN 33,686,688","AFN 19,565","پرداخت برای خورده فروشی خوستی بابت خریداری های متفرقه به تعمیرللندر 5 زمین دارالامان از قبیل سرش , سنگ برش ,سرش , ریگمال,کلمپ ,قفل سنگی,دستکش,پایپ , پل برش , چپ راست ,لین ,سلندر و, پل برمه , سیخ ولدینگ , پل کتر ,ضد زنگ , شش رخی و غیره ",16-Jul-26,"پرداخت برای خورده فروشی خوستی بابت خریداری های متفرقه به تعمیرللندر 5 زمین دارالامان از قبیل سرش , سنگ برش ,سرش , ریگمال,کلمپ ,قفل سنگی,دستکش,پایپ , پل برش , چپ راست ,لین ,سلندر و, پل برمه , سیخ ولدینگ , پل کتر ,ضد زنگ , شش رخی و غیره ",16-Jul-26,2051,,,,,,
,"$1,110,627 ","$1,000.00 ",,$65.80 ,"AFN 33,752,488","AFN 65,800",پرداخت برای شرکت برادران صمدی بابت خریداری گرانیت 100/100 به تعمیرللندر5,16-Jul-26,پرداخت برای شرکت برادران صمدی بابت خریداری گرانیت 100/100 به تعمیرللندر5,16-Jul-26,2052,,,,,,
,"$1,110,977 ",$349.54 ,,$65.80 ,"AFN 33,775,488","AFN 23,000",پرداخت برای فروشگاه سید حسن موسوی بابت خریداری مواد نلدوانی به تعمیرللندر 5 از مجموع بل نمبر 1532,16-Jul-26,پرداخت برای فروشگاه سید حسن موسوی بابت خریداری مواد نلدوانی به تعمیرللندر 5 از مجموع بل نمبر 1532,16-Jul-26,2053,,,,,,
,"$1,111,022 ",$45.59 ,,$65.80 ,"AFN 33,778,488","AFN 3,000",پیش پرداخت برای ادریس ولد دولت چوکیدار تعمیرللندر 5 بابت ماه سرطان 1405,16-Jul-26,پیش پرداخت برای ادریس ولد دولت چوکیدار تعمیرللندر 5 بابت ماه سرطان 1405,16-Jul-26,2054,,,,,,
,"$1,111,174 ",$151.98 ,,$65.80 ,"AFN 33,788,488","AFN 10,000",پرداخت برای نقیب الله + عبدالله بابت گچ کاری و افزار کاری های تعمیرللندر5,16-Jul-26,پرداخت برای نقیب الله + عبدالله بابت گچ کاری و افزار کاری های تعمیرللندر5,16-Jul-26,2055,,,,,,
,"$1,111,274 ",$100.00 ,,$65.80 ,"AFN 33,795,068","AFN 6,580",پرداخت برای فیض الله نجار بابت نصب کابینت های آشزخانه تعمیرللندر5,16-Jul-26,پرداخت برای فیض الله نجار بابت نصب کابینت های آشزخانه تعمیرللندر5,16-Jul-26,2056,,,,,,
,"$1,111,456 ",$182.37 ,,$65.80 ,"AFN 33,807,068","AFN 12,000",پرداخت معاش هارون ولد فضل الرحمن کاریگر تعمیرللندر 5 بابت ماه جوزا 1405,16-Jul-26,پرداخت معاش هارون ولد فضل الرحمن کاریگر تعمیرللندر 5 بابت ماه جوزا 1405,16-Jul-26,2057,,,,,,
,"$1,111,532 ",$75.99 ,,$65.80 ,"AFN 33,812,068","AFN 5,000",پرداخت برای تقی بابت کاشی کاری های تعمیرللندر 5,16-Jul-26,پرداخت برای تقی بابت کاشی کاری های تعمیرللندر 5,16-Jul-26,2058,,,,,,
,"$1,112,292 ",$759.88 ,,$65.80 ,"AFN 33,862,068","AFN 50,000",پرداخت برای شفیق الله بابت نصب کابینت تشنابهای تعمیرللندر 5,16-Jul-26,پرداخت برای شفیق الله بابت نصب کابینت تشنابهای تعمیرللندر 5,16-Jul-26,2059,,,,,,
,"$1,112,368 ",$75.99 ,,$65.80 ,"AFN 33,867,068","AFN 5,000",پرداخت اجرت 10 روزه نثار احمد بابت داغگیری و کاشی کاری های تعمیرللندر5,16-Jul-26,پرداخت اجرت 10 روزه نثار احمد بابت داغگیری و کاشی کاری های تعمیرللندر5,16-Jul-26,2060,,,,,,
,"$1,112,444 ",$75.99 ,,$65.80 ,"AFN 33,872,068","AFN 5,000",پرداخت برای نوروز علی بابت نصب هواکش و یا کانال های تعمیرللندر5,16-Jul-26,پرداخت برای نوروز علی بابت نصب هواکش و یا کانال های تعمیرللندر5,16-Jul-26,2061,,,,,,
,"$1,112,479 ",$34.19 ,,$65.80 ,"AFN 33,874,318","AFN 2,250",پرداخت برای فروشگاه حسین نظری بابت خریداری اسکوپ و صفحه به کاشی کاری های تعمیرللندر5,16-Jul-26,پرداخت برای فروشگاه حسین نظری بابت خریداری اسکوپ و صفحه به کاشی کاری های تعمیرللندر5,16-Jul-26,2062,,,,,,
,"$1,112,509 ",$30.40 ,,$65.80 ,"AFN 33,876,318","AFN 2,000",پیش پرداخت برای محمد سفر ولد محمد باقر بابت ماه سرطان 1405,16-Jul-26,پیش پرداخت برای محمد سفر ولد محمد باقر بابت ماه سرطان 1405,16-Jul-26,2063,,,,,,
,"$1,112,930 ",$420.97 ,,$65.80 ,"AFN 33,904,018","AFN 27,700","پرداخت برای کاکا بادام گل بدست روز الدین بابت خریداری سمنت ایرانی , خشت اول , ریگ خاکه , انتقال سیخ گول از للندر 4 به للندر 5 و انتقال ریگ به تعمیرللندر 5",16-Jul-26,"پرداخت برای کاکا بادام گل بدست روز الدین بابت خریداری سمنت ایرانی , خشت اول , ریگ خاکه , انتقال سیخ گول از للندر 4 به للندر 5 و انتقال ریگ به تعمیرللندر 5",16-Jul-26,2064,,,,,,
,"$1,113,008 ",$78.27 ,,$65.80 ,"AFN 33,909,168","AFN 5,150",پرداخت برای کاکا بادام گل بابت خریداری 10 خریطه سمنت ایرانی به تعمیرللندر5,16-Jul-26,پرداخت برای کاکا بادام گل بابت خریداری 10 خریطه سمنت ایرانی به تعمیرللندر5,16-Jul-26,2065,,,,,,
,"$1,113,016 ",$7.60 ,,$65.80 ,"AFN 33,909,668",AFN 500,خریداری تیل دیزل به جنراتور تعمیرللندر5,16-Jul-26,خریداری تیل دیزل به جنراتور تعمیرللندر5,16-Jul-26,2066,,,,,,
,"$1,113,031 ",$15.20 ,,$65.80 ,"AFN 33,910,668","AFN 1,000",خریداری تیل دیزل به جنراتور تعمیرللندر5,16-Jul-26,خریداری تیل دیزل به جنراتور تعمیرللندر5,16-Jul-26,2067,,,,,,
,"$1,113,053 ",$21.73 ,,$65.80 ,"AFN 33,912,098","AFN 1,430","خریداری رومی , کچالو , پیاز,روغن ,ترکاری و ماست به خانه ",16-Jul-26,"خریداری رومی , کچالو , پیاز,روغن ,ترکاری و ماست به خانه ",16-Jul-26,2068,,,,,,
,"$1,113,066 ",$13.68 ,,$65.80 ,"AFN 33,912,998",AFN 900,خریداری مصاله بریانی و گوشت مرغ برای تهیه غذا برای کاریگران و کارمندان ,16-Jul-26,خریداری مصاله بریانی و گوشت مرغ برای تهیه غذا برای کاریگران و کارمندان ,16-Jul-26,2069,,,,,,
,"$1,113,069 ",$2.28 ,,$65.80 ,"AFN 33,913,148",AFN 150,خریداری مایع ظرفشویی و ماست به دفتر,16-Jul-26,خریداری مایع ظرفشویی و ماست به دفتر,16-Jul-26,2070,,,,,,
,"$1,113,084 ",$15.20 ,,$65.80 ,"AFN 33,914,148","AFN 1,000",پرداخت برای محمد شریف بابت سیتم نلدوانی تعمیرللندر 5,16-Jul-26,پرداخت برای محمد شریف بابت سیتم نلدوانی تعمیرللندر 5,16-Jul-26,2071,,,,,,
,"$1,113,088 ",$4.55 ,,$66.00 ,"AFN 33,914,448",AFN 300,خریداری تیل دیزل به جنراتور تعمیرللندر 5  ,18-Jul-26,خریداری تیل دیزل به جنراتور تعمیرللندر 5  ,18-Jul-26,2072,,,,,,
,"$1,113,119 ",$30.30 ,,$66.00 ,"AFN 33,916,448","AFN 2,000",خریداری تیل پطرول به موتر لکسس,18-Jul-26,خریداری تیل پطرول به موتر لکسس,18-Jul-26,2073,,,,,,
,"$1,113,123 ",$4.55 ,,$66.00 ,"AFN 33,916,748",AFN 300,خریداری تیل دیزل به جنراتور تعمیرللندر 5  ,18-Jul-26,خریداری تیل دیزل به جنراتور تعمیرللندر 5  ,18-Jul-26,2074,,,,,,
,"$1,113,138 ",$15.15 ,,$66.00 ,"AFN 33,917,748","AFN 1,000",خریداری تیل دیزل به جنراتور تعمیرللندر 5  ,18-Jul-26,خریداری تیل دیزل به جنراتور تعمیرللندر 5  ,18-Jul-26,2075,,,,,,
,"$1,113,182 ",$43.94 ,,$66.00 ,"AFN 33,920,648","AFN 2,900",خریداری میتر آب به تعمیرللندر 5,18-Jul-26,خریداری میتر آب به تعمیرللندر 5,18-Jul-26,2076,,,,,,
,"$1,113,217 ",$34.24 ,,$66.00 ,"AFN 33,922,908","AFN 2,260",پرداخت مصرف بل برق تعمیرللندر 5 بابت ماه جوزا 1405,19-Jul-26,پرداخت مصرف بل برق تعمیرللندر 5 بابت ماه جوزا 1405,19-Jul-26,2077,,,,,,
,"$1,113,292 ",$75.76 ,,$66.00 ,"AFN 33,927,908","AFN 5,000",خریداری تیل پطرول به موتر لندکروزر ,19-Jul-26,خریداری تیل پطرول به موتر لندکروزر ,19-Jul-26,2078,,,,,,
,"$1,113,330 ",$37.88 ,,$66.00 ,"AFN 33,930,408","AFN 2,500",پرداخت فیس انترنت خانه خانه از تاریخ 17 جولای 2026 الی 18 آگست 2026,19-Jul-26,پرداخت فیس انترنت خانه خانه از تاریخ 17 جولای 2026 الی 18 آگست 2026,19-Jul-26,2079,,,,,,
,"$1,113,335 ",$4.55 ,,$66.00 ,"AFN 33,930,708",AFN 300,خریداری ماست و کشمش و خلال زردک برای تهیه غذا برای کاریگران و کارمندان ,19-Jul-26,خریداری ماست و کشمش و خلال زردک برای تهیه غذا برای کاریگران و کارمندان ,19-Jul-26,2080,,,,,,
,"$1,113,338 ",$3.33 ,,$66.00 ,"AFN 33,930,928",AFN 220,خریداری یک سیر کچالو برای تهیه غذا برای کاریگران و کارمندان ,19-Jul-26,خریداری یک سیر کچالو برای تهیه غذا برای کاریگران و کارمندان ,19-Jul-26,2081,,,,,,
,"$1,113,546 ",$207.62 ,,$65.60 ,"AFN 33,944,548","AFN 13,620",پرداخت برای تقی کاشی کار بابت نصب سنگ زینه و کاشی کاری های تعمیرللندر5,20-Jul-26,پرداخت برای تقی کاشی کار بابت نصب سنگ زینه و کاشی کاری های تعمیرللندر5,20-Jul-26,2082,,,,,,
,"$1,113,575 ",$29.09 ,,$65.60 ,"AFN 33,946,456","AFN 1,908",پرداخت برای شرکت آریا دیکور بابت تفاوت متراژ کناف کاری تشنابهای تعمیرللندر5,20-Jul-26,پرداخت برای شرکت آریا دیکور بابت تفاوت متراژ کناف کاری تشنابهای تعمیرللندر5,20-Jul-26,2083,,,,,,
,"$1,113,593 ",$18.29 ,,$65.60 ,"AFN 33,947,656","AFN 1,200",خریداری 5 کواتر مبلایل و اجرت مبلایل تبدیلی جنراتور تعمیرللندر 5,20-Jul-26,خریداری 5 کواتر مبلایل و اجرت مبلایل تبدیلی جنراتور تعمیرللندر 5,20-Jul-26,2084,,,,,,
,"$1,113,600 ",$7.09 ,,$65.60 ,"AFN 33,948,121",AFN 465,"خریداری بادنجان سیه , روغن مایع و بادنجان رومی برای تهیه غذا برای کاریگران و کارمندان ",20-Jul-26,"خریداری بادنجان سیه , روغن مایع و بادنجان رومی برای تهیه غذا برای کاریگران و کارمندان ",20-Jul-26,2085,,,,,,
,"$1,114,100 ",$500.00 , $500.00 ,$65.60 ,"AFN 33,948,121",AFN 0,پرداخت پرداخت برای مسعود - غلام محمد بابت نصب کتاره های نمای بیرونی تعمیرللندر 5,20-Jul-26,پرداخت پرداخت برای مسعود - غلام محمد بابت نصب کتاره های نمای بیرونی تعمیرللندر 5,20-Jul-26,2086,,,,,,
,"$1,114,123 ",$22.80 ,,$65.80 ,"AFN 33,949,621","AFN 1,500",خریداری تیل دیزل به جنراتور تعمیرللندر 5,21-Jul-26,خریداری تیل دیزل به جنراتور تعمیرللندر 5,21-Jul-26,2087,,,,,,
,"$1,114,143 ",$19.76 ,,$65.80 ,"AFN 33,950,921","AFN 1,300","خریداری روغن مایع , کشمش, گاز مایع مرچ تازه , بادرنگ , ماست ,خلال زردک برای تهیه غذا برای کاریگران و کارمندان ",21-Jul-26,"خریداری روغن مایع , کشمش, گاز مایع مرچ تازه , بادرنگ , ماست ,خلال زردک برای تهیه غذا برای کاریگران و کارمندان ",21-Jul-26,2088,,,,,,
,"$1,114,167 ",$24.28 ,,$65.90 ,"AFN 33,952,521","AFN 1,600",پرداخت اجرت دو روزه عبدالقادر گلکار بابت پلستر کاری و خشت کاری های منزل آخر تعمیرللندر 5 توسط سمیرللندر,22-Jul-26,پرداخت اجرت دو روزه عبدالقادر گلکار بابت پلستر کاری و خشت کاری های منزل آخر تعمیرللندر 5 توسط سمیرللندر,22-Jul-26,2089,,,,,,
,"$1,114,170 ",$2.73 ,,$65.85 ,"AFN 33,952,701",AFN 180,خریداری کدوگگ برای تهیه غذا برای کاریگران و کارمندان ,23-Jul-26,خریداری کدوگگ برای تهیه غذا برای کاریگران و کارمندان ,23-Jul-26,2090,,,,,,
,"$1,114,185 ",$15.49 ,,$65.85 ,"AFN 33,953,721","AFN 1,020","خریداری مصاله بریانی , روغن و گوشت مرغ برای تهیه غذا برای کاریگران و کارمندان ",23-Jul-26,"خریداری مصاله بریانی , روغن و گوشت مرغ برای تهیه غذا برای کاریگران و کارمندان ",23-Jul-26,2091,,,,,,
,"$1,115,185 ","$1,000.00 ",,$65.85 ,"AFN 34,019,571","AFN 65,850",پرداخت برای شرکت تجارتی برادران صمدی بابت خریداری کاشی 100/100 به تعمیرللندر 5,23-Jul-26,پرداخت برای شرکت تجارتی برادران صمدی بابت خریداری کاشی 100/100 به تعمیرللندر 5,23-Jul-26,2092,,,,,,
,"$1,115,191 ",$6.07 ,,$65.85 ,"AFN 34,019,971",AFN 400,خریداری چای خشک و بوره به دفترساحوی تعمیرللندر5,23-Jul-26,خریداری چای خشک و بوره به دفترساحوی تعمیرللندر5,23-Jul-26,2093,,,,,,
,"$1,115,210 ",$19.13 ,,$65.85 ,"AFN 34,021,231","AFN 1,260",خریداری صفحه و کلپس برای تعمیرللندر 5,23-Jul-26,خریداری صفحه و کلپس برای تعمیرللندر 5,23-Jul-26,2094,,,,,,
,"$1,115,735 ",$524.68 ,,$65.85 ,"AFN 34,055,781","AFN 34,550",پرداخت برای آهن آلات نقشبندی بابت خریداری های تعمیرللندر 5,23-Jul-26,پرداخت برای آهن آلات نقشبندی بابت خریداری های تعمیرللندر 5,23-Jul-26,2095,,,,,,
,"$1,116,269 ",$533.79 ,,$65.85 ,"AFN 34,090,931","AFN 35,150","پرداخت و تصفیه حساب مکمل کاکا بادام گل توسط روزالدین بابت خریداری سمنت , انتقال مواد و خریدری خشت اول به تعمیرللندر 5",23-Jul-26,"پرداخت و تصفیه حساب مکمل کاکا بادام گل توسط روزالدین بابت خریداری سمنت , انتقال مواد و خریدری خشت اول به تعمیرللندر 5",23-Jul-26,2096,,,,,,
,"$1,116,633 ",$364.46 ,,$65.85 ,"AFN 34,114,931","AFN 24,000",پرداخت برای شرکت قلب آسیاه بابت خریداری گچ به تعمیرللندر 5,23-Jul-26,پرداخت برای شرکت قلب آسیاه بابت خریداری گچ به تعمیرللندر 5,23-Jul-26,2097,,,,,,
,"$1,117,551 ",$917.33 ,,$65.85 ,"AFN 34,175,337","AFN 60,406",پرداخت و تصفیه حساب مکمل شرکت تجارتی آخندزاده بابت تعمیرللندر 5,23-Jul-26,پرداخت و تصفیه حساب مکمل شرکت تجارتی آخندزاده بابت تعمیرللندر 5,23-Jul-26,2098,,,,,,
,"$1,117,566 ",$15.19 ,,$65.85 ,"AFN 34,176,337","AFN 1,000",پرداخت برای شرکت کابل ترید بابت خریداری پل سرامیک بر و چسپ کاغذی به تعمیرللندر 5,23-Jul-26,پرداخت برای شرکت کابل ترید بابت خریداری پل سرامیک بر و چسپ کاغذی به تعمیرللندر 5,23-Jul-26,2099,,,,,,
,"$1,117,576 ",$10.24 ,,$66.00 ,"AFN 34,177,013",AFN 676,"خریداری کچالو , روغن مایع , بادنجان سیاه و بادنجان رومی برای تهیه غذا برای کاریگران و کارمندان ",25-Jul-26,"خریداری کچالو , روغن مایع , بادنجان سیاه و بادنجان رومی برای تهیه غذا برای کاریگران و کارمندان ",25-Jul-26,2100,,,,,,
,"$1,117,581 ",$4.55 ,,$66.00 ,"AFN 34,177,313",AFN 300,"خریداری مایع ظرفشویی , شیشه پاکن و صفای به تعمیرللندر 5",25-Jul-26,"خریداری مایع ظرفشویی , شیشه پاکن و صفای به تعمیرللندر 5",25-Jul-26,2101,,,,,,
,"$1,117,589 ",$8.56 ,,$66.00 ,"AFN 34,177,878",AFN 565,"خریداری لوبیا , روغن مایع , ماست و مرچ تازه برای تهیه غذا برای کاریگران و کارمندان ",26-Jul-26,"خریداری لوبیا , روغن مایع , ماست و مرچ تازه برای تهیه غذا برای کاریگران و کارمندان ",26-Jul-26,2102,,,,,,
,"$1,117,653 ",$63.64 ,,$66.00 ,"AFN 34,182,078","AFN 4,200",پرداخت برای مبلایل تبدیلی موتر لندکروزر ,26-Jul-26,پرداخت برای مبلایل تبدیلی موتر لندکروزر ,26-Jul-26,2103,,,,,,
,"$1,117,683 ",$30.30 ,,$66.00 ,"AFN 34,184,078","AFN 2,000",خریداری تیل دیزل به جنراتور تعمیرللندر 5,26-Jul-26,خریداری تیل دیزل به جنراتور تعمیرللندر 5,26-Jul-26,2104,,,,,,
,"$1,117,856 ",$172.73 ,,$66.00 ,"AFN 34,195,478","AFN 11,400",خریداری ظرفشوی سیاه دو خانه ایی به تعمیرللندر 5,26-Jul-26,خریداری ظرفشوی سیاه دو خانه ایی به تعمیرللندر 5,26-Jul-26,2105,,,,,,
,"$1,117,874 ",$17.77 ,,$66.00 ,"AFN 34,196,651","AFN 1,173",پرداخت معاش عبدالبصیر ولد رضا کاریگر تعمیرللندر 5 بابت ماه سرطان 1405 (اخراجی),26-Jul-26,پرداخت معاش عبدالبصیر ولد رضا کاریگر تعمیرللندر 5 بابت ماه سرطان 1405 (اخراجی),26-Jul-26,2106,,,,,,
,"$1,117,995 ",$121.21 ,,$66.00 ,"AFN 34,204,651","AFN 8,000",پرداخت برای نصرت الله رنگمال تعمیرللندر 5 توسط حاجی عاشق الله در ساحه کاری,26-Jul-26,پرداخت برای نصرت الله رنگمال تعمیرللندر 5 توسط حاجی عاشق الله در ساحه کاری,26-Jul-26,2107,,,,,,
,"$1,118,146 ",$151.52 ,,$66.00 ,"AFN 34,214,651","AFN 10,000",پرداخت برای نقیب الله + عبدالله بابت گچ کاری و افزار کاری های تعمیرللندر 5,26-Jul-26,پرداخت برای نقیب الله + عبدالله بابت گچ کاری و افزار کاری های تعمیرللندر 5,26-Jul-26,2108,,,,,,
,"$1,118,154 ",$7.42 ,,$66.00 ,"AFN 34,215,141",AFN 490,"خریداری روغن مایع ,ماست , کشمش و خلال زردک برای تهیه غذا برای کارمندان و کاریگران ",27-Jul-26,"خریداری روغن مایع ,ماست , کشمش و خلال زردک برای تهیه غذا برای کارمندان و کاریگران ",27-Jul-26,2109,,,,,,
,"$1,118,275 ",$121.21 ,,$66.00 ,"AFN 34,223,141","AFN 8,000",پرداخت معاش تاج الدین ولد غوث الدین بابت ماه سرطان 1405,27-Jul-26,پرداخت معاش تاج الدین ولد غوث الدین بابت ماه سرطان 1405,27-Jul-26,2110,,,,,,
,"$1,118,427 ",$151.52 ,,$66.00 ,"AFN 34,233,141","AFN 10,000",پرداخت برای نقیب الله + عبدالله بابت گچ کاری و افرار کاری های تعمیرللندر 5,27-Jul-26,پرداخت برای نقیب الله + عبدالله بابت گچ کاری و افرار کاری های تعمیرللندر 5,27-Jul-26,2111,,,,,,
,"$1,118,457 ",$30.30 ,,$66.00 ,"AFN 34,235,141","AFN 2,000",پرداخت برای نثار احمد بابت اجرت روزمزد روزانه کاشی کاری و داغگیری های تعمیرللندر 5 ,27-Jul-26,پرداخت برای نثار احمد بابت اجرت روزمزد روزانه کاشی کاری و داغگیری های تعمیرللندر 5 ,27-Jul-26,2112,,,,,,
,"$1,118,476 ",$18.91 ,,$66.10 ,"AFN 34,236,391","AFN 1,250",خریداری گوشت گوساله برای تهیه غذا برای کاریگران و کارمندان ,28-Jul-26,خریداری گوشت گوساله برای تهیه غذا برای کاریگران و کارمندان ,28-Jul-26,2113,,,,,,
,"$1,118,489 ",$13.16 ,,$66.10 ,"AFN 34,237,261",AFN 870,"پرداخت مصارفات رحیم از قبیل رفتن به باغ قاضی ناحیه اول , کاپی اسناد , پرداخت به وکیل گذر کارته چهار و کاپی عریضه به ناحیه سوم ",28-Jul-26,"پرداخت مصارفات رحیم از قبیل رفتن به باغ قاضی ناحیه اول , کاپی اسناد , پرداخت به وکیل گذر کارته چهار و کاپی عریضه به ناحیه سوم ",28-Jul-26,2114,,,,,,
,"$1,118,670 ",$181.54 ,,$66.10 ,"AFN 34,249,261","AFN 12,000",پرداخت برای مسعود شیشه شان تعمیرللندر 5,28-Jul-26,پرداخت برای مسعود شیشه شان تعمیرللندر 5,28-Jul-26,2115,,,,,,
,"$1,118,686 ",$15.13 ,,$66.10 ,"AFN 34,250,261","AFN 1,000",خریداری تیل دیزل به جنراتور تعمیرللندر 5,28-Jul-26,خریداری تیل دیزل به جنراتور تعمیرللندر 5,28-Jul-26,2116,,,,,,
,,,,,,,,,,,,,,,,,
,,,,,,,,,,,,,,,,,
,,,,,,,,,,,,,,,,,
,,,,,,,,,,,,,,,,,
,,,,,,,,,,,,,,,,,
,,,,,,,,,,,,,,,,,
,,,,,,,,,,,,,,,,,
,,,,,,,,,,,,,,,,,
