,,,LALANDER 4 Building General Expenses sheet,,,,,,,,
,,,جدول عمومی مصارفات تعمیر للندر 4,,,,,,,,
ملاحظات,مجموع مصارفات به دالر,مصارف افغانی+ دالری,مصرف دالری,نرخ اسعار,مجموع بیلانس افغانی,مصرف افغانی ,کتگوری,توضیحات,تاریخ,شماره ,
Remarks,Total Expenses by USD,AFN+USD,USD,Exchange Rate,مجموع بیلانس افغانی,AFN,,Discretion,DATE,S/N,
,$118 ,$118.47 ,,$72.00 ,"AFN 8,530","AFN 8,530",,پرداخت برای سمیع الله اکاخیل بابت اخذ کارت زرد و کارمندان ناحیه سوم برای اعمار تعمیرللندر 4,28-Mar-24,1,
,$394 ,$275.97 ,,$72.40 ,"AFN 28,510","AFN 19,980",,"پرداخت برای کندن کاری چاه جذبی, پائین کردن 27 حلقه چک,اجرت ساخت فلتر,چای صبح و نان چاشت سه نفر کاریگر,سرپوش سمنتی , ریگ و سمنت و پرداخت کرای موتر بابت انتقال چک های سمنتی به للندر 4",26-Apr-24,2,
,$894 ,$500.00 , $500 ,$70.60 ,"AFN 28,510",AFN 0,,خریداری یک میل سلاح کمری به رئیس مجوز ساختمانا بابت امر تعمیرللندر 4,22-Jul-24,3,
,"$1,037 ",$142.35 ,,$70.60 ,"AFN 38,560","AFN 10,050",,پرداخت برای مهمانی کارمندان ناحیه سوم بابت امر تعمیرللندر 4,22-Jul-24,4,
,"$1,108 ",$71.39 ,,$70.60 ,"AFN 43,600","AFN 5,040",,"خریداری تیل پطرول به موتر , خریداری پایپ 1"" به چاه عمیق تعمیرللند4",22-Jul-24,5,
,"$1,391 ",$283.29 ,,$70.60 ,"AFN 63,600","AFN 20,000",,پیش پرداخت برای زرین جان بابت چاه عمیق تعمیرللندر4 ,22-Jul-24,6,
,"$1,611 ",$219.55 ,,$70.60 ,"AFN 79,100","AFN 15,500",,"پرداخت برای خریداری خاک لوگر ,کرای یکطرفه رادها و خریداری پلاستیک به تعمیرللندر 4",22-Jul-24,7,
,"$1,629 ",$18.39 ,,$70.70 ,"AFN 80,400","AFN 1,300",,خریداری یک نانکر آب به حفر چاه عمیق تعمیرللندر 4,28-Jul-24,8,
,"$1,665 ",$35.36 ,,$70.70 ,"AFN 82,900","AFN 2,500",,"خریداری تیل پطرول به موتر کرولا, تیل پطرول به جنراتور بخاطر چاه عمیق تعمیرللندر 4",28-Jul-24,9,
,"$4,895 ","$3,229.84 ",,$70.70 ,"AFN 311,250","AFN 228,350",,"خریداری پائیپ 40 کیلویی7"",خار پیچ , فلتر و غیره به چاه عمیق تعمیرللندر 4",31-Jul-24,10,
,"$4,988 ",$93.35 ,,$70.70 ,"AFN 317,850","AFN 6,600",,خریداری تیل پطرول به موتر و مصارف زمین للندر 4 و تعرفه پشتنی بانک به امر تعمیرللندر 4,31-Jul-24,11,
,"$8,754 ","$3,765.87 ",,$70.90 ,"AFN 584,850","AFN 267,000",,پرداخت برای تصفیه حساب حفر چاه عمیق تعمیرللندر 4,3-Aug-24,12,
,"$8,784 ",$30.32 ,,$70.90 ,"AFN 587,000","AFN 2,150",,پرداخت برای مصارف نان چاشت کارمندان اداره امور بابت تعمیرللندر 4,3-Aug-24,13,
,"$10,784 ","$2,000.00 "," $2,000 ",$70.90 ,"AFN 587,000",AFN 0,,پرداخت برای سمیع الله اکاخیل توسط حاجی رفیع الله برداشت شخصی,11-Aug-24,14,
,"$12,984 ","$2,200.00 "," $2,200 ",$70.50 ,"AFN 587,000",AFN 0,,پرداخت برای انجنیر  مجوز بخاطر خرید کمپیوتر بابت امر اعمار تعمیرللندر 4,,15,
,"$14,734 ","$1,750.00 "," $1,750 ",$70.50 ,"AFN 587,000",AFN 0,,پرداخت برای خریداری تحفه به امر اعمار تعمیرللندر 4,,16,
,"$16,134 ","$1,400.00 "," $1,400 ",$70.50 ,"AFN 587,000",AFN 0,,پرداخت برای انجنیر فروغ دیزائینر بابت نقشه تعمیرللندر 4 ,,17,
,"$16,191 ",$56.74 ,,$70.50 ,"AFN 591,000","AFN 4,000",,پرداخت برای خریداری لاسپیکر به مسجد ریاست صدور مجوزبابت تعمیرللندر4,,18,
,"$16,248 ",$56.74 ,,$70.50 ,"AFN 595,000","AFN 4,000",,پرداخت برای خریداری تحفه به امر اعمار تعمیرللندر 4,,19,
,"$21,248 ","$5,000.00 "," $5,000 ",$69.70 ,"AFN 595,000",AFN 0,,پرداخت برای انجنیر فروغ دیزائینر بابت نقشه تعمیرللندر 4 ,28-May-25,20,
,"$24,248 ","$3,000.00 "," $3,000 ",$69.36 ,"AFN 595,000",AFN 0,,پرداخت برای انجنیر فروغ دیزائینر بابت نقشه تعمیرللندر 4 ,1-Jun-25,21,
,"$24,748 ",$500.00 , $500 ,$70.85 ,"AFN 595,000",AFN 0,,پرداخت برای تعرفه پوهنتون کابل بابت نتیجه تست خاک تعمیرللندر 4,21-Jun-25,22,
,"$25,248 ",$500.00 , $500 ,$70.85 ,"AFN 595,000",AFN 0,,پرداخت برای انجنیر فروغ دیزائینر بابت نقشه تعمیرللندر 4 ,21-Jun-25,23,
,"$26,672 ","$1,424.86 ",,$70.00 ,"AFN 694,740","AFN 99,740",,پرداخت تعرفه ریاست آبرسانی فاضلاب تعمیرللند4,1-Jul-25,24,
,"$27,222 ",$550.00 , $550 ,$69.77 ,"AFN 694,740",AFN 0,,پرداخت برای خریداری تحفه به امر اعمار تعمیرللندر 4,3-Jul-25,25,
,"$28,222 ","$1,000.00 "," $1,000 ",$69.00 ,"AFN 694,740",AFN 0,,پرداخت برای انجنیر فروغ دیزائینر بابت نقشه تعمیرللندر 4 ,9-Jul-25,26,
,"$29,222 ","$1,000.00 "," $1,000 ",$69.00 ,"AFN 694,740",AFN 0,,پرداخت قسط اول برای شرکت کلین کت بابت تست خاک تعمیرللندر 4,9-Jul-25,27,
,"$30,922 ","$1,700.00 "," $1,700 ",$69.13 ,"AFN 694,740",AFN 0,,پرداخت برای انجنیر فروغ دیزائینر بابت نقشه تعمیرللندر 4 ,13-Jul-25,28,
,"$31,272 ",$350.00 , $350 ,$69.13 ,"AFN 694,740",AFN 0,,خریداری تحفه به امر اعمار تعمیرللندر 4,13-Jul-25,29,
,"$37,272 ","$6,000.00 "," $6,000 ",$69.13 ,"AFN 694,740",AFN 0,,خریداری تحفه به امر اعمار تعمیرللندر 4,13-Jul-25,30,
,"$38,272 ","$1,000.00 "," $1,000 ",$68.35 ,"AFN 694,740",AFN 0,,پرداخت و تصفیه حساب شرکت کلین کت بابت تست خاک تعمیرللندر 4,23-Jul-25,31,
,"$38,294 ",$21.95 ,,$68.35 ,"AFN 696,240","AFN 1,500",,خریداری پیتزا برای مدیران ناحیه سوم بابت تعمیرللندر 4,10-Aug-25,32,
,"$38,309 ",$14.94 ,,$68.35 ,"AFN 697,261","AFN 1,021",,خریداری لین 2/1.5 ملی جریدار و لابرتیب به تعمیرللندر 4,13-Aug-25,33,
,"$38,557 ",$247.26 ,,$68.35 ,"AFN 714,161","AFN 16,900",,پرداخت برای حفازی چاه های پایل تعمیرللندر 4,16-Aug-25,34,
,"$38,630 ",$73.15 ,,$68.35 ,"AFN 719,161","AFN 5,000",,پرداخت تعرفه ریاست کنترول ساختمانها بابت تعمیرللندر4 ,23-Aug-25,35,
,"$38,769 ",$138.99 ,,$68.35 ,"AFN 728,661","AFN 9,500",,پرداخت برای مصارف آب بازی انجنیران و پرداخت برای  خرید تحفه به امر اعمار تعمیرللندر4,23-Aug-25,36,
,"$38,969 ",$200.00 , $200 ,$68.35 ,"AFN 728,661",AFN 0,,پرداخت برای شرکت ساختمانی بابت تضمین انجنیر ساحوی تعمیرللندر 4,23-Aug-25,37,
,"$39,035 ",$65.84 ,,$68.35 ,"AFN 733,161","AFN 4,500",,پرداخت برای کرن بابت پائین نمودن پایل های سیم تابی شده تعمیرللندر 4,27-Aug-25,38,
,"$40,746 ","$1,711.78 ",,$68.35 ,"AFN 850,161","AFN 117,000",,پرداخت برای کاکا بادام گل بابت خریداری 260 خریطه سمنت عسکری به کانکریت ریزی پایل های تعمیرللندر 4,28-Aug-25,39,
,"$41,046 ",$300.00 , $300 ,$68.35 ,"AFN 850,161",AFN 0,,پرداخت برای انجنیر عبدالقدیر نبوی بابت دیزائین بیرونی تعمیرللندر 4,28-Aug-25,40,
,"$41,876 ",$829.55 ,,$68.35 ,"AFN 906,861","AFN 56,700",,"خریداری آب بازک ,پائیپ PPR , لین برق , و غیره سامان آلات به چاه آب تعمیرللندر 4",28-Aug-25,41,
,"$42,037 ",$160.94 ,,$68.35 ,"AFN 917,861","AFN 11,000",,پرداخت برای غلام علی مکسر کار بابت کانکریت ریزی پایل های تعمیرللندر 4,28-Aug-25,42,
,"$42,458 ",$421.36 ,,$68.35 ,"AFN 946,661","AFN 28,800",,پرداخت برای کاکا بادام گل بابت خریداری ریگ شسته به کانکریت ریزی پایل های تعمیرللندر 4,28-Aug-25,43,
,"$42,467 ",$8.78 ,,$68.35 ,"AFN 947,261",AFN 600,,خریداری جوس به انجنیران بابت تعمیرللندر 4,28-Aug-25,44,
,"$42,540 ",$73.15 ,,$68.35 ,"AFN 952,261","AFN 5,000",,خریداری تیل پطرول به موتر رئیس مجوز بابت تعمیرللندر 4,30-Aug-25,45,
,"$44,540 ","$2,000.00 "," $2,000 ",$68.35 ,"AFN 952,261",AFN 0,,پرداخت برای انجنیر فروغ دیزائینر بابت نقشه تعمیرللندر 4 ,31-Aug-25,46,
,"$44,732 ",$191.95 ,,$68.30 ,"AFN 965,371","AFN 13,110",,"پرداخت برای مصارف تعمیرللندر 4 از قبیل نوشابه , جوس,پول نقد,کباب ,گچ کلان, رجه و متر به تعمیرللندر 4",4-Sep-25,47,
,"$44,747 ",$14.64 ,,$68.30 ,"AFN 966,371","AFN 1,000",,پرداخت برای انجیر وحید الله بخاطر خریداری جوس به کارمندان ناحیه سه للندر4,4-Sep-25,48,
,"$45,347 ",$600.00 , $600 ,$68.30 ,"AFN 966,371",AFN 0,,پرداخت برای خریداری گوساله به خیرات تعمیرللندر 4,4-Sep-25,49,
,"$45,349 ",$2.20 ,,$68.30 ,"AFN 966,521",AFN 150,,پرداخت برای خریداری گاز مایع به تعمیرللندر 4,6-Sep-25,50,
,"$45,386 ",$36.66 ,,$68.20 ,"AFN 969,021","AFN 2,500",,پرداخت برای اجرت مزد یک ساعته اسکواتور بابت کندن کاری تعمیرللندر 4,7-Sep-25,51,
,"$45,453 ",$67.74 ,,$68.20 ,"AFN 973,641","AFN 4,620",,پرداخت برای مدیر فیروز مصارف چای صبح و نان چاشت چوکیدار و مدیران تعمیرللندر 4 از تاریخ 20 اسد الی 16 سنبله 1404,7-Sep-25,52,
,"$45,455 ",$1.76 ,,$68.20 ,"AFN 973,761",AFN 120,,خریداری دستکش به تعمیرللندر 4,7-Sep-25,53,
,"$45,462 ",$7.33 ,,$68.20 ,"AFN 974,261",AFN 500,,پیش پرداخت برای امیر خان کندن کاری پایل های تعمیرللندر 4,8-Sep-25,54,
,"$45,980 ",$517.60 ,,$68.20 ,"AFN 1,009,561","AFN 35,300",,"پرداخت برای مطبعه عصر ظهور بابت افتتاحیه پروژه للندر 4 از قبیل چاپ فلکس 300/500 فلکس 300/480, چاپ استند , پروشور,ساعت تبلیغاتی,پوش سرتیفیکیت,کاغذ سرتیفکیت,بیرق ها به سایز های مختلف , دیزائین و اجرت نصب کار",8-Sep-25,55,
,"$46,125 ",$145.16 ,,$68.20 ,"AFN 1,019,461","AFN 9,900",,پرداخت اجرت کرای مانیتور به محفل افتتاحیه تعمیرللندر 4,8-Sep-25,56,
,"$46,155 ",$29.33 ,,$68.20 ,"AFN 1,021,461","AFN 2,000",,پیش پرداخت اسماعیل چاه کن بابت حفاری پایل های تعمیرللندر4,8-Sep-25,57,
,"$46,163 ",$8.80 ,,$68.20 ,"AFN 1,022,061",AFN 600,,خریداری چاکلیت به محفل افتتاحیه تعمیرللندر 4,9-Sep-25,58,
,"$46,165 ",$1.99 ,,$68.00 ,"AFN 1,022,196",AFN 135,,پرداخت برای خبازی عبدالمطلب بغلانی بابت خریداری نان خشک به تعمیرللندر 4,11-Sep-25,59,
,"$46,191 ",$25.74 ,,$68.00 ,"AFN 1,023,946","AFN 1,750",,خریداری سیم جستی 1.5 ملی به تعمیرللندر 4,11-Sep-25,60,
,"$46,485 ",$294.12 ,,$68.00 ,"AFN 1,043,946","AFN 20,000",,پرداخت برای امیر خان بابت کندن کاری پایل های تعمیرللندر 4,11-Sep-25,61,
,"$46,512 ",$26.47 ,,$68.00 ,"AFN 1,045,746","AFN 1,800",,خریداری تیل دیزل و مبلایل به جنراتور دیزیلی تعمیرللندر 4,14-Sep-25,62,
,"$51,394 ","$4,882.00 "," $4,882 ",$68.00 ,"AFN 1,045,746",AFN 0,,پرداخت برای خریداری 35 تن سمنت به کانکریت ریزی پایل های تعمیرللندر4 ,14-Sep-25,63,
,"$51,804 ",$410.29 ,,$68.00 ,"AFN 1,073,646","AFN 27,900",,پرداخت و تصفیه حساب کندن کاری 16 حلقه پایل به عمق 10.5 متر مجموعا 168 متر فی متر از 300 افغانی بابت تعمیرللندر4,14-Sep-25,64,
,"$51,870 ",$66.18 ,,$68.00 ,"AFN 1,078,146","AFN 4,500",,پرداخت برای محمد نسیم کرن کار بابت پائین نمودن جال های سیم تابی شده در پایل های تعمیرللندر 4,15-Sep-25,65,
,"$52,223 ",$352.94 ,,$68.00 ,"AFN 1,102,146","AFN 24,000",,پرداخت برای غلام علی مکسر کار بابت کانکریت ریزی 16 حلقه پایل ها همراه با رینگ ها فی حقله مبلغ 1500 افغانی تعمیرللندر 4,15-Sep-25,66,
,"$52,238 ",$14.71 ,,$68.00 ,"AFN 1,103,146","AFN 1,000",,خریداری تیل پطرول به موتر کرولا نقره ایی بابت تعمیرللندر 4,15-Sep-25,67,
,"$52,267 ",$29.41 ,,$68.00 ,"AFN 1,105,146","AFN 2,000",,خریداری تیل دیزل به جنراتور تعمیرللندر 4,15-Sep-25,68,
,"$52,767 ",$500.00 ,,$68.00 ,"AFN 1,139,146","AFN 34,000",,پرداخت برای خریداری کرش به کانکریت ریزی پایل های تعمیرللندر 4,15-Sep-25,69,
,"$53,145 ",$377.43 ,,$67.00 ,"AFN 1,164,434","AFN 25,288",,پرداخت برای حاجی نادر بابت تصفیه صفایی جایداد تعمیرللندر 4 سال 1404,16-Sep-25,70,
,"$53,188 ",$43.25 ,,$67.00 ,"AFN 1,167,332","AFN 2,898",,"خریداری دبل ,لابرتیپ ضد آب , بست واترپمپ به تعمیرللندر 4",16-Sep-25,71,
,"$53,237 ",$49.25 ,,$67.00 ,"AFN 1,170,632","AFN 3,300",,پرداخت برای کرن کار بابت انتقال کانتینر 20 فت از کارته سه به تعمیرللندر 4,17-Sep-25,72,
,"$53,258 ",$21.19 ,,$67.00 ,"AFN 1,172,052","AFN 1,420",,خریداری تیل پطرول به موتر کرولا نقره ایی بابت تعمیرللندر 4,17-Sep-25,73,
,"$53,273 ",$14.93 ,,$67.00 ,"AFN 1,173,052","AFN 1,000",,خریداری تیل دیزل به جنراتور تعمیرللندر 4,17-Sep-25,74,
,"$53,345 ",$71.64 ,,$67.00 ,"AFN 1,177,852","AFN 4,800",,خریداری دو بندل پایپ ایرانی به تعمیرللندر 4,17-Sep-25,75,
,"$53,348 ",$2.69 ,,$67.00 ,"AFN 1,178,032",AFN 180,,"خریداری پتره , میخ و پل اره به تعمیرللندر 4",17-Sep-25,76,
,"$56,324 ","$2,976.19 ",,$67.20 ,"AFN 1,378,032","AFN 200,000",,پرداخت قسط اول برای آدم خان بابت کندن کاری دو منزل تهکوی تعمیرللندر 4,18-Sep-25,77,
,"$56,335 ",$11.68 ,,$67.20 ,"AFN 1,378,817",AFN 785,,"خریداری گاز مایع , توش, کارت مبایل, لابرتیپ , دستکش, سرکلوشن گاز به تعمیرللندر 4",18-Sep-25,78,
,"$56,393 ",$57.60 ,,$67.20 ,"AFN 1,382,688","AFN 3,871",,پرداخت اجرت 12 روزه کار پرویز ولد محمد کریم در تعمیرللندر 4,20-Sep-25,79,
,"$57,881 ","$1,488.10 ",,$67.20 ,"AFN 1,482,688","AFN 100,000",,پرداخت برای سمیع الله اکاخیل مصارف محفل افتتاحیه تعمیرللندر 4 در هوتل تالار مجلل,20-Sep-25,80,
,"$57,898 ",$16.59 ,,$67.50 ,"AFN 1,483,808","AFN 1,120",,پرداخت برای ترمیم جنراتور تعمیرللندر 4 از مجموع بل که مبلغ 700 افغانی آن مربوط به تعمیرللندر 5 میشود,23-Sep-25,81,
,"$57,942 ",$44.44 ,,$67.50 ,"AFN 1,486,808","AFN 3,000",,پیش پرداخت برای الهام ولد عبدالحکیم بابت ماه سنبله 1404,24-Sep-25,82,
,"$57,987 ",$44.62 ,,$67.50 ,"AFN 1,489,820","AFN 3,012",,پرداخت معاش باقی مانده الهام ولد عبدالحکیم بابت ماه سنبله 1404,24-Sep-25,83,
,"$58,002 ",$14.81 ,,$67.50 ,"AFN 1,490,820","AFN 1,000",,پرداخت توسط حاجی صبغت الله برای انجنیران ناحیه سوم بابت تعمیرللندر 4,25-Sep-25,84,
,"$58,024 ",$22.22 ,,$67.50 ,"AFN 1,492,320","AFN 1,500",,خریداری تیل دیزل به جنراتور تعمیرللندر 4,25-Sep-25,85,
,"$58,027 ",$2.96 ,,$67.50 ,"AFN 1,492,520",AFN 200,,خریداری چای سبزبه تعمیرللندر 4,25-Sep-25,86,
,"$58,029 ",$2.59 ,,$67.50 ,"AFN 1,492,695",AFN 175,,خریداری گاز مایع و بوره به دفترساحوی للندر4,25-Sep-25,87,
,"$58,034 ",$5.04 ,,$67.50 ,"AFN 1,493,035",AFN 340,,خریداری متر 50 متره و 5 متره به تعمیرللندر 4,25-Sep-25,88,
,"$58,036 ",$1.93 ,,$67.50 ,"AFN 1,493,165",AFN 130,,خریداری برس به تعمیرللندر 4,25-Sep-25,89,
,"$58,070 ",$34.07 ,,$67.50 ,"AFN 1,495,465","AFN 2,300",,خریداری تیل پطرول به موتر کرولا نقره ایی,25-Sep-25,90,
,"$58,097 ",$26.67 ,,$67.50 ,"AFN 1,497,265","AFN 1,800",,خریداری غذا از رستورانت برای مهمانان تعمیرللندر 4,25-Sep-25,91,
,"$63,466 ","$5,369.00 "," $5,369 ",$67.50 ,"AFN 1,497,265",AFN 0,,"پرداخت برای شرکت آهن آلات کوهدامن بابت خریداری سیم جستی 1.5 ملی , سیخ گول 16 ملی و سیخ گول 10 ملی به تعمیرللندر 4",25-Sep-25,92,
,"$66,429 ","$2,962.96 ",,$67.50 ,"AFN 1,697,265","AFN 200,000",,پرداخت قسط دوم برای آدم خان بابت کندن کاری دو منزل تهکوی تعمیرللندر 4,25-Sep-25,93,
,"$78,310 ","$11,881.00 "," $11,881 ",$67.50 ,"AFN 1,697,265",AFN 0,,"پرداخت برای شرکت زم زم استیل بابت خردیاری سیخ گول 12 ملی,16 ملی و 10 ملی به تعمیرللندر 4",25-Sep-25,94,
,"$78,666 ",$355.56 ,,$67.50 ,"AFN 1,721,265","AFN 24,000",,پرداختب برای نورالدین بابت سیم تابی پایل های تعمیرللندر 4,25-Sep-25,95,
,"$98,666 ","$20,000.00 "," $20,000 ",$67.50 ,"AFN 1,721,265",AFN 0,,"پرداخت قسط دوم از مجموع 310,000$ دالر امریکایی توسط حاجی رفیع الله از سهم حاجی بسم الله و حاجی گل زمان برای حاجی محمد نادر ولد سلطان ولدیت گل عزیز بدست احسام الدین پسر حاجی محمد نادر ",27-Sep-25,96,
,"$98,695 ",$29.63 ,,$67.50 ,"AFN 1,723,265","AFN 2,000",,خریداری تیل پطرول به موتر کرولا نقره ایی بابت تعمیرللندر 4,28-Sep-25,97,
,"$128,695 ","$30,000.00 "," $30,000 ",$67.30 ,"AFN 1,723,265",AFN 0,,پیش پرداخت برای مسئول شرکت آهن آلات کوهدامن محترم حاجی صاحب محمد عارف سادات بابت خریداری سیخ گول برای تعمیرللندر 4 واقع جوار شرکت افغان بیسیم سرک عمومی دارالامان توسط حاجی رفیع الله للندر تسلیم داده شد,29-Sep-25,98,
,"$128,716 ",$20.36 ,,$67.30 ,"AFN 1,724,635","AFN 1,370",,"خریداری کلند ,دستکش و بیل به تعمیرللندر4",29-Sep-25,99,
,"$128,771 ",$55.72 ,,$67.30 ,"AFN 1,728,385","AFN 3,750",,پرداخت برای کرن کار بابت پائین نمودن 15 جال سیم تابی شده در پایل های تعمیرللندر4,29-Sep-25,100,
,"$128,779 ",$7.43 ,,$67.30 ,"AFN 1,728,885",AFN 500,,خریداری نوشابه برای کارمندان ناحیه سوم بابت تعمیرللندر 4,30-Sep-25,101,
,"$128,806 ",$27.60 ,,$67.40 ,"AFN 1,730,745","AFN 1,860",,"خریداری نوشابه از قبیل میراندا,کباب گوسفند و غیره بابت مهمانی تعمیرللندر 4",1-Oct-25,102,
,"$128,866 ",$59.35 ,,$67.40 ,"AFN 1,734,745","AFN 4,000",,پرداخت برای شکرالله ولد عنایت الله بابت اجرت کار 12 روزه تعمیرللندر 4,2-Oct-25,103,
,"$129,262 ",$396.14 ,,$67.40 ,"AFN 1,761,445","AFN 26,700",,پرداخت برای کاکا بادام گل توسط روز الدین بابت خریداری مواد ساختمانی به تعمیرللندر 4 بل نمبر های 1-2-3-4-9-10-11-12-15-22,2-Oct-25,104,
,"$129,277 ",$14.84 ,,$67.40 ,"AFN 1,762,445","AFN 1,000",,پیش پرداخت برای محمد اکرم ولد عبدالمحمود کارگیر بابت ماه میزان 1404,2-Oct-25,105,
,"$129,336 ",$59.35 ,,$67.40 ,"AFN 1,766,445","AFN 4,000",,پرداخت برای منزل الله ولد محمد حسین بابت اجرت کار 12 روزه تعمیرللندر4,2-Oct-25,106,
,"$129,366 ",$29.67 ,,$67.40 ,"AFN 1,768,445","AFN 2,000",,پرداخت برای حاجی گل نظر بخاطر مصارف تعمیرللندر 4 بدست ایمل پسرش,2-Oct-25,107,
,"$129,423 ",$57.43 ,,$67.40 ,"AFN 1,772,316","AFN 3,871",,پرداخت معاش 12 روزه صفی الله ولد عبدالرفیع بابت ماه اسد 1404,2-Oct-25,108,
,"$129,571 ",$148.37 ,,$67.40 ,"AFN 1,782,316","AFN 10,000",,پرداخت معاش صفی الله ولد عبدالرفیع بابت ماه سنبله 1404,2-Oct-25,109,
,"$129,771 ",$200.00 , $200 ,$67.40 ,"AFN 1,782,316",AFN 0,,پرداخت برای انجنیر قدیر نبوی بابت دیزائین نما بیرونی تعمیرللندر 4,2-Oct-25,110,
,"$130,135 ",$363.73 ,,$67.00 ,"AFN 1,806,686","AFN 24,370",,پرداخت برای تصفیه حساب باقیمانده تالار مجلل بابت محفل افتتاحیه تعمیرللندر 4,4-Oct-25,111,
,"$130,158 ",$22.39 ,,$67.00 ,"AFN 1,808,186","AFN 1,500",,خریداری تیل دیزل به جنراتور تعمیرللندر 4,4-Oct-25,112,
,"$130,180 ",$22.39 ,,$67.00 ,"AFN 1,809,686","AFN 1,500",,خریداری تیل پطرول به موتر بابت تعمیرللندر 4,4-Oct-25,113,
,"$130,210 ",$29.85 ,,$67.00 ,"AFN 1,811,686","AFN 2,000",,خریداری تیل دیزل به جنراتور تعمیرللندر 4,4-Oct-25,114,
,"$130,238 ",$27.76 ,,$67.00 ,"AFN 1,813,546","AFN 1,860",,خریداری غذا از رستورانت برای مهمانان تعمیرللندر 4,5-Oct-25,115,
,"$130,240 ",$2.24 ,,$67.00 ,"AFN 1,813,696",AFN 150,,خریداری دسترخوان به دفتر ساحوی تعمیرللندر 4,5-Oct-25,116,
,"$130,249 ",$8.73 ,,$67.00 ,"AFN 1,814,281",AFN 585,,خریداری گاز مایع به دفتر ساحوی تعمیرللندر 4,5-Oct-25,117,
,"$130,250 ",$1.49 ,,$67.00 ,"AFN 1,814,381",AFN 100,,خریداری اسپری به تعمیرللندر 4,6-Oct-25,118,
,"$130,258 ",$7.46 ,,$67.00 ,"AFN 1,814,881",AFN 500,,پرداخت برای انجنیر وحید الله بابت خریداری کارت مبایل به فعال نمودن انترنت ,6-Oct-25,119,
,"$130,259 ",$1.49 ,,$67.00 ,"AFN 1,814,981",AFN 100,,خریداری گچ به تعمیرللندر 4,6-Oct-25,120,
,"$130,281 ",$22.39 ,,$67.00 ,"AFN 1,816,481","AFN 1,500",,خریداری تیل دیزل به جنراتور تعمیرللندر 4,6-Oct-25,121,
,"$130,285 ",$3.43 ,,$67.00 ,"AFN 1,816,711",AFN 230,,خریداری دستکش و حشره کش به تعمیرللندر 4,6-Oct-25,122,
,"$130,341 ",$55.97 ,,$67.00 ,"AFN 1,820,461","AFN 3,750",,خریداری تیل پطرول به موتر کرولا نقره ایی بابت تعمیرللندر 4,6-Oct-25,123,
,"$130,344 ",$2.99 ,,$67.00 ,"AFN 1,820,661",AFN 200,,خریداری بوره و نان خشک به تعمیرللندر 4,6-Oct-25,124,
,"$130,345 ",$1.49 ,,$67.00 ,"AFN 1,820,761",AFN 100,,خریداری گچ به تعمیرللندر 4,6-Oct-25,125,
,"$130,396 ",$50.78 ,,$67.00 ,"AFN 1,824,163","AFN 3,402",,پرداخت برای خبازی عبدالمطلب بغلانی بابت خریداری نان خشک به تعمیرللندر 4,6-Oct-25,126,
,"$130,594 ",$197.47 ,,$67.20 ,"AFN 1,837,433","AFN 13,270",,"خریداری مواد خوراکه از قبیل برنج,روغن,لوبیا,نخود ,بوره و غیره به تعمیرللندر4",8-Oct-25,127,
,"$130,865 ",$271.64 ,,$67.00 ,"AFN 1,855,633","AFN 18,200",,پرداخت برای محمد بشیر کرن کار بابت پائین کردن 11 عدد پایل به تعمیرللندر 4,9-Oct-25,128,
,"$130,880 ",$14.93 ,,$67.00 ,"AFN 1,856,633","AFN 1,000",,خریداری تیل دیزل به جنراتور تعمیرللندر 4,9-Oct-25,129,
,"$130,899 ",$19.40 ,,$67.00 ,"AFN 1,857,933","AFN 1,300",,خریداری مبلایل و فلتر مبلایل به موتر کرول نقره ایی بابت تعمیرللندر 4,9-Oct-25,130,
,"$130,916 ",$16.12 ,,$67.00 ,"AFN 1,859,013","AFN 1,080",,خریداری گاز مایع به خیرات تعمیرللندر4,10-Oct-25,131,
,"$131,138 ",$222.24 ,,$67.00 ,"AFN 1,873,903","AFN 14,890",,"خریداری گوسفند , ترکاری, خلال زردک , کشمش, میوه و غیره به خیرات تعمیرللندر 4",10-Oct-25,132,
,"$131,144 ",$6.57 ,,$67.00 ,"AFN 1,874,343",AFN 440,,"خریداری پلاس , پیچکش برقی و پیچ ساده به تعمیرللندر 4",10-Oct-25,133,
,"$131,161 ",$16.93 ,,$67.00 ,"AFN 1,875,477","AFN 1,134",,خریداری نوشابه و آب معدنی و کاغذ به تعمیرللندر 4,10-Oct-25,134,
,"$131,199 ",$37.31 ,,$67.00 ,"AFN 1,877,977","AFN 2,500",,خریداری تیل پطرول به موتر کرولا نقره ایی,10-Oct-25,135,
,"$131,340 ",$141.79 ,,$67.00 ,"AFN 1,887,477","AFN 9,500",,خریداری سیم جستی و پرده سبز به تعمیرللندر 4,13-Oct-25,136,
,"$131,461 ",$120.15 ,,$67.00 ,"AFN 1,895,527","AFN 8,050",,"خریداری پرده سبز , سیم جستی , دستکش , پل چرخ و پل برمه به تعمیرللندر 4",13-Oct-25,137,
,"$131,513 ",$52.24 ,,$67.00 ,"AFN 1,899,027","AFN 3,500",,خریداری تیل دیزل به جنراتور تعمیرللندر 4,13-Oct-25,138,
,"$131,523 ",$10.51 ,,$67.00 ,"AFN 1,899,731",AFN 704,,"خریداری نوشابه , دستمال کاغذی آب و غیره به مهمانی تعمیرللندر 4",13-Oct-25,139,
,"$131,631 ",$107.46 ,,$67.00 ,"AFN 1,906,931","AFN 7,200",,"پرداخت برای شرکت هرات الکتریک بابت خریداری بل نمبر 4357 کیبل 2*6 فکسول مغان ,ساکت روی کار,سویچ روی کار,چراغ زیگنال به کانکس دفتر ساحوی تعمیرللندر 4",13-Oct-25,140,
,"$133,079 ","$1,447.96 ",,$66.30 ,"AFN 2,002,931","AFN 96,000",,پرداخت برای کاکا بادام گل بدست روز الدین بابت خریداری ریگ شسته به کانکریت ریزی پایل های تعمیرللندر4,14-Oct-25,141,
,"$133,083 ",$4.48 ,,$67.00 ,"AFN 2,003,231",AFN 300,,خریداری روغن و پرداخت کرای تکسی به اسکواتور کار تعمیرللندر 4,15-Oct-25,142,
,"$133,086 ",$2.99 ,,$67.00 ,"AFN 2,003,431",AFN 200,,خریداری گاز مایع به دفتر ساحوی تعمیرللندر 4,15-Oct-25,143,
,"$133,101 ",$14.93 ,,$67.00 ,"AFN 2,004,431","AFN 1,000",,"خریداری چاکلیت , بوره , نمک و مایع ظرفشویی به تعمیرللندر 4",15-Oct-25,144,
,"$133,186 ",$85.22 ,,$67.00 ,"AFN 2,010,141","AFN 5,710",,خریداری پرده 4 متره  و سیم جستی به تعمیرللندر 4,16-Oct-25,145,
,"$133,216 ",$29.85 ,,$67.00 ,"AFN 2,012,141","AFN 2,000",,پیش پرداخت برای الهام ولد عبدالحکیم بابت ماه میزان 1404,16-Oct-25,146,
,"$133,266 ",$49.75 ,,$67.00 ,"AFN 2,015,474","AFN 3,333",,پرداخت معاش 10 روزه عنایت الله ولد روزی بای بابت تعمیرللندر 4,16-Oct-25,147,
,"$133,273 ",$7.46 ,,$67.00 ,"AFN 2,015,974",AFN 500,,خریداری کارت مبایل برای انجنیر صفی الله ,16-Oct-25,148,
,"$133,280 ",$6.17 ,,$66.40 ,"AFN 2,016,384",AFN 410,,"خریداری یک دانه پلاس,چسپ ,رپیتور,پیچکش ,فازمتر,سیم جستی و دستکش به تعمیرللندر 4",18-Oct-25,149,
,"$133,378 ",$98.64 ,,$66.40 ,"AFN 2,022,934","AFN 6,550",,خریداری برمه 85 ملی برقی به جنرال تعمیرللندر 4,19-Oct-25,150,
,"$133,388 ",$9.71 ,,$66.40 ,"AFN 2,023,579",AFN 645,,پرداخت معاش محمد اکرم ولد عبدالمحمود بابت ماه سنله 1404,19-Oct-25,151,
,"$133,508 ",$120.48 ,,$66.40 ,"AFN 2,031,579","AFN 8,000",,پیش پرداخت برای محمد اکرم ولد عبدالمحمود بابت ماه میزان 1404,19-Oct-25,152,
,"$133,533 ",$24.67 ,,$66.40 ,"AFN 2,033,217","AFN 1,638",,پرداخت برای خبازی عبدالمطلب بابت خریداری نان خشک به تعمیرللندر 4,19-Oct-25,153,
,"$133,550 ",$17.32 ,,$66.40 ,"AFN 2,034,367","AFN 1,150",,خریداری مارتول و دسته مارتول به تعمیرللندر 4,19-Oct-25,154,
,"$133,591 ",$40.17 ,,$66.40 ,"AFN 2,037,034","AFN 2,667",,پرداخت معاش الهام ولد عبدالحکیم بابت ماه میزان 1404,19-Oct-25,155,
,"$133,621 ",$30.12 ,,$66.40 ,"AFN 2,039,034","AFN 2,000",,پیش پرداخت برای میر احمد وفرید احمد بابت تخریب دیوار همجوار تعمیرللندر 4,19-Oct-25,156,
,"$133,824 ",$203.31 ,,$66.40 ,"AFN 2,052,534","AFN 13,500",,پرداخت اجرت کار 5 ساعته اسکواتور بابت تخریب دیوار RCC افغان بیسیم 4 ساعت از قرار فی ساعت 2500 افغانی و 0.5 ساعت از قرار 2000 افغانی ,21-Oct-25,157,
,"$134,125 ",$301.20 ,,$66.40 ,"AFN 2,072,534","AFN 20,000",,پیش پرداخت برای محمد علی بابت تخریب دیوار RCC تعمیرللندر 4 بخاطر خریداری وسایل ضمانت حاجی بسم الله ,21-Oct-25,158,
,"$134,173 ",$48.19 ,,$66.40 ,"AFN 2,075,734","AFN 3,200",,خریداری تیل پطرول به موتر کرولا نقره ایی بابت تعمیرللندر 4,21-Oct-25,159,
,"$134,179 ",$5.73 ,,$66.30 ,"AFN 2,076,114",AFN 380,,پردخت کرای تکسی بخاطر انتقال چرخ وخریداری آب معدنی به دفتر ساحوی للندر 4,23-Oct-25,160,
,"$134,199 ",$19.91 ,,$66.30 ,"AFN 2,077,434","AFN 1,320",,خریداری بل نمبر 014 به تعمیرللندر 4,23-Oct-25,161,
,"$134,399 ",$200.00 , $200 ,$66.30 ,"AFN 2,077,434",AFN 0,,پرداخت برای انجنیر قدیر نبوی بابت دیزائین نما بیرونی تعمیرللندر 4,23-Oct-25,162,
,"$134,699 ",$300.30 ,,$66.60 ,"AFN 2,097,434","AFN 20,000",,پرداخت برای محمد علی بابت تخریب دیوارRCC افغان بیسیم ,28-Oct-25,163,
,"$134,702 ",$3.00 ,,$66.60 ,"AFN 2,097,634",AFN 200,,خریداری تخم مرغ به دفتر ساحوی تعمیرللندر 4,28-Oct-25,164,
,"$135,727 ","$1,024.32 ",,$66.60 ,"AFN 2,165,854","AFN 68,220",,پرداخت برای شرکت هرات الکریک بابت خریداری بل نمبر 3872 به تعمیرللندر 4,28-Oct-25,165,
,"$135,754 ",$27.26 ,,$66.70 ,"AFN 2,167,672","AFN 1,818",,"خریداری آب معدنی,فوتو کاپی نقشه ها و پوش نقشه للندر 4 ,خریداری آب معدنی و گاز مایع به دفتر ساحوی للندر 4",29-Oct-25,166,
,"$135,784 ",$29.99 ,,$66.70 ,"AFN 2,169,672","AFN 2,000",,خریداری تیل پطرول به موتر کرولا نقره ایی بابت تعمیرللندر 4,29-Oct-25,167,
,"$135,791 ",$7.50 ,,$66.70 ,"AFN 2,170,172",AFN 500,,"خریداری بوره , آبگرمی به دفتر ساحوی للندر 4",29-Oct-25,168,
,"$135,809 ",$17.99 ,,$66.70 ,"AFN 2,171,372","AFN 1,200",,"خریداری کلند, بیل و متر 5 متره تعمیرللندر 4",30-Oct-25,169,
,"$135,832 ",$22.49 ,,$66.70 ,"AFN 2,172,872","AFN 1,500",,خریداری تیل پطرول به موتر کرولا نقره ایی بابت تعمیرللندر 4,30-Oct-25,170,
,"$135,982 ",$149.93 ,,$66.70 ,"AFN 2,182,872","AFN 10,000",,پرداخت معاش صفی الله ولد عبدالرفیع بابت ماه میزان 1404,30-Oct-25,171,
,"$136,282 ",$299.85 ,,$66.70 ,"AFN 2,202,872","AFN 20,000",,پرداخت برای محمد علی بابت تخریب دیوارRCC افغان بیسیم ,2-Nov-25,172,
,"$136,297 ",$15.05 ,,$66.45 ,"AFN 2,203,872","AFN 1,000",,خریداری تیل پطرول به موتر کرولا نقره ایی بابت تعمیرللندر 4,3-Nov-25,173,
,"$139,231 ","$2,934.54 ",,$66.45 ,"AFN 2,398,872","AFN 195,000",,پرداخت برای آدم خان بابت کندن کاری تهکوی تعمیرللندر 4,3-Nov-25,174,
,"$139,281 ",$49.66 ,,$66.45 ,"AFN 2,402,172","AFN 3,300",,خریداری تیل پطرول به موتر کرولا نقره ایی بابت تعمیرللندر 4,4-Nov-25,175,
,"$139,447 ",$165.64 ,,$66.41 ,"AFN 2,413,172","AFN 11,000",,پرداخت اجرت ساعتوار اسکواتورآدم خان کار بابت تعمیرللندر 4 (از حساب علی محمد تخریب دیوار افغان بیسیم وضع گردد,4-Nov-25,176,
,"$139,505 ",$58.82 ,,$66.41 ,"AFN 2,417,078","AFN 3,906",,پرداخت برای خبازی عبدالمطلب بابت خریداری نان خشک به تعمیرللندر 4,5-Nov-25,177,
,"$139,536 ",$30.12 ,,$66.41 ,"AFN 2,419,078","AFN 2,000",,خریداری تیل پطرول به موتر کرولا نقره ایی بابت تعمیرللندر 4,6-Nov-25,178,
,"$139,735 ",$199.67 ,,$66.41 ,"AFN 2,432,338","AFN 13,260",,پرداخت برای آدم خان بابت اجرت ساعتوار اسکواتور تعمیرللندر 4,6-Nov-25,179,
,"$140,142 ",$407.24 ,,$66.30 ,"AFN 2,459,338","AFN 27,000",,پرداخت برای کاکا بادام گل توسط روز الدین بابت خریداری جغل بادامی به تعمیرللندر 4 از درک بل نمبر های 16-23-24-25,6-Nov-25,180,
,"$140,147 ",$4.52 ,,$66.30 ,"AFN 2,459,638",AFN 300,,پرداخت برای نورالدین بابت انتقال کژمک های سیم تابی شده از للندر 4 به دارالامان ,6-Nov-25,181,
,"$140,198 ",$51.28 ,,$66.30 ,"AFN 2,463,038","AFN 3,400",,خریداری سیم جستی به تعمیرلللندر 4,6-Nov-25,182,
,"$140,236 ",$37.71 ,,$66.30 ,"AFN 2,465,538","AFN 2,500",,پیش پرداخت برای محمد نوید ولد محمد عالم کاریگر بابت ماه عقرب 1404,10-Nov-25,183,
,"$140,976 ",$740.12 ,,$66.30 ,"AFN 2,514,608","AFN 49,070",,پرداخت برای اجرت باقیمانده ساعتوار اسکواتور در تعمیرللندر 4,11-Nov-25,184,
,"$141,429 ",$453.17 ,,$66.20 ,"AFN 2,544,608","AFN 30,000",,پرداخت برای نورالدین بابت سیم تابی تعمیرللندر 4,13-Nov-25,185,
,"$141,444 ",$15.11 ,,$66.20 ,"AFN 2,545,608","AFN 1,000",,پیش پرداخت برای محمد اکرم ولد عبدالمحمود بابت ماه عقرب 1404 بابت تعمیرللندر 4,13-Nov-25,186,
,"$141,457 ",$12.84 ,,$66.20 ,"AFN 2,546,458",AFN 850,,"خریداری آب معدنی ,چاکلیت , گاز مایع ,آب معدنی,گاز مایع به دفتر ساحوی تعمیرللندر 4",13-Nov-25,187,
,"$144,657 ","$3,200.00 ",,$66.50 ,"AFN 2,759,258","AFN 212,800",,پرداخت برای آدم خان بابت کندن کاری تهکوی تعمیرللندر 4,13-Nov-25,188,
,"$144,685 ",$27.52 ,,$66.40 ,"AFN 2,761,085","AFN 1,827",,پرداخت برای خبازی عبدالمطلب بابت خریداری نان خشک به تعمیرللندر 4,16-Nov-25,189,
,"$144,986 ",$301.20 ,,$66.40 ,"AFN 2,781,085","AFN 20,000",,پرداخت برای محمد علی  بابت تخریب دیوار RCC افغان بیسیم ,16-Nov-25,190,
,"$145,001 ",$15.06 ,,$66.40 ,"AFN 2,782,085","AFN 1,000",,خریداری تیل پطرول به موتر کرولا نقره ایی بابت تعمیرللندر 4,17-Nov-25,191,
,"$145,004 ",$2.86 ,,$66.40 ,"AFN 2,782,275",AFN 190,,خریداری آب معدنی به دفتر ساحوی تعمیرللندر 4,17-Nov-25,192,
,"$145,404 ",$400.00 ,,$66.50 ,"AFN 2,808,875","AFN 26,600",,پرداخت برای نورالدین بابت سیم تابی تعمیرللندر 4,17-Nov-25,193,
,"$145,433 ",$28.77 ,,$66.40 ,"AFN 2,810,785","AFN 1,910",,"خریداری روغن , بوره,چاکلیت, چای سبز , سیمک ظرفشویی, گاز مایع به دفتر ساحوی تعمیرللندر 4",17-Nov-25,194,
,"$146,933 ","$1,500.00 "," $1,500 ",$66.30 ,"AFN 2,810,785",AFN 0,,پرداخت برای انحنیر عبدالقیوم شرکت طرح و دیزائین مهدنسی آسیا بابت دیوار RCC افغان بیسیم و تعمیرللندر 4 توسط حاجی صبغت الله ,17-Nov-25,195,
,"$146,949 ",$16.72 ,,$66.40 ,"AFN 2,811,895","AFN 1,110",,"خریداری شاول ,دوبل ,کیبل کش ,رنج ,قلفک ,دستکش,رجه کلان,پلیت 20/20,و پل برمه به قفل نمودن سرولر های افغان بیسیم ",17-Nov-25,196,
,"$146,964 ",$15.06 ,,$66.40 ,"AFN 2,812,895","AFN 1,000",,خریداری تیل پطرول به موتر کرولا نقره ایی بابت تعمیرللندر 4,17-Nov-25,197,
,"$146,968 ",$3.61 ,,$66.40 ,"AFN 2,813,135",AFN 240,,خریداری بکسوانه به تعمیرللندر 4,18-Nov-25,198,
,"$146,969 ",$1.51 ,,$66.40 ,"AFN 2,813,235",AFN 100,,خریداری مواد ساختمانی از فروشگاه خوستی به تعمیرللندر 4,19-Nov-25,199,
,"$146,976 ",$6.78 ,,$66.40 ,"AFN 2,813,685",AFN 450,,خریداری دستکش به کاریگران تعمیرللندر 4,19-Nov-25,200,
,"$148,181 ","$1,204.82 ",,$66.40 ,"AFN 2,893,685","AFN 80,000",,پرداخت برای نورالدین بابت سیم تابی تعمیرللندر 4,20-Nov-25,201,
,"$153,181 ","$5,000.00 "," $5,000 ",$66.40 ,"AFN 2,893,685",AFN 0,,پرداخت برای شرکت کانکریت افغان پلانت بابت کانکریت ریزی پایل های تعیمرللندر 4,20-Nov-25,202,
,"$153,183 ",$2.41 ,,$66.40 ,"AFN 2,893,845",AFN 160,,خریداری پل چرخ بل نمبر 262 به تعمیرللندر 4,22-Nov-25,203,
,"$153,319 ",$135.54 ,,$66.40 ,"AFN 2,902,845","AFN 9,000",,پرداخت معاش محمد اکرم ولد عبدالمحمود بابت ماه عقرب 1404,22-Nov-25,204,
,"$153,325 ",$6.03 ,,$66.30 ,"AFN 2,903,245",AFN 400,,خریداری بکسوانه 32 و سیمک و قلم خودکار به تعمیرللندر 4,22-Nov-25,205,
,"$153,330 ",$4.67 ,,$66.40 ,"AFN 2,903,555",AFN 310,,"خریداری لابرتیپ ,فیوز به تعمیرللندر 4",23-Nov-25,206,
,"$153,330 ",$0.45 ,,$66.40 ,"AFN 2,903,585",AFN 30,,خریداری جین کلفت به تعمیرللندر4,23-Nov-25,207,
,"$153,333 ",$3.01 ,,$66.40 ,"AFN 2,903,785",AFN 200,,خریداری کلمپ 14 ملی به تعمیرللندر 4 ,23-Nov-25,208,
,"$153,335 ",$1.57 ,,$66.40 ,"AFN 2,903,889",AFN 104,,پرداخت بل برق میتر تعمیرللندر 4 بابت ماه میزان 1404,23-Nov-25,209,
,"$153,398 ",$62.74 ,,$66.40 ,"AFN 2,908,055","AFN 4,166",,پرداخت اجرت ساعتوار اسکواتور کار بابت تعمیرللندر 4  ,24-Nov-25,210,
,"$153,510 ",$112.95 ,,$66.40 ,"AFN 2,915,555","AFN 7,500",,پیش پرداخت معاش باقیمانده محمد نوید ولد محمد حلیم کاریگر بابت ماه عقرب 1404 تعمیرللندر 4,24-Nov-25,211,
,"$153,586 ",$75.30 ,,$66.40 ,"AFN 2,920,555","AFN 5,000",,پیش پرداخت معاش انجنیر وحید الله ولد حبیب الله بابت ماه عقرب 1404 بابت تعمیرللندر4,24-Nov-25,212,
,"$153,614 ",$28.05 ,,$66.30 ,"AFN 2,922,415","AFN 1,860",,"خریداری سکورنج, رنج و غیره به تعمیرللندر 4",24-Nov-25,213,
,"$153,655 ",$40.72 ,,$66.30 ,"AFN 2,925,115","AFN 2,700",,خریداری تیل پطرول به موتر کرولا نقره ایی بابت تعمیرللندر 4,24-Nov-25,214,
,"$153,955 ",$300.30 ,,$66.60 ,"AFN 2,945,115","AFN 20,000",,پرداخت معاش باقیمانده انجنیر وحید الله بابت ماه عقرب 1404,25-Nov-25,215,
,"$158,459 ","$4,504.50 ",,$66.60 ,"AFN 3,245,115","AFN 300,000",,پرداخت برای آدم خان بابت کندن کاری تعمیرللندر 4,25-Nov-25,216,
,"$158,835 ",$375.38 ,,$66.60 ,"AFN 3,270,115","AFN 25,000",,پیش پرداخت برای انجنیر صفی الله بابت ماه عقرب 1404 للندر 4,25-Nov-25,217,
,"$158,843 ",$8.26 ,,$66.60 ,"AFN 3,270,665",AFN 550,,پرداخت برای تداوی احمد نوید بابت پانسمان دستکش کاریگر للندر 4,25-Nov-25,218,
,"$158,888 ",$45.05 ,,$66.60 ,"AFN 3,273,665","AFN 3,000",,پرداخت برای محمد نسیم کرن کار بابت انتقال پایه های سولر افغان بیسیم بابت تعمیرللندر 4,27-Nov-25,219,
,"$159,038 ",$150.15 ,,$66.60 ,"AFN 3,283,665","AFN 10,000",,پرداخت معاش صفی الله ولد عبدالرفیع بابت ماه عقرب 1404,27-Nov-25,220,
,"$159,148 ",$109.61 ,,$66.60 ,"AFN 3,290,965","AFN 7,300",,پرداخت برای کاکا بادام گل بدست روز الدین بابت تعمیرللندر 4,27-Nov-25,221,
,"$163,648 ","$4,500.00 "," $4,500 ",$66.20 ,"AFN 3,290,965",AFN 0,,پرداخت برای شرکت طرح دیزائین آسیا انجنیر عبدالقیوم بابت تعمیرللندر 4 و دیوار RCC افغان بیسیم ,27-Nov-25,222,
,"$163,649 ",$1.51 ,,$66.30 ,"AFN 3,291,065",AFN 100,,خریداری گاز مایع به تعمیرللندر 4 و آب معدنی به دفتر ساحوی تعمیرللندر 4,30-Nov-25,223,
,"$163,650 ",$0.45 ,,$66.30 ,"AFN 3,291,095",AFN 30,,خریداری رنگ تاپه به تعمیرللندر 4,30-Nov-25,224,
,"$163,652 ",$2.71 ,,$66.30 ,"AFN 3,291,275",AFN 180,,خریداری آب معدنی به دفتر ساحوی تعمیرللندر 4,30-Nov-25,225,
,"$163,654 ",$1.21 ,,$66.30 ,"AFN 3,291,355",AFN 80,,خریداری متر 5 متره به تعمیرللندر 4,30-Nov-25,226,
,"$163,657 ",$3.32 ,,$66.30 ,"AFN 3,291,575",AFN 220,,خریداری گاز مایع به تعمیرللندر 4,30-Nov-25,227,
,"$163,672 ",$15.08 ,,$66.30 ,"AFN 3,292,575","AFN 1,000",,پرداخت برای تداوی دست شریف الله ولد فیض محمد ,30-Nov-25,228,
,"$163,674 ",$1.51 ,,$66.30 ,"AFN 3,292,675",AFN 100,,پرداخت برای کاپی نقشه دیوار RCC افغان بیسیم للندر 4,30-Nov-25,229,
,"$163,697 ",$23.00 ,,$66.12 ,"AFN 3,294,196","AFN 1,521",,پرداخت برای خبازی عبدالمطلب بابت نان خشک به تعمیرللندر 4,3-Dec-25,230,
,"$163,727 ",$30.30 ,,$66.00 ,"AFN 3,296,196","AFN 2,000",,خریداری تیل دیزل به جنراتور تعمیرللندر 4,4-Dec-25,231,
,"$164,124 ",$396.97 ,,$66.00 ,"AFN 3,322,396","AFN 26,200",,پرداخت برای کاکا بادام گل بدست حضرت نور بابت تعمیرللندر 4,4-Dec-25,232,
,"$167,124 ","$3,000.00 ",,$66.00 ,"AFN 3,520,396","AFN 198,000",,پرداخت برای خان حکیم بابت حفاری پایل های تعمیرللندر 4,4-Dec-25,233,
,"$167,222 ",$98.48 ,,$66.00 ,"AFN 3,526,896","AFN 6,500",,پرداخت برای نصیر احمد بابت کرای تخته های خوازه تعمیرللندر 4,4-Dec-25,234,
,"$167,298 ",$75.76 ,,$66.00 ,"AFN 3,531,896","AFN 5,000",,پرداخت برای محمد علی بابت تخریب دیوار افغان بیسیم ,4-Dec-25,235,
,"$170,293 ","$2,994.95 ",,$66.00 ,"AFN 3,729,563","AFN 197,667",,پرداخت اجرت ساعتوار اسکواتور برای آدم خان بابت پاک کاری ساحه تعمیرللندر 4 از دیوار تخریب شده افغان بیسیم ,4-Dec-25,236,
,"$170,295 ",$1.52 ,,$66.00 ,"AFN 3,729,663",AFN 100,,خریداری آب معدنی به تعمیرللندر 4,4-Dec-25,237,
,"$170,296 ",$1.06 ,,$66.00 ,"AFN 3,729,733",AFN 70,,خریداری بوره به دفتر ساحوی تعمیرللندر 4,4-Dec-25,238,
,"$170,317 ",$21.21 ,,$66.00 ,"AFN 3,731,133","AFN 1,400",,پرداخت برای مبلایل تبدیلی موتر کرولا نقره ایی,4-Dec-25,239,
,"$170,414 ",$97.00 , $97 ,$66.00 ,"AFN 3,731,133",AFN 0,,خریداری تحفه توسط حاجی رفیع الله بابت تعمیرللندر 4,4-Dec-25,240,
,"$170,562 ",$148.00 , $148 ,$66.00 ,"AFN 3,731,133",AFN 0,,خریداری تحفه توسط حاجی رفیع الله بابت تعمیرللندر 4,4-Dec-25,241,
,"$170,615 ",$53.00 , $53 ,$66.00 ,"AFN 3,731,133",AFN 0,,خریداری تحفه توسط حاجی رفیع الله بابت تعمیرللندر 4,4-Dec-25,242,
,"$170,645 ",$30.30 ,,$66.00 ,"AFN 3,733,133","AFN 2,000",,خریداری تیل پطرول به موتر کرولا نقره ایی للندر 4,5-Dec-25,243,
,"$170,647 ",$1.97 ,,$66.00 ,"AFN 3,733,263",AFN 130,,خریداری گچ کلان به تعمیرللندر 4,6-Dec-25,244,
,"$170,799 ",$151.52 ,,$66.00 ,"AFN 3,743,263","AFN 10,000",,پرداخت معاش  عنایت الله بابت ماه عقرب 1404,7-Dec-25,245,
,"$171,099 ",$300.00 ,,$66.00 ,"AFN 3,763,063","AFN 19,800",,پیش پرداخت برای گلبدین بابت سیم تابی تعمیرللندر 4,8-Dec-25,246,
,"$171,100 ",$1.36 ,,$66.00 ,"AFN 3,763,153",AFN 90,,خریداری گاز مایع و پیچ به جنراتور تعمیرللندر 4,8-Dec-25,247,
,"$171,109 ",$9.09 ,,$66.00 ,"AFN 3,763,753",AFN 600,,خریداری دستکش و لابرتیپ به تعمیرللندر 4,8-Dec-25,248,
,"$171,132 ",$22.73 ,,$66.00 ,"AFN 3,765,253","AFN 1,500",,پیش پرداخت برای هارون ولد فیض محمد بابت ماه قوس 1404 بابت تعمیرللندر4,8-Dec-25,249,
,"$171,207 ",$75.00 ,,$66.00 ,"AFN 3,770,203","AFN 4,950",,خریداری سیم جستی به تعمیرللندر 4,8-Dec-25,250,
,"$171,358 ",$151.52 ,,$66.00 ,"AFN 3,780,203","AFN 10,000",,پیش پرداخت برای سنگ فرش بولدر تعمیرللندر 4,8-Dec-25,251,
,"$171,404 ",$45.45 ,,$66.00 ,"AFN 3,783,203","AFN 3,000",,پیش پرداخت برای محمد اکرم ولد عبدالمحمود بابت ماه قوس 1404 تعمیرللندر 4,9-Dec-25,252,
,"$171,434 ",$30.30 ,,$66.00 ,"AFN 3,785,203","AFN 2,000",,خریداری تیل دیزل به جنراتور تعمیرللندر 4,9-Dec-25,253,
,"$171,442 ",$7.58 ,,$66.00 ,"AFN 3,785,703",AFN 500,,خریداری کارت مبایل برای انجنیر صفی الله ,9-Dec-25,254,
,"$171,449 ",$7.58 ,,$66.00 ,"AFN 3,786,203",AFN 500,,خریداری کارت مبایل برای احمد فرید للندر ,9-Dec-25,255,
,"$177,101 ","$5,651.52 ",,$66.00 ,"AFN 4,159,203","AFN 373,000",,پرداخت برای حاجی عبدالکریم بابت خریداری سمنت ایرانی به کانکریت ریزی پایل های تعمیرللندر4,9-Dec-25,256,
,"$177,480 ",$378.79 ,,$66.00 ,"AFN 4,184,203","AFN 25,000",,پرداخت معاش باقیمانده انجنیر صفی الله بابت ماه قوس 1404,9-Dec-25,257,
,"$177,491 ",$11.21 ,,$66.00 ,"AFN 4,184,943",AFN 740,,خریداری جاین کلفت و دستکش به تعمیرللندر 4,9-Dec-25,258,
,"$177,497 ",$6.67 ,,$66.00 ,"AFN 4,185,383",AFN 440,,"خریداری متر ,پایپ و دسته بیل به تعمیرللندر4",9-Dec-25,259,
,"$177,516 ",$18.18 ,,$66.00 ,"AFN 4,186,583","AFN 1,200",,خریداری 5 کواتر برای مبلایل تبدیلی جنراتور تعمیرللندر 4,9-Dec-25,260,
,"$177,519 ",$3.79 ,,$66.00 ,"AFN 4,186,833",AFN 250,,خریداری گاز مایع به دفتر ساحوی تعمیرللندر 4,9-Dec-25,261,
,"$177,822 ",$303.03 ,,$66.00 ,"AFN 4,206,833","AFN 20,000",,پرداخت برای غلام علی مکسر کار بابت کانکریت ریزی شفته ریزی بالای سنگ های بولدر تعمیرللندر4,9-Dec-25,262,
,"$177,853 ",$30.30 ,,$66.00 ,"AFN 4,208,833","AFN 2,000",,پرداخت اجرت گلگار های تعمیرللندر 4 بابت شفته ریزی بالای سنگ فرش تعمیرللندر 4,9-Dec-25,263,
,"$178,118 ",$265.15 ,,$66.00 ,"AFN 4,226,333","AFN 17,500",,پرداخت معاش انجنیر محبوب الله ولد محب الله بابت ماه میزان 1404 بابت تعمیرللندر4,9-Dec-25,264,
,"$178,497 ",$378.79 ,,$66.00 ,"AFN 4,251,333","AFN 25,000",,پرداخت معاش محبوب الله ولد محب الله بابت ماه عقرب 1404 بابت تعمیرللندر4,9-Dec-25,265,
,"$180,120 ","$1,623.74 ",,$66.00 ,"AFN 4,358,500","AFN 107,167",,پرداخت اجرت ساعتوار اسکواتور آدم خان از تاریخ 01 دسمبر 2025 الی 09 دسمبر 2025,9-Dec-25,266,
,"$195,120 ","$15,000.00 "," $15,000 ",$66.00 ,"AFN 4,358,500",AFN 0,,پیش پرداخت برای شرکت کانکریت ریزی پلانت افغان پلانت بابت پایل های اساسی تعمیرللندر4,9-Dec-25,267,
,"$196,331 ","$1,210.29 ",,$66.10 ,"AFN 4,438,500","AFN 80,000",,پیش پرداخت برای گلبدین بابت سیم تابی تعمیرللندر (بخاطر خریداری ماشین سیم تابی,10-Dec-25,268,
,"$200,869 ","$4,538.58 ",,$66.10 ,"AFN 4,738,500","AFN 300,000",,پرداخت برای خان حکیم بابت حفاری پایل های تعمیرللندر 4 توسط برادر زاده اش به اسم مجیب الرحمن,10-Dec-25,269,
,"$218,898 ","$18,028.59 ",,$66.10 ,"AFN 5,930,190","AFN 1,191,690",,"پرداخت برای تصفیه حساب مکمل آدم خان بابت کندن کاری های تهکوی ,انتقال مواد اضافی دمپر و اجرت کرن در تعمیرللندر4",10-Dec-25,270,
,"$219,712 ",$813.66 ,,$66.10 ,"AFN 5,983,973","AFN 53,783",,پرداخت تصفیه حساب نورالدین بابت سیم تابی تعمیرللندر 4 بابت تغیر قیمت سیم تابی از 3000 هزار افغانی فی تن به نرخ 4000 افغانی فی تن توسط انجنیر صفی الله و دفتر,10-Dec-25,271,
,"$220,241 ",$529.50 ,,$66.10 ,"AFN 6,018,973","AFN 35,000",,"پرداخت برای محمد نسیم کرن کار بابت انتقال , بارگیری و پایئن نمودن پایل های تعمیرللندر4",10-Dec-25,272,
,"$220,259 ",$18.18 ,,$66.00 ,"AFN 6,020,173","AFN 1,200",,پرداخت کرای موتر بابت انتقال و بارگیری سپیسر تعمیرللندر 4,11-Dec-25,273,
,"$221,004 ",$744.70 ,,$66.00 ,"AFN 6,069,323","AFN 49,150",,پرداخت برای شرکت تجارتی مرتضی هاشمی بابت خریداری مواد ضد نم به تعمیرللندر 4,11-Dec-25,274,
,"$221,105 ",$100.95 ,,$66.00 ,"AFN 6,075,986","AFN 6,663",,پرداخت برای اجرت ساخت لوحه تعمیرللندر 4,11-Dec-25,275,
,"$221,147 ",$41.67 ,,$66.00 ,"AFN 6,078,736","AFN 2,750",,خریداری تیل پطرول به موتر کرولا نقره ایی ,11-Dec-25,276,
,"$221,200 ",$53.03 ,,$66.00 ,"AFN 6,082,236","AFN 3,500",,خریداری سیم جستی به تعمیرللندر 4,11-Dec-25,277,
,"$221,300 ",$100.00 , $100 ,$66.00 ,"AFN 6,082,236",AFN 0,,پرداخت برای انجنیر قدیر نبوی بابت دیزائین نما بیرونی تعمیرللندر 4,11-Dec-25,278,
,"$221,353 ",$53.03 ,,$66.00 ,"AFN 6,085,736","AFN 3,500",,پرداخت برای مستری بابت ویرینگ کاری جنراتور تعمیرللندر 4,13-Dec-25,279,
,"$221,356 ",$3.03 ,,$66.00 ,"AFN 6,085,936",AFN 200,,خریداری تیل پطرول به موتر سایکل ساحوی تعمیرللندر 4,13-Dec-25,280,
,"$221,358 ",$2.27 ,,$66.00 ,"AFN 6,086,086",AFN 150,,پرداخت ترازو موتر سیخ گول به تعمیرللندر 4,13-Dec-25,281,
,"$221,359 ",$0.91 ,,$66.00 ,"AFN 6,086,146",AFN 60,,خریداری قفل به جنراتور تعمیرللندر 4,13-Dec-25,282,
,"$221,393 ",$34.70 ,,$66.00 ,"AFN 6,088,436","AFN 2,290",,پرداخت برای کاپی نقشه های تعمیرللندر 4,13-Dec-25,283,
,"$221,403 ",$9.09 ,,$66.00 ,"AFN 6,089,036",AFN 600,,"خریداری آفتابه ,قاشق و غیره به تعمیرللندر 4",13-Dec-25,284,
,"$221,433 ",$30.30 ,,$66.00 ,"AFN 6,091,036","AFN 2,000",,خریداری تیل دیزل به جنراتور تعمیرللندر 4,13-Dec-25,285,
,"$221,509 ",$75.76 ,,$66.00 ,"AFN 6,096,036","AFN 5,000",,خریداری تیل دیزل به جنراتور تعمیرللندر 4,13-Dec-25,286,
,"$221,539 ",$30.30 ,,$66.00 ,"AFN 6,098,036","AFN 2,000",,خریداری تیل دیزل به جنراتور تعمیرللندر 4,13-Dec-25,287,
,"$221,645 ",$106.06 ,,$66.00 ,"AFN 6,105,036","AFN 7,000",,خریداری سنگ سیاه آسپیسر به تعمیرللندر 4,13-Dec-25,288,
,"$221,698 ",$53.03 ,,$66.00 ,"AFN 6,108,536","AFN 3,500",,خریداری بطری به جنراتور تعمیرللندر4,13-Dec-25,289,
,"$221,728 ",$30.30 ,,$66.00 ,"AFN 6,110,536","AFN 2,000",,پرداخت برای انتقال و بارگیری جنراتور تعمیرللندر4,13-Dec-25,290,
,"$221,828 ",$100.00 , $100 ,$66.00 ,"AFN 6,110,536",AFN 0,,پرداخت برای مستری بابت پیدا کردن جنراتور به تعمیرللندر 4,13-Dec-25,291,
,"$221,834 ",$6.05 ,,$66.10 ,"AFN 6,110,936",AFN 400,,پرداخت برای انتقال بوجی های خالی سمنت از تعمیرللندر 6 به تعمیرللندر 4,14-Dec-25,292,
,"$221,987 ",$152.50 ,,$66.10 ,"AFN 6,121,016","AFN 10,080",,خریداری تیل دیزل به جنراتور تعمیرللندر 4,14-Dec-25,293,
,"$221,990 ",$2.72 ,,$66.10 ,"AFN 6,121,196",AFN 180,,خریداری پرزه جات از قبیل کلج  و غیره به جنراتور خورد دیزلی تعمیرللندر 4,14-Dec-25,294,
,"$222,005 ",$15.13 ,,$66.10 ,"AFN 6,122,196","AFN 1,000",,پیش پرداخت برای زین الله ولد محمد ظاهر بابت ماه جدی 1404,14-Dec-25,295,
,"$222,015 ",$10.59 ,,$66.10 ,"AFN 6,122,896",AFN 700,,"خریداری چپ راست به تعمیر للندر 4 ,خریداری پلک برقی به تعمیرللندر 4 ,خریداری چپ راست , زلفی و قلفک به تعمیرللندر 4 ,خریداری کتابچه , قفل خورد و قفل کلان به تعمیرللندر 4",14-Dec-25,296,
,"$222,030 ",$15.13 ,,$66.10 ,"AFN 6,123,896","AFN 1,000",,خریداری تیل پطرول به موتر کرولا نقره ایی,14-Dec-25,297,
,"$222,043 ",$12.10 ,,$66.10 ,"AFN 6,124,696",AFN 800,,خریداری 40 متر پلاستیک به تعمیرللندر 4 ,14-Dec-25,298,
,"$222,058 ",$15.89 ,,$66.10 ,"AFN 6,125,746","AFN 1,050",,خریداری مبلایل و فلتر مبلایل به جنراتور تعمیرللندر 4,15-Dec-25,299,
,"$222,133 ",$74.89 ,,$66.10 ,"AFN 6,130,696","AFN 4,950",,خریداری سه بندل سیم جستی به تعمیرللندر 4,15-Dec-25,300,
,"$222,148 ",$15.13 ,,$66.10 ,"AFN 6,131,696","AFN 1,000",,پیش پرداخت برای محمد اکرم ولد عبدالمحود بابت ماه قوس 1404,15-Dec-25,301,
,"$222,219 ",$70.42 ,,$66.20 ,"AFN 6,136,358","AFN 4,662",,خریداری تیل دیزل به جنراتور تعمیرللندر 4,16-Dec-25,302,
,"$222,221 ",$2.42 ,,$66.20 ,"AFN 6,136,518",AFN 160,,خریداری پلاستیک به جنراتور تعمیرللندر4,16-Dec-25,303,
,"$222,224 ",$2.27 ,,$66.20 ,"AFN 6,136,668",AFN 150,,خریداری گلماله به تعمیرللندر 4,16-Dec-25,304,
,"$222,227 ",$3.17 ,,$66.20 ,"AFN 6,136,878",AFN 210,,خریداری پلاستیک به تعمیرللندر 4,16-Dec-25,305,
,"$222,233 ",$6.65 ,,$66.20 ,"AFN 6,137,318",AFN 440,,"خریداری دسته بیل ,متر و پایپ به تعمیرللندر 4",16-Dec-25,306,
,"$222,308 ",$74.77 ,,$66.20 ,"AFN 6,142,268","AFN 4,950",,خریداری سیم 1.5 ملی جستی به تعمیرللندر 4,16-Dec-25,307,
,"$222,329 ",$21.15 ,,$66.20 ,"AFN 6,143,668","AFN 1,400",,"خریداری متر , رجه ,قلم و توش به تعمیرللندر 4",16-Dec-25,308,
,"$222,332 ",$3.02 ,,$66.20 ,"AFN 6,143,868",AFN 200,,پرداخت برای کرای تکسی بخاطر جنراتور تعمیر للندر 4,16-Dec-25,309,
,"$222,337 ",$4.53 ,,$66.20 ,"AFN 6,144,168",AFN 300,,پرداخت برای فرید للندر بخاطر کارت مبایل,16-Dec-25,310,
,"$222,355 ",$18.13 ,,$66.20 ,"AFN 6,145,368","AFN 1,200",,خریداری آرمیچر به جنراتور تعمیرللندر 4,16-Dec-25,311,
,"$223,355 ","$1,000.00 ",,$66.20 ,"AFN 6,211,568","AFN 66,200",,پرداخت برای گلبدین بابت سیم تابی تعمیرللندر 4,17-Dec-25,312,
,"$223,367 ",$11.78 ,,$66.20 ,"AFN 6,212,348",AFN 780,,خریداری فیوز و قفل به تعمیرللندر 4,17-Dec-25,313,
,"$223,397 ",$30.21 ,,$66.20 ,"AFN 6,214,348","AFN 2,000",,پرداخت کرای انتقال جنراتور واپس شده از تعمیرللندر 4 به دوکان جنراتور فروشی,17-Dec-25,314,
,"$223,427 ",$30.17 ,,$66.30 ,"AFN 6,216,348","AFN 2,000",,خریداری تیل دیزل به جنراتور تعمیرللندر 4,18-Dec-25,315,
,"$223,540 ",$113.12 ,,$66.30 ,"AFN 6,223,848","AFN 7,500",,پرداخت برای نسیم کرن کار بابت پائین کردن پایل های تعمیرللندر 4,18-Dec-25,316,
,"$223,542 ",$1.51 ,,$66.30 ,"AFN 6,223,948",AFN 100,,خریداری گاز مایع به تعمیرللندر 4,18-Dec-25,317,
,"$223,544 ",$2.26 ,,$66.30 ,"AFN 6,224,098",AFN 150,,پرداخت برای برای گلکار تعمیرللندر 4 بطور بخشش توسط انجنیر صفی الله ,18-Dec-25,318,
,"$223,547 ",$2.71 ,,$66.30 ,"AFN 6,224,278",AFN 180,,خریداری گاز مایع به تعمیرللندر 4,18-Dec-25,319,
,"$223,551 ",$4.52 ,,$66.30 ,"AFN 6,224,578",AFN 300,,پرداخت برای کرای تکسی بابت انتقال لایزر از پروژه للندر 6 به تعمیرللندر 4,18-Dec-25,320,
,"$223,594 ",$42.30 ,,$66.20 ,"AFN 6,227,378","AFN 2,800",,خریداری تیل پطرول به موتر کرولا نقره ایی,19-Dec-25,321,
,"$223,601 ",$7.55 ,,$66.20 ,"AFN 6,227,878",AFN 500,,خریداری گاز و سرکی گاز به تعمیرللندر 4,20-Dec-25,322,
,"$223,606 ",$5.13 ,,$66.30 ,"AFN 6,228,218",AFN 340,,خریداری تیل پطر ول به ویبراتور های للندر4,21-Dec-25,323,
,"$223,611 ",$4.98 ,,$66.30 ,"AFN 6,228,548",AFN 330,,خریداری تیل پطر ول به ویبراتور های للندر4,21-Dec-25,324,
,"$223,686 ",$74.66 ,,$66.30 ,"AFN 6,233,498","AFN 4,950",,خریداری سیم جستی به تعمیرللندر4,21-Dec-25,325,
,"$223,717 ",$31.52 ,,$66.30 ,"AFN 6,235,588","AFN 2,090",,"خریداری پلاستیک , گلماله و دستکش به تعمیرللندر 4",21-Dec-25,326,
,"$223,808 ",$90.50 ,,$66.30 ,"AFN 6,241,588","AFN 6,000",,پرداخت اجرت سه نفر گلکار باب کانکریت ریزی فوندیشن تعمیرللندر 4,21-Dec-25,327,
,"$223,823 ",$15.08 ,,$66.30 ,"AFN 6,242,588","AFN 1,000",,خریداری تیل دیزل به جنرتور تعمیرللندر 4,21-Dec-25,328,
,"$223,880 ",$57.32 ,,$66.30 ,"AFN 6,246,388","AFN 3,800",,خریداری پایپ ویبراتور جنرال به کانکریت ریزی تعمیرللندر 4,21-Dec-25,329,
,"$223,905 ",$24.89 ,,$66.30 ,"AFN 6,248,038","AFN 1,650",,پرداخت برای کاپی 4 جلد نقشه های تعمیرللندر 4,21-Dec-25,330,
,"$223,918 ",$12.82 ,,$66.30 ,"AFN 6,248,888",AFN 850,,خریداری رنگ روغنی و برس به تعمیرللندر 4 بخاطر تخته های قالبکاری,21-Dec-25,331,
,"$223,926 ",$8.30 ,,$66.30 ,"AFN 6,249,438",AFN 550,,"خریداری قلفک , بوره و چاکلیت به تعمیرللندر 4",21-Dec-25,332,
,"$223,956 ",$30.17 ,,$66.30 ,"AFN 6,251,438","AFN 2,000",,پیش برای هارون ولد فیض محمد بابت ماه قوس 1404,21-Dec-25,333,
,"$223,983 ",$26.59 ,,$66.20 ,"AFN 6,253,198","AFN 1,760",,خریداری سرش مازدا و مبلایل به جنراتور تعمیرللندر 4,22-Dec-25,334,
,"$223,988 ",$5.29 ,,$66.20 ,"AFN 6,253,548",AFN 350,,خریداری بکسوانه 19 و 17 به تعمیرللندر 4,22-Dec-25,335,
,"$226,029 ","$2,041.09 ",,$66.20 ,"AFN 6,388,668","AFN 135,120",,پرداخت و تصفیه حساب حکیم خان بابت حفاری پایل های اساسی سکشن B تعمیرللندر4,22-Dec-25,336,
,"$226,180 ",$151.06 ,,$66.20 ,"AFN 6,398,668","AFN 10,000",,پرداخت برای محمد نوید ولد محمد عالم بابت ماه قوس 1404,22-Dec-25,337,
,"$226,321 ",$140.03 ,,$66.20 ,"AFN 6,407,938","AFN 9,270",,خریداری بخاری برای انجنیر ناحیه سه بابت تعمیرللندر 4,22-Dec-25,338,
,"$226,370 ",$49.85 ,,$66.20 ,"AFN 6,411,238","AFN 3,300",,خریداری سیم جستی به تعمیرللندر 4,22-Dec-25,339,
,"$226,401 ",$30.21 ,,$66.20 ,"AFN 6,413,238","AFN 2,000",,خریداری تیل دیزل به جنراتور تعمیرللندر 4,22-Dec-25,340,
,"$226,419 ",$18.13 ,,$66.20 ,"AFN 6,414,438","AFN 1,200",,خریداری تیل پطرول به موتر کرولا نقره ایی,22-Dec-25,341,
,"$226,467 ",$47.89 ,,$66.20 ,"AFN 6,417,608","AFN 3,170",,"خریداری پروجکتور,لین,گروپ به لوحه تبلیغاتی تعمیرللندر 4",22-Dec-25,342,
,"$226,482 ",$15.11 ,,$66.20 ,"AFN 6,418,608","AFN 1,000",,خریداری 4 کواتر رنگ روغنی به چرپ کاری تخته های قالبکاری تعمیرللندر 4,22-Dec-25,343,
,"$226,489 ",$7.54 ,,$66.30 ,"AFN 6,419,108",AFN 500,,خریدار تیل دیزل به جنراتور تعمیرللندر4,23-Dec-25,344,
,"$226,502 ",$12.67 ,,$66.30 ,"AFN 6,419,948",AFN 840,,"خریداری دو درجن گیلاس, دستر خوان و جاروب به دفتر ساحوی تعمیرللندر 4",23-Dec-25,345,
,"$226,517 ",$15.08 ,,$66.30 ,"AFN 6,420,948","AFN 1,000",,خریداری تیل پطرول به ویبراتور تعمیرللندر4,23-Dec-25,346,
,"$226,522 ",$5.28 ,,$66.30 ,"AFN 6,421,298",AFN 350,,خریدرای بکسوانه و دسته بکسوانه به تعمیرللندر4,23-Dec-25,347,
,"$226,525 ",$2.71 ,,$66.30 ,"AFN 6,421,478",AFN 180,,خریداری پرزه جنراتور به تعمیرللندر4,23-Dec-25,348,
,"$226,548 ",$23.23 ,,$66.30 ,"AFN 6,423,018","AFN 1,540",,پرداخت برای کاپی نقشه های تعمیرللندر 4,23-Dec-25,349,
,"$226,586 ",$37.71 ,,$66.30 ,"AFN 6,425,518","AFN 2,500",,خریداری تیل دیزل جنراتور تعمیرللندر4,23-Dec-25,350,
,"$226,619 ",$33.18 ,,$66.30 ,"AFN 6,427,718","AFN 2,200",,پرداخت برای مصارفات غذایی کاریگران شب کانکریت ریزی فوندیش تعمیرللندر4,23-Dec-25,351,
,"$226,624 ",$4.52 ,,$66.38 ,"AFN 6,428,018",AFN 300,,خریداری تیل پطرول به ویبراتور تعمیرللندر4,24-Dec-25,352,
,"$226,699 ",$75.32 ,,$66.38 ,"AFN 6,433,018","AFN 5,000",,برداشت فرید للندر بابت ماه جدی 1404 بابت تعمیرللندر 4,24-Dec-25,353,
,"$226,789 ",$90.39 ,,$66.38 ,"AFN 6,439,018","AFN 6,000",,پرداخت معاش باقیمانده محمد اکرم ولد عبدامحمود بابت ماه قوس 1404 تعمیرللندر4,24-Dec-25,354,
,"$229,542 ","$2,752.34 ",,$66.38 ,"AFN 6,621,718","AFN 182,700",,"پرداخت برای شرکت مواد ساختمانی شیرباز بابت خریداری سنگ بولدر , ریگ شسته و جغل بادامی به تعمیرللندر 4",24-Dec-25,355,
,"$229,650 ",$108.63 ,,$66.38 ,"AFN 6,628,929","AFN 7,211",,پرداخت معاش شریف الله ولد فیض محمد بابت ماه قوس 1404 تعمیرللندر4,24-Dec-25,356,
,"$229,748 ",$97.92 ,,$66.38 ,"AFN 6,635,429","AFN 6,500",,پرداخت معاش هارون ولد فیض محمد بابت ماه قوس 1404 تعمیرللندر4,24-Dec-25,357,
,"$229,751 ",$2.41 ,,$66.38 ,"AFN 6,635,589",AFN 160,,خریداری لپاتکه به تعمیرللندر4,24-Dec-25,358,
,"$229,754 ",$3.77 ,,$66.38 ,"AFN 6,635,839",AFN 250,,خریداری سه ساکته به تعمیرللندر4,24-Dec-25,359,
,"$229,756 ",$1.51 ,,$66.38 ,"AFN 6,635,939",AFN 100,,خریداری تخم مرغ به دفتر ساحوی تعمیرللندر 4,24-Dec-25,360,
,"$229,768 ",$12.05 ,,$66.38 ,"AFN 6,636,739",AFN 800,,خریداری جوس به مهمانان تعمیرللندر 4,24-Dec-25,361,
,"$229,798 ",$30.30 ,,$66.00 ,"AFN 6,638,739","AFN 2,000",,خریداری مبلایل سوخته به چرپ کاری قالب های تعمیرللندر4,24-Dec-25,362,
,"$259,798 ","$30,000.00 "," $30,000 ",$66.00 ,"AFN 6,638,739",AFN 0,,پرداخت قسط الو برای شرکت کانکریت ریزی پلانت افغان (انجنیر عبدالصبور)بابت فوندیشن تعمیرللندر4,24-Dec-25,363,
,"$259,957 ",$158.37 ,,$66.30 ,"AFN 6,649,239","AFN 10,500",,پرداخت برای حاجی شریف بابت خریداری مواد فلز کاری به تعمیرللندر4,25-Dec-25,364,
,"$259,987 ",$30.17 ,,$66.30 ,"AFN 6,651,239","AFN 2,000",,پرداخت و تصفیه حساب مکمل محمد اکرم ولد عبدالمحمود بابت 6 روزه ماه جدی 1404,27-Dec-25,365,
,"$259,993 ",$6.03 ,,$66.30 ,"AFN 6,651,639",AFN 400,,پرداخت برای محمد اکرم ولد عبدالمحمود بطور بخششی,27-Dec-25,366,
,"$260,008 ",$15.11 ,,$66.20 ,"AFN 6,652,639","AFN 1,000",,پیش پرداخت برای زین الله ولد محمد ظاهر بابت ماه جدی 1404,27-Dec-25,367,
,"$260,038 ",$30.30 ,,$66.00 ,"AFN 6,654,639","AFN 2,000",,خریداری تیل دیزل به جنراتور تعمیرللندر 4,28-Dec-25,368,
,"$260,468 ",$429.55 ,,$66.00 ,"AFN 6,682,989","AFN 28,350",,"خریداری مواد خوراکه از قبیل , برنج , روغن , لوبیا,نخود,مرچ , نمک,مصاله جات ,روب , مایع ظرفشویی,کچالو , پیاز و غیره  به تعمیرللندر 4",28-Dec-25,369,
,"$260,470 ",$1.97 ,,$66.00 ,"AFN 6,683,119",AFN 130,,خریداری کنترول ولت 5 کیلووات به جنراتور تعمیرللندر4,28-Dec-25,370,
,"$260,528 ",$58.73 ,,$66.00 ,"AFN 6,686,995","AFN 3,876",,پرداخت برای مصارف لوحه تبلیغاتی تعمیرللندر4,28-Dec-25,371,
,"$260,532 ",$3.64 ,,$66.00 ,"AFN 6,687,235",AFN 240,,خریداری گاز مایع به تعمیرللندر4,28-Dec-25,372,
,"$260,608 ",$75.76 ,,$66.00 ,"AFN 6,692,235","AFN 5,000",,برداشت فرید للندر بابت ماه جدی 1404,28-Dec-25,373,
,"$261,112 ",$503.64 ,,$66.00 ,"AFN 6,725,475","AFN 33,240",,پرداخت برای گلبدین بابت سیم تابی تعمیرللندر 4,28-Dec-25,374,
,"$261,141 ",$29.32 ,,$66.00 ,"AFN 6,727,410","AFN 1,935",,پرداخت برای خبازی عبدالمطلب بابت خریداری نان خشک به تعمیرللندر 4,28-Dec-25,375,
,"$261,148 ",$7.58 ,,$66.00 ,"AFN 6,727,910",AFN 500,,خریداری کنترول بار به جنراتور تعمیرللندر 4,28-Dec-25,376,
,"$261,315 ",$166.67 ,,$66.00 ,"AFN 6,738,910","AFN 11,000",,پرداخت شرکت هرات الکتریک بابت خریداری کیبل فکسولی صندوق برق دولتی به تعمیرللندر 4,29-Dec-25,377,
,"$261,370 ",$54.55 ,,$66.00 ,"AFN 6,742,510","AFN 3,600",,خریداری پیپ ویبراتور ساده به تعمیرللندر 4,30-Dec-25,378,
,"$261,385 ",$15.15 ,,$66.00 ,"AFN 6,743,510","AFN 1,000",,خریداری تیل پطرول به موتر کرولا نقره ایی بابت تعمیرللندر4,30-Dec-25,379,
,"$261,392 ",$7.58 ,,$66.00 ,"AFN 6,744,010",AFN 500,,خریداری شیر و کیک به کاریگران بابت کانکریت ریزی چت منزل اول تهکوی تعمیرللندر4,30-Dec-25,380,
,"$261,590 ",$197.58 ,,$66.00 ,"AFN 6,757,050","AFN 13,040",,خریداری سیم 1.5 جستی به تعمیرللندر4,31-Dec-25,381,
,"$261,596 ",$6.36 ,,$66.00 ,"AFN 6,757,470",AFN 420,,خریداری دستکش به کاریگران تعمیرللندر4,31-Dec-25,382,
,"$262,348 ",$751.52 ,,$66.00 ,"AFN 6,807,070","AFN 49,600",,پرداخت برای گلبدین بابت سیم تابی تعمیرللندر4,31-Dec-25,383,
,"$272,348 ","$10,000.00 "," $10,000 ",$66.00 ,"AFN 6,807,070",AFN 0,,پرداخت برای شرکت کانکریت ریزی افغان پلانت بابت کانکریت ریزی تعمیرللندر 4       (نوت: مبلغ هذا بتاریخ 31-دسمبر-2025 توسط جاوید سکندری پرداخت گردیده),31-Dec-25,384,
,"$272,349 ",$1.52 ,,$65.90 ,"AFN 6,807,170",AFN 100,,خریداری بوره به دفتر ساحوی تعمیرللندر 4,1-Jan-26,385,
,"$272,363 ",$13.66 ,,$65.90 ,"AFN 6,808,070",AFN 900,,"خریداری بوره , چای سیاه و چای سبز به دفتر ساحوی تعمیرللندر 4",1-Jan-26,386,
,"$272,393 ",$30.35 ,,$65.90 ,"AFN 6,810,070","AFN 2,000",,پیش پرداخت برای احمد فرید للندر بابت ماه جدی 1404 تعمیرللندر 4,1-Jan-26,387,
,"$272,439 ",$45.52 ,,$65.90 ,"AFN 6,813,070","AFN 3,000",,خریداری تیل پطرول به کرولا نقره ایی بابت تعمیرللندر 4,1-Jan-26,388,
,"$272,621 ",$182.09 ,,$65.90 ,"AFN 6,825,070","AFN 12,000",,پرداخت معاش صفی الله چوکیدار تعمیرللندر 4 بابت ماه جدی 1404,1-Jan-26,389,
,"$272,699 ",$77.94 ,,$65.90 ,"AFN 6,830,206","AFN 5,136",,پرداخت برای خبازی سمیع الله بابت خریداری نان خشک ماه قوس به تعمیرللندر 4,1-Jan-26,390,
,"$272,729 ",$30.35 ,,$65.90 ,"AFN 6,832,206","AFN 2,000",,پرداخت اجرت دو نفر گلکار بابت کانکریت ریزی چت منزل اول تهکوی تعمیرللندر 4,1-Jan-26,391,
,"$273,048 ",$318.66 ,,$65.90 ,"AFN 6,853,206","AFN 21,000",,پرداخت معراج الدین ولد دادالله بابت ماه قوس 1404 بابت تعمیرللندر4,1-Jan-26,392,
,"$273,200 ",$151.75 ,,$65.90 ,"AFN 6,863,206","AFN 10,000",,پرداخت معاش عنایت الله ولد امان الله بابت ماه قوس 1404,1-Jan-26,393,
,"$273,427 ",$227.62 ,,$65.90 ,"AFN 6,878,206","AFN 15,000",,پیش پرداخت برای انجینیر صفی الله ولد حبیب الله بابت قوس 1404,1-Jan-26,394,
,"$273,527 ",$100.00 , $100 ,$65.90 ,"AFN 6,878,206",AFN 0,,پرداخت برای انجنران ریاست صدور مجوز تخلفات ساختمانی بابت تعمیرللندر 4,1-Jan-26,395,
,"$273,550 ",$22.73 ,,$66.00 ,"AFN 6,879,706","AFN 1,500",,خریداری تیل دیزل به جنراتور تعمیرللندر 4,3-Jan-26,396,
,"$273,605 ",$54.55 ,,$66.00 ,"AFN 6,883,306","AFN 3,600",,خریداری غذا از رستورانت کفتریا به مهمانان های تعمیرللندر4 روز حسابی ,3-Jan-26,397,
,"$274,059 ",$454.79 ,,$66.00 ,"AFN 6,913,322","AFN 30,016",,پرداخت مصرف بل برق دفتر بابت ماه قوس و جدی 1404 تعمیرللندر4,4-Jan-26,398,
,"$274,091 ",$31.56 ,,$66.00 ,"AFN 6,915,405","AFN 2,083",,پرداخت مصرف بل برق تعمیرللندر 4 بابت ماه قوس 1404,4-Jan-26,399,
,"$274,200 ",$109.09 ,,$66.00 ,"AFN 6,922,605","AFN 7,200",,پرداخت معاش هارون ولد فضل الرحمن کاریگر بابت 18 روزه ماه قوس 1404 در تعمیرللندر4,4-Jan-26,400,
,"$274,201 ",$0.76 ,,$66.00 ,"AFN 6,922,655",AFN 50,,خریداری گاز مایع به دفتر ساحوی تعمیرللندر4,4-Jan-26,401,
,"$274,204 ",$3.03 ,,$66.00 ,"AFN 6,922,855",AFN 200,,خریداری گاز مایع به دفتر ساحوی تعمیرللندر4,4-Jan-26,402,
,"$274,234 ",$30.30 ,,$66.00 ,"AFN 6,924,855","AFN 2,000",,خریداری تیل دیزل به جنراتور تعمیرللندر4,4-Jan-26,403,
,"$274,283 ",$49.39 ,,$66.00 ,"AFN 6,928,115","AFN 3,260",,خریداری سیم جستی به تعمیرللندر4,4-Jan-26,404,
,"$274,288 ",$4.85 ,,$66.00 ,"AFN 6,928,435",AFN 320,,خریداری مبلایل به جنراتور تعمیرللندر4,4-Jan-26,405,
,"$274,290 ",$1.97 ,,$66.00 ,"AFN 6,928,565",AFN 130,,خریداری برس سیمی به چرپ کاری تخته های پلایوت تعمیرللندر4,4-Jan-26,406,
,"$274,315 ",$25.00 ,,$66.00 ,"AFN 6,930,215","AFN 1,650",,خریداری لیدر و اجرت مستری کرولا نقره ایی,4-Jan-26,407,
,"$274,328 ",$13.18 ,,$66.00 ,"AFN 6,931,085",AFN 870,,خریداری رنگ روغنی و رول خورد به چرپ کاری تخته های پلایوت تعمیرللندر 4,4-Jan-26,408,
,"$274,342 ",$13.18 ,,$66.00 ,"AFN 6,931,955",AFN 870,,خریداری رنگ روغنی و رول خورد به چرپ کاری تخته های پلایوت تعمیرللندر 4,4-Jan-26,409,
,"$274,372 ",$30.30 ,,$66.00 ,"AFN 6,933,955","AFN 2,000",,خریداری تیل دیزل به جنراتور تعمیرللندر4,4-Jan-26,410,
,"$294,372 ","$20,000.00 "," $20,000 ",$66.00 ,"AFN 6,933,955",AFN 0,,پرداخت برای شرکت کانکریت ریزی افغان پلانت بابت کانکریت ریزی تعمیرللندر 4 ,4-Jan-26,411,
,"$294,463 ",$90.77 ,,$66.10 ,"AFN 6,939,955","AFN 6,000",,پرداخت اجرت اسکواتور کار آدم خان بابت سه ساعته تعمیرللندر 4 بخاطر آماده سازی رمپ برای کانکریت پمپ ,5-Jan-26,412,
,"$294,470 ",$7.56 ,,$66.10 ,"AFN 6,940,455",AFN 500,,خریداری کارت مبایل برای انجنیر صفی الله صدیقی بابت تعمیرللندر4,5-Jan-26,413,
,"$294,478 ",$7.56 ,,$66.10 ,"AFN 6,940,955",AFN 500,,خریداری کارت مبایل برای احمد فرید للندر بابت تعمیرللندر4,5-Jan-26,414,
,"$295,007 ",$529.50 ,,$66.10 ,"AFN 6,975,955","AFN 35,000",,پرداخت معاش باقیمانده انجنیر صفی الله ولد حبیب الله بابت ماه قوس 1404 تعمیرللندر4,5-Jan-26,415,
,"$295,234 ",$226.93 ,,$66.10 ,"AFN 6,990,955","AFN 15,000",,پرداخت برای محمد علی بابت تخریب دیوار RCC افغان بیسیم تعمیرللندر4,5-Jan-26,416,
,"$295,235 ",$1.21 ,,$66.10 ,"AFN 6,991,035",AFN 80,,خریداری لابرتیب به تعمیرللندر 4,5-Jan-26,417,
,"$295,244 ",$8.32 ,,$66.10 ,"AFN 6,991,585",AFN 550,,خریداری پرزه جات به ترمیم جنراتور تعمیرللندر4,5-Jan-26,418,
,"$295,698 ",$453.86 ,,$66.10 ,"AFN 7,021,585","AFN 30,000",,پرداخت برای مصارف جلال آباد انجنیران ناحیه سوم بابت تعمیرللندر4,5-Jan-26,419,
,"$295,849 ",$151.29 ,,$66.10 ,"AFN 7,031,585","AFN 10,000",,پرداخت برای گلبدین بابت سیم تابی تعمیرللندر 4 (نوت پرداخت هذا بتاریخ 04 جنوری 2026 پرداخت گردیده,6-Jan-26,420,
,"$296,000 ",$151.29 ,,$66.10 ,"AFN 7,041,585","AFN 10,000",,پرداخت برای حاجی گل نظر بخاطر حوزه سوم امنیتی بابت تعمیرللندر 4,6-Jan-26,421,
,"$296,046 ",$45.39 ,,$66.10 ,"AFN 7,044,585","AFN 3,000",,پیش پرداخت برای احمد فرید للندر بابت ماه جدی تعمیرللندر 4,6-Jan-26,422,
,"$296,846 ",$800.00 ,,$66.10 ,"AFN 7,097,465","AFN 52,880",,پرداخت برای گلبدین بابت سیم تابی تعمیرللندر4,7-Jan-26,423,
,"$296,861 ",$15.13 ,,$66.10 ,"AFN 7,098,465","AFN 1,000",,پیش پرداخت برای زین الله ولد محمد ظاهر بابت ماه جدی 1404 تعمیرللندر4,7-Jan-26,424,
,"$296,865 ",$3.78 ,,$66.10 ,"AFN 7,098,715",AFN 250,,خریداری کارت مبایل برای معراج بابت تعمیرللندر4,7-Jan-26,425,
,"$296,868 ",$3.03 ,,$66.10 ,"AFN 7,098,915",AFN 200,,خریداری گازکیت به جنراتور تعمیرللندر4 و تیل موتر سایکل به تعمیرللندر4,7-Jan-26,426,
,"$296,874 ",$6.05 ,,$66.10 ,"AFN 7,099,315",AFN 400,,خریداری تیل پطرول به موتر کرولا نقره ایی,7-Jan-26,427,
,"$296,884 ",$10.59 ,,$66.10 ,"AFN 7,100,015",AFN 700,,خریداری جین بکس آب بازک به تعمیرللندر4,7-Jan-26,428,
,"$296,907 ",$22.69 ,,$66.10 ,"AFN 7,101,515","AFN 1,500",,پیش پرداخت برای هارون ولد فیض محمد بابت ماه جدی 1404 تعمیرللندر4,7-Jan-26,429,
,"$296,952 ",$45.39 ,,$66.10 ,"AFN 7,104,515","AFN 3,000",,پیش پرداخت برای معراج بابت ماه جدی 1404 للندر4,7-Jan-26,430,
,"$297,086 ",$133.43 ,,$66.10 ,"AFN 7,113,335","AFN 8,820",,خریداری قرطاسیه به دفتر بابت تعمیرللندر4,7-Jan-26,431,
,"$297,252 ",$166.67 ,,$66.00 ,"AFN 7,124,335","AFN 11,000",,پرداخت برای کارمندان ناحیه سوم ,8-Jan-26,432,
,"$297,283 ",$30.30 ,,$66.00 ,"AFN 7,126,335","AFN 2,000",,پیش پرداخت برای شریف الله ولد فیض محمد بابت ماه جدی 1404,8-Jan-26,433,
,"$297,286 ",$3.03 ,,$66.00 ,"AFN 7,126,535",AFN 200,,خریداری یک قطعی توش به تعمیرللندر 4,8-Jan-26,434,
,"$297,307 ",$21.06 ,,$66.00 ,"AFN 7,127,925","AFN 1,390",,"خریدرای گوشت مرغ , مصاله بریانی , مرچ تاز هو رومی به نان  چاشت کاریگران تعمیرللندر 4",8-Jan-26,435,
,"$297,337 ",$30.30 ,,$66.00 ,"AFN 7,129,925","AFN 2,000",,پرداخت برای مبلایل تبدیلی موتر کرولا نقره ایی بابت تعمیرللندر4,8-Jan-26,436,
,"$297,367 ",$30.30 ,,$66.00 ,"AFN 7,131,925","AFN 2,000",,خریداری تیل دیزل به جنراتور تعمیرللندر4,8-Jan-26,437,
,"$297,392 ",$25.00 ,,$66.00 ,"AFN 7,133,575","AFN 1,650",,خریداری سیم جستی به تعمیرللندر 4,11-Jan-26,438,
,"$297,544 ",$151.52 ,,$66.00 ,"AFN 7,143,575","AFN 10,000",,پیش پرداخت برای معراج الدین بابت ماه جدی 1404 تعمیرللندر4,11-Jan-26,439,
,"$302,544 ","$5,000.00 "," $5,000 ",$66.00 ,"AFN 7,143,575",AFN 0,,پرداخت برای شرکت کانکریت ریزی افغان پلانت بابت تعمیرللندر4,11-Jan-26,440,
,"$302,550 ",$5.74 ,,$66.15 ,"AFN 7,143,955",AFN 380,,خریداری کباب به انجنیران تعمیرللندر4,12-Jan-26,441,
,"$302,554 ",$4.84 ,,$66.15 ,"AFN 7,144,275",AFN 320,,خریداری تیل پطرول به ویبراتور بخاطر کانکریت ریزی تعمیرللندر4,12-Jan-26,442,
,"$302,560 ",$5.29 ,,$66.15 ,"AFN 7,144,625",AFN 350,,خریداری تیل پطرول به ویبراتور بخاطر کانکریت ریزی تعمیرللندر4,12-Jan-26,443,
,"$302,581 ",$21.16 ,,$66.15 ,"AFN 7,146,025","AFN 1,400",,پرداخت اجرت دو نفر گلکار بابت کانکریت ریزی تعمیرللندر 4,12-Jan-26,444,
,"$302,611 ",$30.23 ,,$66.15 ,"AFN 7,148,025","AFN 2,000",,پیش پرداخت برای احمد فرید للندر بابت ماه جدی 1404,12-Jan-26,445,
,"$302,615 ",$3.63 ,,$66.15 ,"AFN 7,148,265",AFN 240,,خریدرای گاز مایع به دفتر ساحوی تعمیرللندر4,12-Jan-26,446,
,"$304,615 ","$2,000.00 ",,$66.20 ,"AFN 7,280,665","AFN 132,400",,پرداخت برای گلبدین بابت سیم تابی تعمیرللندر4,13-Jan-26,447,
,"$304,695 ",$80.00 ,,$66.20 ,"AFN 7,285,961","AFN 5,296",,پرداخت پول باقیمانده دروزاه دفترساحوی تعمیرللندر4,13-Jan-26,448,
,"$304,704 ",$9.06 ,,$66.20 ,"AFN 7,286,561",AFN 600,,"خریداری مواد خوراکه بادنجان سیاه ,زنجفیل,سیر و رومی گشنیز و چکه به تعمیرللندر4",13-Jan-26,449,
,"$304,706 ",$2.42 ,,$66.20 ,"AFN 7,286,721",AFN 160,,خریداری رومی و تخم مرغ به دفتر ساحوی تعمیرللندر4,13-Jan-26,450,
,"$309,706 ","$5,000.00 "," $5,000 ",$66.20 ,"AFN 7,286,721",AFN 0,,پرداخت برای شرکت کانکریت ریزی افغان پلانت بابت تعمیرللندر4,13-Jan-26,451,
,"$309,933 ",$226.59 ,,$66.20 ,"AFN 7,301,721","AFN 15,000",,خریداری مواد ضد نم به تعمیرللندر 4 توسط حاجی عاشق الله,14-Jan-26,452,
,"$309,978 ",$45.32 ,,$66.20 ,"AFN 7,304,721","AFN 3,000",,پیش پرداخت برای احمد فرید للندر بابت ماه جدی 1404,14-Jan-26,453,
,"$309,993 ",$15.11 ,,$66.20 ,"AFN 7,305,721","AFN 1,000",,خریداری تیل دیزل به جنراتور تعمیرللندر4,14-Jan-26,454,
,"$310,023 ",$30.21 ,,$66.20 ,"AFN 7,307,721","AFN 2,000",,خریداری تیل دیزل به جنراتور تعمیرللندر4,14-Jan-26,455,
,"$310,025 ",$1.36 ,,$66.20 ,"AFN 7,307,811",AFN 90,,خریداری رومی به دفتر ساحوی تعمیرللندر4,14-Jan-26,456,
,"$310,151 ",$125.69 ,,$66.30 ,"AFN 7,316,144","AFN 8,333",,پرداخت معاش صلاح الدین ولد اکرام الدین بابت ماه جدی 1404,15-Jan-26,457,
,"$310,176 ",$25.04 ,,$66.30 ,"AFN 7,317,804","AFN 1,660",,"خریداری ترکاری از قبیل سمارق , جواری و غیره به سوپ , خریداری گوشت مرغ به آشپزخانه بخاطر کاریگران تعمیرللندر4",15-Jan-26,458,
,"$310,190 ",$14.03 ,,$66.30 ,"AFN 7,318,734",AFN 930,,"خریداری بوره , چای خشک ,چاکلیت به تعمیرللندر4",15-Jan-26,459,
,"$310,205 ",$15.08 ,,$66.30 ,"AFN 7,319,734","AFN 1,000",,پیش پرداخت برای شریف الله ولد فیض محمد بابت ماه جدی 1404,15-Jan-26,460,
,"$310,208 ",$3.17 ,,$66.30 ,"AFN 7,319,944",AFN 210,,"خریداری مصاله بریان, رومی , سیر به کاریگران تعمیرللندر4",15-Jan-26,461,
,"$310,223 ",$15.08 ,,$66.30 ,"AFN 7,320,944","AFN 1,000",,خریداری گاز مایع به آشپزخانه بخاطر کاریگران تعمیرللندر4,15-Jan-26,462,
,"$310,228 ",$4.83 ,,$66.30 ,"AFN 7,321,264",AFN 320,,"خریداری رومی , زنجفیل , سیر و گشنیز به دفتر",15-Jan-26,463,
,"$310,238 ",$10.56 ,,$66.30 ,"AFN 7,321,964",AFN 700,,خریداری گوشت مرغ به کاریگران تعمیرللندر 4,15-Jan-26,464,
,"$310,240 ",$1.96 ,,$66.30 ,"AFN 7,322,094",AFN 130,,خریداری رومی و قیماق به دفتر دفتر ساحوی تعمیرللندر4,15-Jan-26,465,
,"$310,255 ",$15.08 ,,$66.30 ,"AFN 7,323,094","AFN 1,000",,پیش پرداخت برای هارون ولد فیض محمد بابت ماه جدی 1404 تعمیرللندر4,15-Jan-26,466,
,"$310,355 ",$100.00 , $100 ,$66.30 ,"AFN 7,323,094",AFN 0,,پرداخت برای عبدالقدیر نبوی بابت دیزائین نما بیرونی تعمیرللندر4,15-Jan-26,467,
,"$310,398 ",$42.23 ,,$66.30 ,"AFN 7,325,894","AFN 2,800",,خریداری تیل پطرول به موتر کرولا نقره ایی بابت تعمیرللندر4,17-Jan-26,468,
,"$310,416 ",$18.10 ,,$66.30 ,"AFN 7,327,094","AFN 1,200",,خریداری پیتزا به مهمانان تعمیرللندر4,17-Jan-26,469,
,"$310,417 ",$1.51 ,,$66.30 ,"AFN 7,327,194",AFN 100,,خریداری نوشابه به مهمانان تعمیرللندر 4,17-Jan-26,470,
,"$310,450 ",$33.18 ,,$66.30 ,"AFN 7,329,394","AFN 2,200",,پرداخت فیس انترنت دفتر از 15 جنوری الی 15 فبروری 2026 بابت تعمیرللندر4,17-Jan-26,471,
,"$310,473 ",$22.62 ,,$66.30 ,"AFN 7,330,894","AFN 1,500",,خریداری تیل دیزل به جنراتور تعمیرللندر4,17-Jan-26,472,
,"$310,484 ",$11.16 ,,$66.30 ,"AFN 7,331,634",AFN 740,,خریداری پل برمه و سوهان به تعمیرللندر4,17-Jan-26,473,
,"$310,491 ",$6.64 ,,$66.30 ,"AFN 7,332,074",AFN 440,,خریداری پل برمه به تعمیرللندر4,17-Jan-26,474,
,"$310,506 ",$15.69 ,,$66.30 ,"AFN 7,333,114","AFN 1,040",,"خریداری دبل , دستکش , پلک برق به تعمیرللندر4",17-Jan-26,475,
,"$310,532 ",$25.64 ,,$66.30 ,"AFN 7,334,814","AFN 1,700",,خریداری سیم جستی 1.5 ملی به تعمیرللندر4,17-Jan-26,476,
,"$310,585 ",$52.79 ,,$66.30 ,"AFN 7,338,314","AFN 3,500",,خریداری سیم جستی 1.5 ملی به تعمیرللندر4,17-Jan-26,477,
,"$310,611 ",$25.64 ,,$66.30 ,"AFN 7,340,014","AFN 1,700",,خریداری سیم جستی 1.5 ملی به تعمیرللندر4,17-Jan-26,478,
,"$310,666 ",$55.20 ,,$66.30 ,"AFN 7,343,674","AFN 3,660",,خریداری سیم جستی 1.5 ملی و غر غره به تعمیرللندر4,17-Jan-26,479,
,"$310,673 ",$6.79 ,,$66.30 ,"AFN 7,344,124",AFN 450,,خریداری دستکش به تعمیرللندر4,17-Jan-26,480,
,"$310,679 ",$6.79 ,,$66.30 ,"AFN 7,344,574",AFN 450,,خریداری دستکش به تعمیرللندر4,17-Jan-26,481,
,"$310,684 ",$5.13 ,,$66.30 ,"AFN 7,344,914",AFN 340,,خریداری کتابچه به چوکیدار تعمیرللندر4,17-Jan-26,482,
,"$310,688 ",$3.62 ,,$66.30 ,"AFN 7,345,154",AFN 240,,خریداری گاز مایع به دفتر ساحوی تعمیرللندر4,17-Jan-26,483,
,"$310,703 ",$15.08 ,,$66.30 ,"AFN 7,346,154","AFN 1,000",,پیش پرداخت برای عبدالمتین ولد نیک محمد بابت ماه دلو 1404  کاریگر تعمیرللندر4,17-Jan-26,484,
,"$310,806 ",$102.56 ,,$66.30 ,"AFN 7,352,954","AFN 6,800",,خریداری سیم جستی 1.5 ملی به تعمیرللندر4,17-Jan-26,485,
,"$310,811 ",$5.28 ,,$66.30 ,"AFN 7,353,304",AFN 350,,خریداری سنگ برش به تعمیرللندر4,17-Jan-26,486,
,"$310,826 ",$15.08 ,,$66.30 ,"AFN 7,354,304","AFN 1,000",,خریداری تیل دیزل به جنراتور تعمیرللندر4,17-Jan-26,487,
,"$310,828 ",$1.51 ,,$66.30 ,"AFN 7,354,404",AFN 100,,خریداری تیل پطرول به ویبراتور تعمیرللندر 4,17-Jan-26,488,
,"$310,829 ",$1.51 ,,$66.30 ,"AFN 7,354,504",AFN 100,,خریداری تیل پطرول به ویبراتور تعمیرللندر 4,17-Jan-26,489,
,"$310,836 ",$6.79 ,,$66.30 ,"AFN 7,354,954",AFN 450,,خریداری دستکش به تعمیرللندر4,17-Jan-26,490,
,"$310,868 ",$31.67 ,,$66.30 ,"AFN 7,357,054","AFN 2,100",,خریداری پرزه جات به  ترمیم جنراتور تعمیرللندر4,17-Jan-26,491,
,"$310,879 ",$11.61 ,,$66.30 ,"AFN 7,357,824",AFN 770,,خریداری دستکش و برش به تعمیرللندر4,17-Jan-26,492,
,"$310,890 ",$10.56 ,,$66.30 ,"AFN 7,358,524",AFN 700,,خریداری سه ساکته و برش به تعمیرللندر4,17-Jan-26,493,
,"$310,897 ",$7.54 ,,$66.30 ,"AFN 7,359,024",AFN 500,,پرداخت برای چوری کشی ماشین جنراتورتعمیرللندر4,17-Jan-26,494,
,"$310,912 ",$15.08 ,,$66.30 ,"AFN 7,360,024","AFN 1,000",,خریداری 5 کواتر مبلایل به جنراتور تعمیرللندر4,17-Jan-26,495,
,"$310,913 ",$0.60 ,,$66.30 ,"AFN 7,360,064",AFN 40,,خریداری صافی به تعمیرللندر4,17-Jan-26,496,
,"$310,918 ",$4.52 ,,$66.30 ,"AFN 7,360,364",AFN 300,,خریداری مبلایل به جنراتور تعمیرللندر4,17-Jan-26,497,
,"$310,919 ",$1.51 ,,$66.30 ,"AFN 7,360,464",AFN 100,,خریداری رومی و گشنیز به دفتر,17-Jan-26,498,
,"$310,921 ",$1.51 ,,$66.30 ,"AFN 7,360,564",AFN 100,,خریداری چکه به دفتر ,21-Jan-26,499,
,"$310,951 ",$30.17 ,,$66.30 ,"AFN 7,362,564","AFN 2,000",,پرداخت معاش باقیمانده احمد فرید للندر ولد علاوالدین بابت ماه جدی 1404,21-Jan-26,500,
,"$310,988 ",$36.95 ,,$66.30 ,"AFN 7,365,014","AFN 2,450",,خریداری تیل پطرول به موتر کرولا نقره ایی بابت تعمیرللندر 4,24-Jan-26,501,
,"$310,991 ",$3.02 ,,$66.30 ,"AFN 7,365,214",AFN 200,,خریداری گاز مایع به دفتر ساحوی تعمیرللندر 4,24-Jan-26,502,
,"$311,080 ",$89.53 ,,$66.30 ,"AFN 7,371,150","AFN 5,936",,پرداخت برای خبازی سمیع الله بابت خریداری نان خشک بابت ماه جدی 1404به تعمیرللندر 4,24-Jan-26,503,
,"$311,173 ",$93.02 ,,$66.30 ,"AFN 7,377,317","AFN 6,167",,پرداخت معاش باقیمانده هارون ولد فیض محمد کاریگر تعمیرللندر 4 بابت ماه جدی 1404,24-Jan-26,504,
,"$311,324 ",$150.83 ,,$66.30 ,"AFN 7,387,317","AFN 10,000",,پرداخت معاش باقیمانده شریف الله ولد فیض محمد بابت ماه جدی 1404,24-Jan-26,505,
,"$311,377 ",$52.79 ,,$66.30 ,"AFN 7,390,817","AFN 3,500",,پیش پرداخت برای هارون ولد فیض محمد کاریگر تعمیرللندر 4 بنا بر ضرورت فامیلش بابت ماه دلو 1404,24-Jan-26,506,
,"$311,483 ",$105.74 ,,$66.20 ,"AFN 7,397,817","AFN 7,000",,پرداخت معاش زین الله ولد محمد ظاهر بابت ماه جدی 1404,25-Jan-26,507,
,"$311,528 ",$45.35 ,,$66.15 ,"AFN 7,400,817","AFN 3,000",,پیش پرداخت برای احمد فرید للندر بابت ماه دلو 1404 بابت تعمیرللندر4,26-Jan-26,508,
,"$311,631 ",$102.80 ,,$66.15 ,"AFN 7,407,617","AFN 6,800",,خریداری سیم جستی 1.5 ملی به تعمیرللندر4,26-Jan-26,509,
,"$311,635 ",$3.93 ,,$66.15 ,"AFN 7,407,877",AFN 260,,خریداری راش بیل به برف پاکی تعمیرللندر 4,26-Jan-26,510,
,"$311,641 ",$6.35 ,,$66.15 ,"AFN 7,408,297",AFN 420,,خریداری آب گرمی و تبر به تعمیرللندر 4,26-Jan-26,511,
,"$311,645 ",$3.93 ,,$66.15 ,"AFN 7,408,557",AFN 260,,خریداری نل  به بخاری دفتر ساحوی تعمیرللندر 4,26-Jan-26,512,
,"$311,675 ",$30.23 ,,$66.15 ,"AFN 7,410,557","AFN 2,000",,خریداری تیل دیزل به جنراتور تعمیرللندر 4,26-Jan-26,513,
,"$311,717 ",$42.33 ,,$66.15 ,"AFN 7,413,357","AFN 2,800",,"خریداری کچالو ,پیاز و کرای کراچی و کرای تکسی به آشپزخانه بابت نان کاریگران تعمیرللندر4",26-Jan-26,514,
,"$311,725 ",$7.56 ,,$66.15 ,"AFN 7,413,857",AFN 500,,خریداری کارت مبایل برای انجنیر صفی الله بابت تعمیرللندر 4,26-Jan-26,515,
,"$312,103 ",$377.64 ,,$66.20 ,"AFN 7,438,857","AFN 25,000",,پرداخت معاش انجنیر محبوب الله ولد محب الله بابت ماه قوس 1404 در تعمیرللندر4,27-Jan-26,516,
,"$312,480 ",$377.64 ,,$66.20 ,"AFN 7,463,857","AFN 25,000",,پرداخت معاش انجنیر محبوب الله ولد محب الله بابت ماه جدی 1404 در تعمیرللندر4,27-Jan-26,517,
,"$312,631 ",$151.06 ,,$66.20 ,"AFN 7,473,857","AFN 10,000",,پرداخت معاش عنایت الله ولد امین الله کاریگر تعمیرللندر 4 بابت ماه جدی 1404,27-Jan-26,518,
,"$313,387 ",$755.29 ,,$66.20 ,"AFN 7,523,857","AFN 50,000",,پرداخت معاش  صفی الله ولد حبیب الله  انجنیر تعمیرللندر بابت جدی 1404,27-Jan-26,519,
,"$314,887 ","$1,500.00 ",,$66.20 ,"AFN 7,623,157","AFN 99,300",,پرداخت برای گلبدین بابت سیم تابی تعمیرللندر4,27-Jan-26,520,
,"$315,487 ",$600.00 ,,$66.20 ,"AFN 7,662,877","AFN 39,720",,پرداخت برای محمد علی بابت تخریب دیوار RCC افغان بیسیم تعمیرللندر 4,27-Jan-26,521,
,"$315,668 ",$181.27 ,,$66.20 ,"AFN 7,674,877","AFN 12,000",,پرداخت معاش صفی الله ولد رفیع الله چوکیدار تعمیرللندر4 بابت ماه جدی 1404,27-Jan-26,522,
,"$315,849 ",$181.27 ,,$66.20 ,"AFN 7,686,877","AFN 12,000",,پرداخت معاش هارون ولد فضل الرحمن کاریگر تعمیرللندر 4 بابت ماه جدی 1404,27-Jan-26,523,
,"$316,197 ",$347.43 ,,$66.20 ,"AFN 7,709,877","AFN 23,000",,پرداخت برای گلبدین بابت سیم تابی تعمیرللندر 4,28-Jan-26,524,
,"$316,212 ",$15.33 ,,$65.25 ,"AFN 7,710,877","AFN 1,000",,خریداری تیل پطرول به موتر کرولا نقره ایی بابت تعمیرللندر4,29-Jan-26,525,
,"$316,229 ",$16.86 ,,$65.25 ,"AFN 7,711,977","AFN 1,100",,"خریداری گوشت مرغ ,مصاله بریانی به غذا کاریگران تعمیرللندر 4",29-Jan-26,526,
,"$316,331 ",$102.18 ,,$65.25 ,"AFN 7,718,644","AFN 6,667",,پرداخت معاش عزت الله ولد عبدالله بابت ماه جدی 1404,29-Jan-26,527,
,"$316,454 ",$122.61 ,,$65.25 ,"AFN 7,726,644","AFN 8,000",,پرداخت معاش باقیمانده معراج الدین ولد دادالله بابت ماه جدی 1404,29-Jan-26,528,
,"$316,469 ",$15.33 ,,$65.25 ,"AFN 7,727,644","AFN 1,000",,پیش پرداخت برای هارون ولد فیض محمد بابت ماه دلو 1404 کاریگر تعمیرللندر 4,29-Jan-26,529,
,"$316,497 ",$28.35 ,,$65.25 ,"AFN 7,729,494","AFN 1,850",,پرداخت برای حاجی شریف بابت خریداری پروفیل به تعمیرللندر4,29-Jan-26,530,
,"$316,528 ",$30.65 ,,$65.25 ,"AFN 7,731,494","AFN 2,000",,پیش پرداخت برای شریف الله ولد فیض محمد کاریگر تعمیرللندر 4 بابت ماه دلو 1404,29-Jan-26,531,
,"$317,107 ",$579.55 ,,$66.50 ,"AFN 7,770,034","AFN 38,540",,"انتقال پایپ 6"" اسکیچول 80  همراه با زانو خم و سه دهن از گدام کارته سه به تعمیرللندر4",31-Jan-26,532,
,"$317,378 ",$270.68 ,,$66.50 ,"AFN 7,788,034","AFN 18,000",,خریداری ده تخته کمپل به کاریگران تعمیرللندر4,31-Jan-26,533,
,"$317,453 ",$75.19 ,,$66.50 ,"AFN 7,793,034","AFN 5,000",,پیش پراداخت برای احمد فرید للندر بابت ماه دلو 1404,31-Jan-26,534,
,"$317,459 ",$6.02 ,,$66.50 ,"AFN 7,793,434",AFN 400,,خریداری ذغال داینمو به جنراتور للندر4,31-Jan-26,535,
,"$317,464 ",$4.51 ,,$66.50 ,"AFN 7,793,734",AFN 300,,خریداری کارت مبایل به احمد فرید للندر,31-Jan-26,536,
,"$318,464 ","$1,000.00 ",,$66.50 ,"AFN 7,860,234","AFN 66,500",,پرداخت برای گلبدین بابت تابی تعمیرللندر 4 (پرداخت هذا بتاریخ 20 جنوری 2026 پرداخت گردیده و شامل راپور 31 جنوری گردیده,31-Jan-26,537,
,"$318,494 ",$30.08 ,,$66.50 ,"AFN 7,862,234","AFN 2,000",,پرداخت معاش باقیمانده احمد فرید للندر بابت ماه جدی 1404,31-Jan-26,538,
,"$318,644 ",$150.38 ,,$66.50 ,"AFN 7,872,234","AFN 10,000",,پیش پرداخت برای احمد فرید للندر بابت ماه دلو 1404 تعمیرللندر 4,31-Jan-26,539,
,"$318,659 ",$15.04 ,,$66.50 ,"AFN 7,873,234","AFN 1,000",,پیش پرداخت برای هارون ولد فیض محمد بابت ماه دلو 1404,31-Jan-26,540,
,"$318,666 ",$6.47 ,,$66.50 ,"AFN 7,873,664",AFN 430,,"خریداری رومی , پیاز,بادنجان سیاه و روغن مایع به دفتر",31-Jan-26,541,
,"$320,016 ","$1,350.00 "," $1,350 ",$66.50 ,"AFN 7,873,664",AFN 0,,خریداری مبایل S25 ULTRA رئیس صدور مجوز توسط حاجی رفیع الله به رئیس صدور مجوز که در سال 2025 خریداری گردیده بود,31-Jan-26,542,
,"$328,016 ","$8,000.00 "," $8,000 ",$66.50 ,"AFN 7,873,664",AFN 0,,پرداخت و تصفیه حساب شرکت کانکریت ریزی افغان پلانت بابت پایل ها و قسط اخیر 50% فوندیشن تعمیر للندر 4  (بتاریخ 19 جنوری پرداخت گردیده و شامل راپور 31 گردیده ),31-Jan-26,543,
,"$328,025 ",$9.02 ,,$66.50 ,"AFN 7,874,264",AFN 600,,خریداری گاز مایع به دفتر بخاطر تهیه غذا کاریگران تعمیرللندر4,31-Jan-26,544,
,"$328,039 ",$14.14 ,,$66.50 ,"AFN 7,875,204",AFN 940,,"خریداری تار رجه , گروپ دستی ,گروپ استند به تعمیرللندر 4",1-Feb-26,545,
,"$328,043 ",$3.76 ,,$66.50 ,"AFN 7,875,454",AFN 250,,خریداری گاز مایع و نان چاشت روز جمعه کاریگران تعمیرللندر 4,1-Feb-26,546,
,"$328,073 ",$30.58 ,,$65.40 ,"AFN 7,877,454","AFN 2,000",,پیش پرداخت برای شریف الله ولد فیض محمد بابت ماه دلو 1404,2-Feb-26,547,
,"$328,081 ",$7.65 ,,$65.40 ,"AFN 7,877,954",AFN 500,,پیش پرداخت برای زین الله ولد  محمد ظاهر بابت ماه دلو 1404,2-Feb-26,548,
,"$328,096 ",$15.29 ,,$65.40 ,"AFN 7,878,954","AFN 1,000",,خریداری تیل دیزل به جنراتور تعمیرللندر 4,2-Feb-26,549,
,"$328,100 ",$3.67 ,,$65.40 ,"AFN 7,879,194",AFN 240,,خریداری گاز به دفتر ساحوی تعمیرللندر 4,2-Feb-26,550,
,"$328,176 ",$76.45 ,,$65.40 ,"AFN 7,884,194","AFN 5,000",,پیش پرداخت انجنیر صفی الله بابت ماه دلو 1404,2-Feb-26,551,
,"$329,176 ","$1,000.00 ",,$65.30 ,"AFN 7,949,494","AFN 65,300",,پرداخت برای گلبدین بابت سیم تابی تعمیرللندر 4 بدست قیام الدین برادرش,3-Feb-26,552,
,"$329,483 ",$306.28 ,,$65.30 ,"AFN 7,969,494","AFN 20,000",,پرداخت برای آدم خان بابت اجرت ده ساعته اسکواتور بابت خورد کردن دیوار  تخریب شده  افغان بیسیم به توته های خورد و کشیدن سیخ هاو همچنان هموار کاری و پاک کاری ساحه بخاطر کانکریت پمپ,3-Feb-26,553,
,"$329,529 ",$45.94 ,,$65.30 ,"AFN 7,972,494","AFN 3,000",,پیش پرداخت برای هارون ولد فیض محمد کاریگر تعمیرللندر 4 بابت ماه دلو 1404,3-Feb-26,554,
,"$337,529 ","$8,000.00 "," $8,000 ",$65.30 ,"AFN 7,972,494",AFN 0,,پرداخت برای شرکت کانکریت ریزی افغان پلانت بابت تعمیرللندر 4,3-Feb-26,555,
,"$337,572 ",$43.51 ,,$65.50 ,"AFN 7,975,344","AFN 2,850",,خریداری تیل پطرول به موتر کرولا نقره ایی استفاده به تعمیرللندر4,4-Feb-26,556,
,"$337,577 ",$4.58 ,,$65.50 ,"AFN 7,975,644",AFN 300,,خریداری تیل پطرول به ویبراتور های تعمیرللندر 4,4-Feb-26,557,
,"$337,584 ",$7.63 ,,$65.50 ,"AFN 7,976,144",AFN 500,,خریداری تیل پطرول به ویبراتور های تعمیرللندر 4,4-Feb-26,558,
,"$337,615 ",$30.53 ,,$65.50 ,"AFN 7,978,144","AFN 2,000",,خریداری تیل دیزل به جنراتور تعمیرللندر 4,4-Feb-26,559,
,"$337,626 ",$11.45 ,,$65.50 ,"AFN 7,978,894",AFN 750,,خریداری کشپل و پرزه جات به ویبراتور تعمیرللندر 4,4-Feb-26,560,
,"$337,634 ",$7.63 ,,$65.50 ,"AFN 7,979,394",AFN 500,,پرداخت برای احمد فریدللندر بابت کارت مبایل ,4-Feb-26,561,
,"$338,016 ",$381.68 ,,$65.50 ,"AFN 8,004,394","AFN 25,000",,پرداخت برای محمد علی بابت بابت تخریب دیوار RCC افغان بیسیم تعمیرللندر 4,4-Feb-26,562,
,"$338,149 ",$133.59 ,,$65.50 ,"AFN 8,013,144","AFN 8,750",,پرداخت برای نورالدین بابت قالبکاری پایل های تحکیماتی تعمیرللندر 4,4-Feb-26,563,
,"$338,302 ",$152.67 ,,$65.50 ,"AFN 8,023,144","AFN 10,000",,پیش پرداخت برای معراج الدین ولد دادالله بابت ماه دلو 1404 تعمیرللندر 4,4-Feb-26,564,
,"$338,607 ",$305.34 ,,$65.50 ,"AFN 8,043,144","AFN 20,000",,پرداخت برای گلبدین بابت سیم تابی تعمیرللندر 4 بدست قیام الدین ,4-Feb-26,565,
,"$338,630 ",$22.90 ,,$65.50 ,"AFN 8,044,644","AFN 1,500",,پرداخت اجرت مزد دو نفر گلکار بابت کانکریت ریزی تعمیرللندر 4,4-Feb-26,566,
,"$338,631 ",$0.61 ,,$65.50 ,"AFN 8,044,684",AFN 40,,خریداری تار کشپل به جنراتور خورد تعمیرللندر 5,4-Feb-26,567,4-Feb-26
,"$338,736 ",$105.43 ,,$64.50 ,"AFN 8,051,484","AFN 6,800",,خریداری سیم جستی به تعمیرللندر 4,5-Feb-26,568,
,"$338,744 ",$7.44 ,,$64.50 ,"AFN 8,051,964",AFN 480,,خریداری دستکش و عینک فلز کاری به تعمیرللندر 5,5-Feb-26,569,
,"$338,759 ",$15.50 ,,$64.50 ,"AFN 8,052,964","AFN 1,000",,پیش پرداخت برای احمد فرید للندر بابت ماه دلو 1404,5-Feb-26,570,
,"$338,779 ",$20.16 ,,$64.50 ,"AFN 8,054,264","AFN 1,300",,خریداری گوشت مرغ بخاطر بریانی به کاریگران تعمیرللندر 4,5-Feb-26,571,
,"$348,779 ","$10,000.00 "," $10,000 ",$64.50 ,"AFN 8,054,264",AFN 0,,پرداخت برای شرکت کانکریت ریزی افغان پلانت بابت تعمیرللندر4 (نوت پرداخت هذا توسط جاوید سکندری پرداخت گردیده است ,5-Feb-26,572,
,"$348,787 ",$7.69 ,,$65.00 ,"AFN 8,054,764",AFN 500,,پیش پرداخت برای زین الله ولد محمد ظاهر کاریگر تعمیرللندر 4 بابت ماه دلو 1404,7-Feb-26,573,
,"$348,812 ",$24.92 ,,$65.00 ,"AFN 8,056,384","AFN 1,620",,خریداری گاز مایع مایع به آشپزخانه بخاطر تهیه غذا به تعمیرللندر4,8-Feb-26,574,
,"$348,843 ",$30.77 ,,$65.00 ,"AFN 8,058,384","AFN 2,000",,خریداری جوس و غذا برای انجنیران ناحیه سوم بابت تعمیرللندر 4 توسط انجنیر صفی الله ,8-Feb-26,575,
,"$348,858 ",$15.38 ,,$65.00 ,"AFN 8,059,384","AFN 1,000",,پیش پرداخت برای عبدالمتین ولد نیک محمد بابت ماه دلو 1404کاریگر تعمیر للندر 4,8-Feb-26,576,
,"$348,870 ",$11.69 ,,$65.00 ,"AFN 8,060,144",AFN 760,,"خریدرای سیر,زنجفیل , مرچ دلمه و ماست ,قیماق ",8-Feb-26,577,
,"$348,978 ",$108.53 ,,$64.50 ,"AFN 8,067,144","AFN 7,000",,برداشت احمد فرید للندر ولد علاوالدین بابت ماه حوت 1404 تعمیرللندر4,9-Feb-26,578,
,"$349,025 ",$46.51 ,,$64.50 ,"AFN 8,070,144","AFN 3,000",,خریداری مواد ضد نم به کانکریت ریزی تعمیرللندر4,9-Feb-26,579,
,"$349,056 ",$31.01 ,,$64.50 ,"AFN 8,072,144","AFN 2,000",,پیش پرداخت برای شریف الله ولد فیض محمد بابت ماه دلو 1404,9-Feb-26,580,
,"$349,061 ",$5.56 ,,$63.00 ,"AFN 8,072,494",AFN 350,,خریداری تیل پطرول به ویبراتور های تعمیرللندر 4,10-Feb-26,581,
,"$349,093 ",$31.75 ,,$63.00 ,"AFN 8,074,494","AFN 2,000",,خریداری تیل دیزل به جنراتور تعمیرللندر4,10-Feb-26,582,
,"$349,109 ",$15.87 ,,$63.00 ,"AFN 8,075,494","AFN 1,000",,خریداری گوشت به کارمندان تعمیرللندر 4,10-Feb-26,583,
,"$349,125 ",$15.87 ,,$63.00 ,"AFN 8,076,494","AFN 1,000",,خریداری تیل دیزل به جنراتور تعمیرللندر4,11-Feb-26,584,
,"$349,136 ",$10.79 ,,$63.00 ,"AFN 8,077,174",AFN 680,,خریداری گوشت به دفترللندر4,11-Feb-26,585,
,"$350,136 ","$1,000.00 ",,$63.80 ,"AFN 8,140,974","AFN 63,800",,پرداخت برای گلبدین بابت سیم تابی تعمیرللندر 4,12-Feb-26,586,
,"$350,156 ",$20.38 ,,$63.80 ,"AFN 8,142,274","AFN 1,300",,خریداری گوشت مرغ و مصاله بریانی به کاریگران تعمیرللندر4,12-Feb-26,587,
,"$350,391 ",$235.11 ,,$63.80 ,"AFN 8,157,274","AFN 15,000",,پرداخت قسط اول برای نصیر احمد بابت کرای خوازه تعمیرللندر 4,12-Feb-26,588,
,"$380,391 ","$30,000.00 "," $30,000 ",$63.80 ,"AFN 8,157,274",AFN 0,, پرداخت برای شرکت کانکریت ریزی افغان پلانت بابت تعمیرللندر 4,12-Feb-26,589,
,"$460,391 ","$80,000.00 "," $80,000 ",$63.80 ,"AFN 8,157,274",AFN 0,,پرداخت برای حاجی نادر دولت زی بابت خریداری سیخ گول به تعمیرللندر4,12-Feb-26,590,
,"$460,434 ",$42.86 ,,$63.00 ,"AFN 8,159,974","AFN 2,700",,خریداری تیل پطرول به موتر کرولا نقره ایی للندر 4,14-Feb-26,591,
,"$460,466 ",$31.75 ,,$63.00 ,"AFN 8,161,974","AFN 2,000",,خریداری تیل دیزل به جنراتور تعمیرللندر 4,14-Feb-26,592,
,"$460,513 ",$47.62 ,,$63.00 ,"AFN 8,164,974","AFN 3,000",,پیش پرداخت برای احمد فرید للندر بابت ماه حوت 1404,15-Feb-26,593,
,"$460,529 ",$15.87 ,,$63.00 ,"AFN 8,165,974","AFN 1,000",,خریداری تیل دیزل به جنراتور تعمیرللندر4,15-Feb-26,594,
,"$460,533 ",$3.49 ,,$63.00 ,"AFN 8,166,194",AFN 220,,خریداری گاز مایع به دفتر ساحوی تعمیرللندر 4,15-Feb-26,595,
,"$460,568 ",$34.92 ,,$63.00 ,"AFN 8,168,394","AFN 2,200",,خریداری مبلایل به جنراتورترمیم شده و اجرت مستری به تعمیرللندر 4,15-Feb-26,596,
,"$460,591 ",$23.49 ,,$63.00 ,"AFN 8,169,874","AFN 1,480",,"خریداری گازکیت ,فیس ,گازکیت ,نیچه و پرش و سرش برای ترمیم جنراتور تعمیرللندر4",15-Feb-26,597,
,"$460,600 ",$8.89 ,,$63.00 ,"AFN 8,170,434",AFN 560,,خریداری دستکش برای کاریگران  تعمیرللندر4,15-Feb-26,598,
,"$460,610 ",$10.32 ,,$63.00 ,"AFN 8,171,084",AFN 650,,خریداری دستکش و لابرتیپ به تعمیرللندر4,15-Feb-26,599,
,"$460,748 ",$138.10 ,,$63.00 ,"AFN 8,179,784","AFN 8,700",,خریداری سیم جستی 1.5 ملی به تعمیرللندر4,15-Feb-26,600,
,"$460,775 ",$26.98 ,,$63.00 ,"AFN 8,181,484","AFN 1,700",,خریداری سیم جستی 1.5 ملی به تعمیرللندر4,15-Feb-26,601,
,"$460,778 ",$3.02 ,,$63.00 ,"AFN 8,181,674",AFN 190,,خریداری پیچکش به تعمیرللندر 4,15-Feb-26,602,
,"$460,797 ",$18.10 ,,$63.00 ,"AFN 8,182,814","AFN 1,140",,خریداری دستکش و سه ساکته و سیخ به تعمیرللندر 4,15-Feb-26,603,
,"$460,819 ",$22.22 ,,$63.00 ,"AFN 8,184,214","AFN 1,400",,پرداخت برای ترمیم دو پایه چرخ تعمیرللندر 4,15-Feb-26,604,
,"$460,827 ",$7.94 ,,$63.00 ,"AFN 8,184,714",AFN 500,,خریداری جوس برای انجنیران ناحیه سوم بابت تعمیرللندر 4,15-Feb-26,605,
,"$461,087 ",$260.58 ,,$62.60 ,"AFN 8,201,026","AFN 16,312",,پرداخت مصارف بل های برق دفتر و تعمیرللندر 4 بابت ماه جدی 1404,16-Feb-26,606,
,"$461,090 ",$3.19 ,,$62.60 ,"AFN 8,201,226",AFN 200,,خریداری یک کواتر مبلایل به تعمیرللندر4,16-Feb-26,607,
,"$461,170 ",$79.87 ,,$62.60 ,"AFN 8,206,226","AFN 5,000",,پیش پرداخت برای شریف الله ولد فیض محمد کاریگر تعمیرللندر 4 بابت ماه دلو 1404,16-Feb-26,608,
,"$461,185 ",$14.38 ,,$62.60 ,"AFN 8,207,126",AFN 900,,خریداری گوشت به کاریگران تعمیرللندر 4,16-Feb-26,609,
,"$461,220 ",$34.84 ,,$63.15 ,"AFN 8,209,326","AFN 2,200",,پرداخت فیس انترنت دفتر از 16 فبروری الی 16 مارچ 2026 بابت تعمیرللندر4,17-Feb-26,610,
,"$462,219 ",$999.21 ,,$63.15 ,"AFN 8,272,426","AFN 63,100",,پرداخت برای گلبدین بابت سیم تابی تعمیرللندر 4,17-Feb-26,611,
,"$462,250 ",$31.67 ,,$63.15 ,"AFN 8,274,426","AFN 2,000",,پیش پرداخت برای هارون ولد فیض محمد بابت ماه دلو 1404 کاریگر تعمیرللندر 4,17-Feb-26,612,
,"$462,266 ",$15.84 ,,$63.15 ,"AFN 8,275,426","AFN 1,000",,پیش پرداخت برای زین الله ولد محمد ظاهر کاریگر تعمیرللندر 4 بابت ماه دلو 1404,17-Feb-26,613,
,"$462,504 ",$237.53 ,,$63.15 ,"AFN 8,290,426","AFN 15,000",,پرداخت برای محمد علی بابت تخریب دیوار RCC افغان بیسیم تعمیرللندر 4,17-Feb-26,614,
,"$463,922 ","$1,418.00 "," $1,418 ",$63.15 ,"AFN 8,290,426",AFN 0,,پرداخت برای شرکت تولیدی فراز آژمان بابت خریداری (63 متر مکعب) کاک سقفی به تعمیرللندر 4,17-Feb-26,615,
,"$465,154 ","$1,232.00 "," $1,232 ",$63.15 ,"AFN 8,290,426",AFN 0,,پرداخت برای شرکت افغان پلانت بابت پول باقیمانده خریداری سمنت به شرکت افغان پلانت  کانکریت ریزی تعمیرللندر 4,18-Feb-26,616,
,"$465,281 ",$126.98 ,,$63.00 ,"AFN 8,298,426","AFN 8,000",,پرداخت برای محمد نور بابت اجرت کرای خوازه کار تعمیرللندر 4 ,19-Feb-26,617,
,"$465,312 ",$31.75 ,,$63.00 ,"AFN 8,300,426","AFN 2,000",,پیش پرداخت برای احمد فرید للندر بابت ماه حوت 1404,19-Feb-26,618,
,"$465,344 ",$31.75 ,,$63.00 ,"AFN 8,302,426","AFN 2,000",,پرداخت اجرت دو نفر گلکار بابت کانکریت ریزی چت منزل دوم تعمیرللندر4,19-Feb-26,619,
,"$465,352 ",$7.94 ,,$63.00 ,"AFN 8,302,926",AFN 500,,پرداخت برای مصارف چای صبح کاریگران تعمیرللندر 4 بابت کانکریت ریزی چت منزل دوم ,19-Feb-26,620,
,"$465,479 ",$126.98 ,,$63.00 ,"AFN 8,310,926","AFN 8,000",,پرداخت برای محمد نور بابت اجرت کرای خوازه کار تعمیرللندر 4 ,20-Feb-26,621,
,"$465,511 ",$31.75 ,,$63.00 ,"AFN 8,312,926","AFN 2,000",,پیش پرداخت برای احمد فرید للندر بابت ماه حوت 1404,20-Feb-26,622,
,"$465,543 ",$31.75 ,,$63.00 ,"AFN 8,314,926","AFN 2,000",,پرداخت اجرت دو نفر گلکار بابت کانکریت ریزی چت منزل دوم تعمیرللندر4,20-Feb-26,623,
,"$465,551 ",$7.94 ,,$63.00 ,"AFN 8,315,426",AFN 500,,پرداخت برای مصارف چای صبح کاریگران تعمیرللندر 4 بابت کانکریت ریزی چت منزل دوم ,20-Feb-26,624,
,"$465,552 ",$1.59 ,,$63.00 ,"AFN 8,315,526",AFN 100,,خریداری پل چرخ به تعمیرللندر 4,21-Feb-26,625,
,"$465,574 ",$22.22 ,,$63.00 ,"AFN 8,316,926","AFN 1,400",,خریداری پرزه جات به ترمیم جنراتور تعمیرللندر 4,21-Feb-26,626,
,"$465,590 ",$15.92 ,,$62.80 ,"AFN 8,317,926","AFN 1,000",,پیش پرداخت برای شریف الله ولد فیض محمد کاریگر تعمیرللندر4 بابت ماه حوت 1404,22-Feb-26,627,
,"$465,694 ",$103.50 ,,$62.80 ,"AFN 8,324,426","AFN 6,500",,پیش پرداخت برای هارون ولد فضل الرحمن کاریگر تعمیرللندر 4 بابت ماه دلو 1404,22-Feb-26,628,
,"$465,702 ",$7.89 ,,$63.40 ,"AFN 8,324,926",AFN 500,,خریداری تیل پطرول به ویبراتور های تعمیرللندر 4,23-Feb-26,629,
,"$465,725 ",$23.66 ,,$63.40 ,"AFN 8,326,426","AFN 1,500",,خریداری تیل دیزل به جنراتور تعمیرللندر 4,23-Feb-26,630,
,"$465,752 ",$26.50 ,,$63.40 ,"AFN 8,328,106","AFN 1,680",,خریداری 210 دانه بوری از خبازی به تعمیرللندر4,23-Feb-26,631,
,"$465,757 ",$4.73 ,,$63.40 ,"AFN 8,328,406",AFN 300,,خریداری کارت مبایل به احمد فرید للندر,23-Feb-26,632,
,"$465,772 ",$15.77 ,,$63.40 ,"AFN 8,329,406","AFN 1,000",,پیش پرداخت برای احمد فرید للندر بابت ماه حوت 1404,23-Feb-26,633,
,"$465,804 ",$31.55 ,,$63.40 ,"AFN 8,331,406","AFN 2,000",,پرداخت برای قربان کرن کار بابت انتقال جنراتور از گدام کارته سه به تعمیرللندر 4,23-Feb-26,634,
,"$465,832 ",$28.44 ,,$63.30 ,"AFN 8,333,206","AFN 1,800",,پرداخت برای تداوی شریف الله کاریگر تعمیرللندر4,24-Feb-26,635,
,"$466,148 ",$315.96 ,,$63.30 ,"AFN 8,353,206","AFN 20,000",,پرداخت برای گلبدین بابت سیم تابی تعمیرللندر4,24-Feb-26,636,
,"$466,188 ",$39.49 ,,$63.30 ,"AFN 8,355,706","AFN 2,500",,پرداخت برای ترمیم جک کمر تعمیرللندر4,25-Feb-26,637,
,"$467,768 ","$1,579.78 ",,$63.30 ,"AFN 8,455,706","AFN 100,000",,پرداخت برای گلبدین بابت سیم تابی تعمیرللندر4,25-Feb-26,638,
,"$467,854 ",$86.89 ,,$63.30 ,"AFN 8,461,206","AFN 5,500",,پرداخت معاش باقیمانده هارون ولد فضل الرحمن کاریگر بابت ماه دلو 1404,25-Feb-26,639,
,"$468,012 ",$157.98 ,,$63.30 ,"AFN 8,471,206","AFN 10,000",,پرداخت معاش عنایت الله ولد امان الله کاریگر تعمیرللندر 4 بابت ماه دلو 1404,25-Feb-26,640,
,"$468,170 ",$157.98 ,,$63.30 ,"AFN 8,481,206","AFN 10,000",,پرداخت معاش عبدالبصیرولد رضا کاریگر تعمیرللندر 4 بابت ماه دلو 1404,25-Feb-26,641,
,"$468,202 ",$31.60 ,,$63.30 ,"AFN 8,483,206","AFN 2,000",,پرداخت برای قربان کرن بابت انتقال کانتینر از تعمیرللندر 5 به تعمیرللندر5,25-Feb-26,642,
,"$468,215 ",$12.64 ,,$63.30 ,"AFN 8,484,006",AFN 800,,پرداخت معاش علی احمد ولد محمد باقر بابت دو روز کار در تعمیرللندر4,25-Feb-26,643,
,"$468,341 ",$126.38 ,,$63.30 ,"AFN 8,492,006","AFN 8,000",,پرداخت معاش باقی عبدالمتین ولد نیک محمد  کاریگر تعمیرللندر 4 بابت ماه دلو 1404,25-Feb-26,644,
,"$468,347 ",$6.32 ,,$63.30 ,"AFN 8,492,406",AFN 400,,خریداری بوجی یا بوری به تعمیر للندر4,25-Feb-26,645,
,"$468,435 ",$88.09 ,,$63.30 ,"AFN 8,497,982","AFN 5,576",,پرداخت برای خبازی سمیع الله بابت خریداری نان خشک به للندر4,25-Feb-26,646,
,"$468,459 ",$23.70 ,,$63.30 ,"AFN 8,499,482","AFN 1,500",,پرداخت معاش هارون ولد فیض محمد کاریگر تعمیرللندر6 بابت ماه دلو1404,25-Feb-26,647,
,"$468,466 ",$7.11 ,,$63.30 ,"AFN 8,499,932",AFN 450,,خریداری پرزه جات ویبراتور تعمیر للندر4,25-Feb-26,648,
,"$468,471 ",$5.06 ,,$63.30 ,"AFN 8,500,252",AFN 320,,خریداری تیل پطرول به ویبراتور  های للندر4,25-Feb-26,649,
,"$468,483 ",$12.01 ,,$63.30 ,"AFN 8,501,012",AFN 760,,خریداری فلتر کاربیتر به جنراتور سویچ به للندر 4,25-Feb-26,650,
,"$468,515 ",$31.60 ,,$63.30 ,"AFN 8,503,012","AFN 2,000",,خریداری تیل پطرول به کرولا موتر نقری بابت تعمیرللندر4,25-Feb-26,651,
,"$468,531 ",$15.82 ,,$63.20 ,"AFN 8,504,012","AFN 1,000",,خریداری تیل دیزل به جنراتور تعمیرللندر 4,26-Feb-26,652,
,"$468,597 ",$66.46 ,,$63.20 ,"AFN 8,508,212","AFN 4,200",,خریداری پایپ به ویبراتور های تعمیرللندر4,26-Feb-26,653,
,"$468,613 ",$15.82 ,,$63.20 ,"AFN 8,509,212","AFN 1,000",,خریداری تیل پطرول به موتر کرولا نقره ایی,26-Feb-26,654,
,"$468,755 ",$142.41 ,,$63.20 ,"AFN 8,518,212","AFN 9,000",,پرداخت معاش باقیمانده زین الله ولد محمد ظاهر کاریگر تعمیرللندر4 بابت ماه دلو 1404,26-Feb-26,655,
,"$468,945 ",$189.87 ,,$63.20 ,"AFN 8,530,212","AFN 12,000",,پرداخت معاش صفی الله ولد رفیع الله چوکیداری تعمیرللندر 4 بابت ماه دلو 1404,26-Feb-26,656,
,"$469,119 ",$174.05 ,,$63.20 ,"AFN 8,541,212","AFN 11,000",,پرداخت معاش باقیمانده معراج الدین ولد دادالله مدیر اداری تعمیرللندر 4 بابت ماه دلو 1404,26-Feb-26,657,
,"$469,831 ",$712.03 ,,$63.20 ,"AFN 8,586,212","AFN 45,000",,پرداخت معاش باقیمانده صفی الله ولد حبیب الله انجنیر ساحوی تعمیرللندر 4 بابت ماه دلو 1404,26-Feb-26,658,
,"$469,847 ",$15.82 ,,$63.20 ,"AFN 8,587,212","AFN 1,000",,پرداخت معاش باقیمانده شریف الله ولد فیض محمد ماه دلو 1404,28-Feb-26,659,
,"$469,878 ",$31.01 ,,$64.50 ,"AFN 8,589,212","AFN 2,000",,پرداخت اجرت دو نفر  گلکار بابت کانکریت ریزی چت منزل سوم سکشن B تعمیر للندر 4 ,1-Mar-26,660,
,"$469,884 ",$6.20 ,,$64.50 ,"AFN 8,589,612",AFN 400,,خریداری مبلایل برای ویبراتور به تعمیر للندر 4,1-Mar-26,661,
,"$469,903 ",$18.91 ,,$64.50 ,"AFN 8,590,832","AFN 1,220",,خریداری مبلایل و یک دانه تارکش فال برای جنراتور به تعمیر للندر 4,1-Mar-26,662,
,"$469,908 ",$4.65 ,,$64.50 ,"AFN 8,591,132",AFN 300,,خریداری تیل پطرول برای ویبراتور های للندر 4,1-Mar-26,663,
,"$469,909 ",$1.09 ,,$64.50 ,"AFN 8,591,202",AFN 70,,خریداری نمک به للندر 4,1-Mar-26,664,
,"$469,940 ",$31.01 ,,$64.50 ,"AFN 8,593,202","AFN 2,000",,خریداری تیل پطرول به موتر کرولای نقره یی و تیل دیزل به جنراتور للندر 4 ,1-Mar-26,665,
,"$469,963 ",$23.26 ,,$64.50 ,"AFN 8,594,702","AFN 1,500",,خریداری تیل دیزل به جنراتور للندر 4 ,1-Mar-26,666,
,"$469,994 ",$31.01 ,,$64.50 ,"AFN 8,596,702","AFN 2,000",,خریداری تیل دیزل به جنراتور للندر 4,1-Mar-26,667,
,"$470,010 ",$15.81 ,,$64.50 ,"AFN 8,597,722","AFN 1,020",,خریدرای گاز بخاطر تهیه غذا به کاریگران  للندر 4 ,2-Mar-26,668,
,"$470,041 ",$31.01 ,,$64.50 ,"AFN 8,599,722","AFN 2,000",,پیش پرداخت برای شریف الله ولد فیض محمد کاریگر تعمیر للندر 4 بابت ماه حوت 1404,3-Mar-26,669,
,"$470,049 ",$7.75 ,,$64.50 ,"AFN 8,600,222",AFN 500,,پرداخت برای تداوی دست هارون ولد فیض محمد کاریگر تعمیر للندر 4,3-Mar-26,670,
,"$470,095 ",$46.15 ,,$65.00 ,"AFN 8,603,222","AFN 3,000",,پرداخت معاش باقیمانده احمد فرید للندر بابت ماه دلو 1404,4-Mar-26,671,
,"$470,326 ",$230.77 ,,$65.00 ,"AFN 8,618,222","AFN 15,000",,پرداخت برای گلبدین بابت سیم تابی تعمیر للندر 4 بدست قیام الدین ,4-Mar-26,672,
,"$470,389 ",$63.66 ,,$65.00 ,"AFN 8,622,360","AFN 4,138",,پرداخت معاش هارون ولد فیض محمد بابت ماه حوت 1404,4-Mar-26,673,
,"$476,234 ","$5,845.00 "," $5,845 ",$65.00 ,"AFN 8,622,360",AFN 0,,پرداخت برای شرکت افغان پلانت بابت خریداری 35 تن سمنت ازبکی فی تن 167$ دالر امریکایی و اجرا آن برای سمنت فروش توسط چک نمبر 2369,4-Mar-26,674,
,"$476,279 ",$44.68 ,,$64.90 ,"AFN 8,625,260","AFN 2,900",,خریداری تیل پطرول برای موتری نقری به تعمیر للندر 4,5-Mar-26,675,
,"$476,289 ",$10.02 ,,$64.90 ,"AFN 8,625,910",AFN 650,,خریداری سرکلوشن به تعمیر للندر 4,5-Mar-26,676,
,"$476,292 ",$3.08 ,,$64.90 ,"AFN 8,626,110",AFN 200,,خریداری قیماق و مربا به تعمیر للندر 4,5-Mar-26,677,
,"$476,320 ",$27.73 ,,$64.90 ,"AFN 8,627,910","AFN 1,800",,خریداری تیل پطرول به ویبراتور ها و تیل دیزل به جنراتور تعمیر للندر 4,5-Mar-26,678,
,"$476,325 ",$4.62 ,,$64.90 ,"AFN 8,628,210",AFN 300,,خریداری پیچ بکسوانه همراه با کرایه انتقال به تعمیر للندر 4,5-Mar-26,679,
,"$476,356 ",$31.40 ,,$63.70 ,"AFN 8,630,210","AFN 2,000",,برداشت احمد فرید للندر بابت ماه حوت 1404,8-Mar-26,680,
,"$476,372 ",$16.01 ,,$63.70 ,"AFN 8,631,230","AFN 1,020",,پرداخت برای تداوی دست چوکیدار تعمیر للندر 4 توسط انجنیر صاحب صفی الله,8-Mar-26,681,
,"$476,375 ",$3.14 ,,$63.70 ,"AFN 8,631,430",AFN 200,,خریداری چاکلیت برای تعمیر للندر 4,8-Mar-26,682,
,"$478,877 ","$2,501.97 ",,$63.55 ,"AFN 8,790,430","AFN 159,000",,پرداخت برای گلبدین بابت سیم تابی تعمیر للندر 4 ,10-Mar-26,683,
,"$478,924 ",$47.21 ,,$63.55 ,"AFN 8,793,430","AFN 3,000",,پیش پرداخت برای زین الله ولد محمد ظاهر بابت ماه حوت 1404,10-Mar-26,684,
,"$478,956 ",$31.47 ,,$63.55 ,"AFN 8,795,430","AFN 2,000",,خریداری تیل دیزل به جنراتور تعمیر للندر 4 ,10-Mar-26,685,
,"$480,347 ","$1,391.00 "," $1,391 ",$63.55 ,"AFN 8,795,430",AFN 0,,پرداخت برای شرکت فراز آژمان بابت خریداری (61.8 مترمکعب) کاک سقفی به تعمیر للندر 4 ,10-Mar-26,686,
,"$480,350 ",$3.15 ,,$63.50 ,"AFN 8,795,630",AFN 200,,خردیداری گاز مایع به دفتر ساحوی تعمیر للندر 4,11-Mar-26,687,
,"$480,362 ",$11.81 ,,$63.50 ,"AFN 8,796,380",AFN 750,,خریداری بکس آب بازک به تعمیر للندر 4,11-Mar-26,688,
,"$480,415 ",$53.54 ,,$63.50 ,"AFN 8,799,780","AFN 3,400",,خریداری دو بسته سیم جستی یکنیم میلی به تعمیر للندر 4,11-Mar-26,689,
,"$480,476 ",$60.63 ,,$63.50 ,"AFN 8,803,630","AFN 3,850",,خریداری دو بسته سیم جستی و پلاستر دستکش به تعمیر للندر 4,11-Mar-26,690,
,"$480,664 ",$188.35 ,,$63.50 ,"AFN 8,815,590","AFN 11,960",,خریداری سیم جستی موزه و عینک به تعمیر للندر 4,11-Mar-26,691,
,"$480,675 ",$10.71 ,,$63.50 ,"AFN 8,816,270",AFN 680,,"خریداری چراغ , ریسمان و دستکش به تعمیر للندر 4",11-Mar-26,692,
,"$480,865 ",$189.61 ,,$63.50 ,"AFN 8,828,310","AFN 12,040",,"خریداری سیم جستی , آب ترازو, پل برش , چارجر پروجکتور, گروپ پشمی, دستکش و قلم توش به تعمیر للندر 4",11-Mar-26,693,
,"$480,869 ",$3.94 ,,$63.50 ,"AFN 8,828,560",AFN 250,,خریداری کندک سر به تعمیر للندر 4,11-Mar-26,694,
,"$480,880 ",$11.02 ,,$63.50 ,"AFN 8,829,260",AFN 700,,"خریداری چکوش, کلام چینی و ربل به تعمیر للندر 4",11-Mar-26,695,
,"$480,887 ",$7.09 ,,$63.50 ,"AFN 8,829,710",AFN 450,,"خریداری قلف, زلفی و غیره به تعمیر للندر 4",11-Mar-26,696,
,"$481,021 ",$133.86 ,,$63.50 ,"AFN 8,838,210","AFN 8,500",,خریداری سیم جستی 5 بندل به تعمیر للندر4 ,11-Mar-26,697,
,"$488,021 ","$7,000.00 "," $7,000 ",$63.50 ,"AFN 8,838,210",AFN 0,,پرداخت برای شرکت افغان پلانت بابت کانکریت ریزی تعمیرللندر4,11-Mar-26,698,
,"$488,121 ",$100.00 ,,$63.60 ,"AFN 8,844,570","AFN 6,360",,پیش پرداخت برای احمد فرید للندر بابت ماه حوت 1404,12-Mar-26,699,
,"$488,152 ",$31.50 ,,$63.50 ,"AFN 8,846,570","AFN 2,000",,پرداخت اجرت دو نفر گلکار بابت کانکریت ریزی چت منزل پنجم تعمیرللندر 4,14-Mar-26,700,
,"$488,168 ",$15.75 ,,$63.50 ,"AFN 8,847,570","AFN 1,000",,پرداخت برای خریداری کارت مبایل برای احمد فرید للندر ,15-Mar-26,701,
,"$488,184 ",$15.75 ,,$63.50 ,"AFN 8,848,570","AFN 1,000",,پرداخت برای خریداری کارت مبایل برای انجنیر صفی الله ,15-Mar-26,702,
,"$488,195 ",$11.02 ,,$63.50 ,"AFN 8,849,270",AFN 700,,خریداری تیل دیزل به جنراتور تعمیرللندر4,15-Mar-26,703,
,"$492,695 ","$4,500.00 ",,$63.70 ,"AFN 9,135,920","AFN 286,650",,پرداخت برای گلبدین بابت سیم تابی و قالبکاری تعمیرللندر4,15-Mar-26,704,
,"$492,738 ",$43.96 ,,$63.70 ,"AFN 9,138,720","AFN 2,800",,پرداخت اجرت 8 نفر بابت کانکریت ریزی شیر وال های تعمیرللندر4,15-Mar-26,705,
,"$492,760 ",$21.98 ,,$63.70 ,"AFN 9,140,120","AFN 1,400",,پرداخت اجرت 4 نفرکاریگر بخاطر پرانه تعمیرللندر4,15-Mar-26,706,
,"$492,893 ",$132.29 ,,$63.80 ,"AFN 9,148,560","AFN 8,440",,"خریداری میوه خشک از قبیل بادام ,بسته , کاجو,نخود,کشمش,چهارمغز به کارمندان ناحیه سوم بابت تعمیرللندر4",16-Mar-26,707,
,"$492,958 ",$64.86 ,,$63.80 ,"AFN 9,152,698","AFN 4,138",,پرداخت معاش شریف الله ولد محمد ظاهر بابت ماه حوت 1404,16-Mar-26,708,
,"$493,114 ",$156.74 ,,$63.80 ,"AFN 9,162,698","AFN 10,000",,پیش پرداخت برای احمد فرید للندر بابت ماه حمل 1405,16-Mar-26,709,
,"$493,179 ",$64.86 ,,$63.80 ,"AFN 9,166,836","AFN 4,138",,پرداخت معاش هارون ولد فضل الرحمن بابت ماه حوت 1404,16-Mar-26,710,
,"$493,184 ",$4.86 ,,$63.80 ,"AFN 9,167,146",AFN 310,,پرداخت معاش باقیمانده زین الله ولد محمد ظاهر بابت ماه حوت 1404,16-Mar-26,711,
,"$493,325 ",$140.53 ,,$63.80 ,"AFN 9,176,112","AFN 8,966",,پرداخت معاش عنایت الله ولد امین الله بابت ماه حوت 1404,16-Mar-26,712,
,"$493,340 ",$15.67 ,,$63.80 ,"AFN 9,177,112","AFN 1,000",,خریداری تیل پطرول به موتر کرولا نقره ایی ,17-Mar-26,713,
,"$493,434 ",$94.04 ,,$63.80 ,"AFN 9,183,112","AFN 6,000",,پرداخت برای گلبدین بابت قالبکار تعمیرللندر 4 بدست کاریگرش ,17-Mar-26,714,
,"$493,557 ",$122.49 ,,$63.80 ,"AFN 9,190,927","AFN 7,815",,پرداخت پول باقیمانده نصیراحمد خوازه کار بابت تعمیرللندر4,17-Mar-26,715,
,"$493,565 ",$7.84 ,,$63.80 ,"AFN 9,191,427",AFN 500,,خریداری تیل دیزل به جنراتور تعمیرللندر4,17-Mar-26,716,
,"$493,572 ",$7.84 ,,$63.80 ,"AFN 9,191,927",AFN 500,,خریداری تیل پطرول به ویبراتور های تعمیرللندر4,17-Mar-26,717,
,"$493,588 ",$15.67 ,,$63.80 ,"AFN 9,192,927","AFN 1,000",,خریداری مبلایل به جنراتور تعمیرللندر4,17-Mar-26,718,
,"$493,776 ",$188.09 ,,$63.80 ,"AFN 9,204,927","AFN 12,000",,پرداخت معاش صفی الله ولد رفیع الله چوکیدار تعمیرللندر 4 بابت ماه حوت 1404,17-Mar-26,719,
,"$493,820 ",$43.89 ,,$63.80 ,"AFN 9,207,727","AFN 2,800",,پرداخت برای ترمیم جک کمر تعمیرللندر4,17-Mar-26,720,
,"$494,212 ",$391.85 ,,$63.80 ,"AFN 9,232,727","AFN 25,000",,پرداخت معاش انجنیر محبوب الله ولد محب الله بابت ماه دلو 1404,17-Mar-26,721,
,"$499,212 ","$5,000.00 "," $5,000 ",$63.80 ,"AFN 9,232,727",AFN 0,,پرداخت برای شرکت افغان پلانت بابت کانکریت ریزی تعمیرللندر4,17-Mar-26,722,
,"$499,290 ",$77.88 ,,$64.20 ,"AFN 9,237,727","AFN 5,000",,پیش پرداخت برای احمد فرید للندر بابت ماه حمل 1405,18-Mar-26,723,
,"$499,617 ",$327.10 ,,$64.20 ,"AFN 9,258,727","AFN 21,000",,پرداخت معاش معراج الدین ولد دادالله بابت ماه حوت 1404,18-Mar-26,724,
,"$500,396 ",$778.82 ,,$64.20 ,"AFN 9,308,727","AFN 50,000",,پرداخت معاش انجنیر صفی الله ولد حبیب الله بابت ماه حوت 1404,18-Mar-26,725,
,"$501,746 ","$1,350.00 "," $1,350 ",$64.20 ,"AFN 9,308,727",AFN 0,,پرداخت برای شرکت فراز آژمان بابت خریداری (60 مترمکعب) کاک سقفی به تعمیر للندر 4 ,18-Mar-26,726,
,"$501,749 ",$3.12 ,,$64.20 ,"AFN 9,308,927",AFN 200,,خریداری فیس و گازکیت به تعمیرللندر4,24-Mar-26,727,
,"$501,785 ",$35.83 ,,$64.20 ,"AFN 9,311,227","AFN 2,300",,خریداری بطری ترکی به موتر نقره ای ,24-Mar-26,728,
,"$501,804 ",$19.47 ,,$64.20 ,"AFN 9,312,477","AFN 1,250",,خریداری چراغ و مبلاین به موتر نقره ای .,24-Mar-26,729,
,"$501,817 ",$12.44 ,,$64.30 ,"AFN 9,313,277",AFN 800,,خریداری گیلاس چای خوری و دست پاک به دفتر ساحوی تعمیرللندر4,25-Mar-26,730,
,"$501,848 ",$31.10 ,,$64.30 ,"AFN 9,315,277","AFN 2,000",,خریداری تیل دیزل به جنراتور تعمیرللندر 4,25-Mar-26,731,
,"$502,003 ",$155.28 ,,$64.40 ,"AFN 9,325,277","AFN 10,000",,پرداخت برای گلبدین بابت سیم تابی و قالبکاری تعمیرللندر4,26-Mar-26,732,
,"$502,006 ",$3.11 ,,$64.40 ,"AFN 9,325,477",AFN 200,,خریداری کارت مبایل برای احمد فرید للندر ,26-Mar-26,733,
,"$502,017 ",$10.71 ,,$64.40 ,"AFN 9,326,167",AFN 690,,خریداری مواد خوراکه به چای صبح و شب چوکیدار تعمیرللندر 4 در روز های عید سعید فطر,28-Mar-26,734,
,"$502,032 ",$15.53 ,,$64.40 ,"AFN 9,327,167","AFN 1,000",,خریداری تیل دیزل به جنراتور تعمیرللندر4,28-Mar-26,735,
,"$502,037 ",$4.66 ,,$64.40 ,"AFN 9,327,467",AFN 300,,خریداری کرایی بخاطر کمبودی نان به کاریگران تعمیرللندر4,28-Mar-26,736,
,"$502,161 ",$124.22 ,,$64.40 ,"AFN 9,335,467","AFN 8,000",,پرداخت برای بشیر کرن کار بابت نصب پایه های سولر تعمیرللندر4,28-Mar-26,737,
,"$502,192 ",$31.06 ,,$64.40 ,"AFN 9,337,467","AFN 2,000",,خریداری تیل دیزل به جنراتور تعمیرللندر4,28-Mar-26,738,
,"$502,208 ",$15.38 ,,$65.00 ,"AFN 9,338,467","AFN 1,000",,خریداری گاز به تعمیر للندر 4,29-Mar-26,739,
,"$502,254 ",$46.15 ,,$65.00 ,"AFN 9,341,467","AFN 3,000",,پیش پرداخت برای شریف الله ولد محمد ظاهر بابت ماه حمل 1404 توسط حاجی ثنا الله,29-Mar-26,740,
,"$502,269 ",$15.35 ,,$65.15 ,"AFN 9,342,467","AFN 1,000",,خریداری کارت مبایل برای انجنیر صفی الله,30-Mar-26,741,
,"$503,552 ","$1,283.00 "," $1,283 ",$65.15 ,"AFN 9,342,467",AFN 0,,پرداخت برای شرکت فراز آژمان بابت خریداری (57 مترمکعب) کاک سقفی به تعمیر للندر 4 ,30-Mar-26,742,
,"$503,558 ",$6.14 ,,$65.15 ,"AFN 9,342,867",AFN 400,,پرداخت برای کاکا بادام گل بابت انتقال سیخ از دارالامان به تعمیر للندر 4,31-Mar-26,743,
,"$504,556 ",$997.70 ,,$65.15 ,"AFN 9,407,867","AFN 65,000",,پرداخت برای گلبدین سیم تابی و قالبکاری تعمیر للندر 4,31-Mar-26,744,
,"$504,571 ",$15.43 ,,$64.80 ,"AFN 9,408,867","AFN 1,000",,خریداری تیل پطرول به موتر کرولا نقره ایی به تعمیر للندر 4,1-Apr-26,745,
,"$504,602 ",$30.86 ,,$64.80 ,"AFN 9,410,867","AFN 2,000",,خریداری تیل پطرول به موتر کرولا نقره ایی به تعمیر للندر 4,1-Apr-26,746,
,"$504,616 ",$14.14 ,,$64.80 ,"AFN 9,411,783",AFN 916,,خریداری نت و بولت و سیخ چوری دار به تعمیر للندر 4,1-Apr-26,747,
,"$504,670 ",$53.33 ,,$64.80 ,"AFN 9,415,239","AFN 3,456",,خریداری آهن پلیت 8 میلی 30/30 به تعمیرللندر 4,1-Apr-26,748,
,"$504,685 ",$15.43 ,,$64.80 ,"AFN 9,416,239","AFN 1,000",,پرداخت برای مبلایل تبدیلی جنراتور تعمیر للندر 4,1-Apr-26,749,
,"$504,687 ",$1.54 ,,$64.80 ,"AFN 9,416,339",AFN 100,,خریداری چای سبز به دفتر ساحوی تعمیر للندر 4,1-Apr-26,750,
,"$504,702 ",$15.43 ,,$64.80 ,"AFN 9,417,339","AFN 1,000",,پیش پرداخت برای شریف الله ولد محمد ظاهر بابت ماه حمل 1405 ,1-Apr-26,751,
,"$504,718 ",$15.43 ,,$64.80 ,"AFN 9,418,339","AFN 1,000",,پرداخت معاش باقیمانده احمد فرید للندر بابت ماه حوت 1404 ,1-Apr-26,752,
,"$514,718 ","$10,000.00 "," $10,000 ",$64.80 ,"AFN 9,418,339",AFN 0,,پرداخت برای شرکت کانکریت ریزی افغان پلانت بابت تعمیر للندر 4       مبلغ هذا توسط جاوید سکندری پرداخت گردیده است,1-Apr-26,753,
,"$514,733 ",$15.41 ,,$64.90 ,"AFN 9,419,339","AFN 1,000",,پیش پرداخت برای عبدالمتین ولد نیک محمد بابت ماه حمل 1405,2-Apr-26,754,
,"$514,921 ",$187.98 ,,$64.90 ,"AFN 9,431,539","AFN 12,200",,پرداخت برای شرکت هرات الکریت بابت خریداری کیبل 2/4 ملی به تعمیر للندر4,2-Apr-26,755,
,"$515,046 ",$124.81 ,,$64.90 ,"AFN 9,439,639","AFN 8,100",,"خریداری پیچکش برقی و آب گرمی به تعمیر للندر 4 و خریداری سیم جستی, رجه و فیوز به تعمیر للندر 4",2-Apr-26,756,
,"$515,077 ",$30.82 ,,$64.90 ,"AFN 9,441,639","AFN 2,000",,پرداخت اجرت دو نفر گلکار بابت کانکریت ریزی چت منزل هفتم تعمیر للندر 4,2-Apr-26,757,
,"$515,082 ",$5.55 ,,$64.90 ,"AFN 9,441,999",AFN 360,,خریداری چای به تعمیر للندر 4,2-Apr-26,758,
,"$515,111 ",$28.35 ,,$64.90 ,"AFN 9,443,839","AFN 1,840",,خریداری تیل پطرول به ویبراتوز ها و تیل دیزل به جنراتور تعمیر للندر 4,2-Apr-26,759,
,"$515,123 ",$12.94 ,,$64.90 ,"AFN 9,444,679",AFN 840,,"خریداری بوره, گاز و مایع ظرف شویی به تعمیر للندر 4",2-Apr-26,760,
,"$515,330 ",$206.47 ,,$64.90 ,"AFN 9,458,079","AFN 13,400",,"پرداخت برای دوکان خوستی سیم جستی , دستکش و دس پناه به تعمیر للندر 4",2-Apr-26,761,
,"$515,361 ",$30.82 ,,$64.90 ,"AFN 9,460,079","AFN 2,000",,خریداری تیل دیزل برای جنراتور به تعمیر للندر 4,4-Apr-26,762,
,"$515,376 ",$15.41 ,,$64.90 ,"AFN 9,461,079","AFN 1,000",,خریداری تیل پطرول برای موتری نقره ای به تعمیر للندر 4,4-Apr-26,763,
,"$515,530 ",$153.85 ,,$65.00 ,"AFN 9,471,079","AFN 10,000",,پیش پرداخت برای صفی الله ولد عبدالرفیع چوکیدار تعمیر للندر 4 بابت ماه حمل 1405,5-Apr-26,764,
,"$515,545 ",$15.38 ,,$65.00 ,"AFN 9,472,079","AFN 1,000",,خریداری گاز به آشپز خانه بخاطری پخت غذا به کاریگران تعمیر للندر 4,5-Apr-26,765,
,"$516,000 ",$454.08 ,,$64.90 ,"AFN 9,501,549","AFN 29,470",,"خریداری مواد خوراکه از قبیل روغن, برنج, لوبیا, نخود, زرد چوبه, زیره, مرچ سرخ, سیاه, مصاله, نمک, بوره, ماش, رب, مایع نایاب, چای , کچالو, پیاز همرا با کرای کراچی و رفت و آمد به دفتر",6-Apr-26,766,
,"$516,107 ",$107.86 ,,$64.90 ,"AFN 9,508,549","AFN 7,000",,خریداری ویبراتور چینای سفید به تعمیر للندر 4,6-Apr-26,767,
,"$516,130 ",$23.11 ,,$64.90 ,"AFN 9,510,049","AFN 1,500",,خریداری تیل پطرول به کرولای نقره یی به تعمیر للندر 4,6-Apr-26,768,
,"$516,146 ",$15.41 ,,$64.90 ,"AFN 9,511,049","AFN 1,000",,پرداخت برای هارون ولد فیض محمد بابت ماه حمل 1405 ,6-Apr-26,769,
,"$526,146 ","$10,000.00 "," $10,000 ",$64.90 ,"AFN 9,511,049",AFN 0,,پرداخت برای شرکت کانکریت ریزی افغان پلانت بابت تعمیر للندر 4,6-Apr-26,770,
,"$536,963 ","$10,817.00 "," $10,817 ",$64.90 ,"AFN 9,511,049",AFN 0,,پرداخت برای شرکت کانکریت ریزی افعان پلانت بابت خریداری 1360 خریطه سمنت فروشی حاجی قاسم       به نرخ دالر 10817 دالر امریکایی   و مبلغ هذا توسط جاوید سکندری پرداخت گردیده است,7-Apr-26,771,
,"$537,762 ",$798.77 ,,$64.90 ,"AFN 9,562,889","AFN 51,840",,پرداخت برای گلبدین بابت سیم تابی و قالبکاری تعمیر للندر 4,8-Apr-26,772,
,"$538,074 ",$312.33 ,,$64.90 ,"AFN 9,583,159","AFN 20,270",,"خریداری قلف و پرده به تعمیر للندر 4, خریداری امبور, دستکش و ربل به تعمیر للندر 4, خریداری یک بندل پرده به تعمیر للندر 4 و خریداری سیم جستی به تعمیر للندر4",9-Apr-26,773,
,"$546,074 ","$8,000.00 "," $8,000 ",$64.90 ,"AFN 9,583,159",AFN 0,,پرداخت برای شرکت کانکریت ریزی افغان پلانت بابت تعمیر للندر 4,13-Apr-26,774,
,"$546,089 ",$15.43 ,,$64.80 ,"AFN 9,584,159","AFN 1,000",,پیش پرداخت برای عبدالمتین ولد نیک محمد بابت ماه حمل 1405 ,14-Apr-26,775,
,"$546,102 ",$12.35 ,,$64.80 ,"AFN 9,584,959",AFN 800,,پرداخت برای کاکا بادام گل بابت کرای انتقال ریگ از دارالامان به تعمیر للندر 4,14-Apr-26,776,
,"$546,160 ",$57.87 ,,$64.80 ,"AFN 9,588,709","AFN 3,750",,"پرداخت اجرت دو نفر گلکار بابت کانکریت ریزی چت منزل هفتم تعمیر للندر 4, پرداخت اجرت پنج نفر کاری بابت کاری های ساحوی و ضرورت ساحوی به تعمیرللندر 4",14-Apr-26,777,
,"$547,161 ","$1,001.54 ",,$64.80 ,"AFN 9,653,609","AFN 64,900",,پرداخت برای گلبدین بدست قیام الدین بابت سیم تابی و قالبکاری تعمیر للندر4,14-Apr-26,778,
,"$547,177 ",$15.43 ,,$64.80 ,"AFN 9,654,609","AFN 1,000",,پیش پرداخت برای فرید للندر ولد علاوالدین بابت ماه حمل 1405,14-Apr-26,779,
,"$547,234 ",$57.72 ,,$64.80 ,"AFN 9,658,349","AFN 3,740",,خریداری پلیت 8 میلی 30x30 بابت تعمیر للندر4,14-Apr-26,780,
,"$547,237 ",$2.62 ,,$64.80 ,"AFN 9,658,519",AFN 170,,"خریداری سامی داخل چوری, رشته و تفلون به تعمیر للندر 4",14-Apr-26,781,
,"$547,265 ",$27.78 ,,$64.80 ,"AFN 9,660,319","AFN 1,800",,خریداری تیل پطرول به کرولای نقره یی بابت تعمیر للندر4,14-Apr-26,782,
,"$547,296 ",$30.86 ,,$64.80 ,"AFN 9,662,319","AFN 2,000",,خریداری تیل دیزل به جنراتور تعمیر للندر 4,14-Apr-26,783,
,"$547,311 ",$15.43 ,,$64.80 ,"AFN 9,663,319","AFN 1,000",,خریداری 5 کواتر مبلایل به جنراتور تعمیر للندر 4,14-Apr-26,784,
,"$547,342 ",$30.86 ,,$64.80 ,"AFN 9,665,319","AFN 2,000",,خریداری تیل دیزل به جنراتور تعمیر للندر4,14-Apr-26,785,
,"$547,344 ",$2.31 ,,$64.80 ,"AFN 9,665,469",AFN 150,,خریداری تیل پطرول برای ویبراتور ها به تعمیر للندر4,14-Apr-26,786,
,"$547,375 ",$30.86 ,,$64.80 ,"AFN 9,667,469","AFN 2,000",,پیش پرداخت فرید للندر بابت ماه حمل 1405,14-Apr-26,787,
,"$547,377 ",$2.31 ,,$64.80 ,"AFN 9,667,619",AFN 150,,خریداری تیل پطرول برای ویبراتور ها به تعمیر للندر4,14-Apr-26,788,
,"$547,379 ",$1.54 ,,$64.85 ,"AFN 9,667,719",AFN 100,,خریداری چلکلیت به تعمیر للندر 4,16-Apr-26,789,
,"$547,419 ",$40.09 ,,$64.85 ,"AFN 9,670,319","AFN 2,600",,خریداری یک پیپ ویبراتور کلفدار به تعمیر للندر 4,16-Apr-26,790,
,"$547,454 ",$34.70 ,,$64.85 ,"AFN 9,672,569","AFN 2,250",,خریداری تیل دیزل برای ویبراتور ها و تیل پطرول به تعمیر للندر 4,16-Apr-26,791,
,"$552,454 ","$5,000.00 "," $5,000 ",$64.85 ,"AFN 9,672,569",AFN 0,,پرداخت برای شرکت کانکریت ریزی افغان پلانت تعمیرللندر4,16-Apr-26,792,
,"$553,996 ","$1,542.02 ",,$64.85 ,"AFN 9,772,569","AFN 100,000",,پرداخت برای شرکت هرات الکریک از مجموع بل نمبر 1404  بابت خریداری سیم جریدار 1.5 ملی و 2.5 ملی به تعمیرللندر4,16-Apr-26,793,
,"$554,661 ",$665.00 ,,$64.85 ,"AFN 9,815,694","AFN 43,125",,پرداخت برای دوکان خوستی بابت خریداری سیم جستی و مواد تعمیراتی به تعمیرللندر4,16-Apr-26,794,
,"$554,676 ",$15.42 ,,$64.85 ,"AFN 9,816,694","AFN 1,000",,پیش پرداخت برای هارون ولد فیض محمد کاریگر به تعمیر للندر4 بابت ماه حمل 1405,18-Apr-26,795,
,"$554,707 ",$30.86 ,,$64.80 ,"AFN 9,818,694","AFN 2,000",,خریداری تیل پطرول برای موتر نقره به تعمیر للندر 4,19-Apr-26,796,
,"$554,824 ",$117.05 ,,$64.80 ,"AFN 9,826,279","AFN 7,585",,پرداخت مصرف بل برق  تعمیر للندر4 بابت ماه دلو و حوت 1404,19-Apr-26,797,
,"$560,254 ","$5,430.00 "," $5,430 ",$64.80 ,"AFN 9,826,279",AFN 0,,پرداخت برای شرکت کانکریت ریزی افغان پلانت از درک خریداری یک تیلر سمنت ایرانی از سمنت فروشی حاجی قاسم ,19-Apr-26,798,
,"$560,259 ",$5.40 ,,$64.80 ,"AFN 9,826,629",AFN 350,,خریداری کارت مبایل برای احمد فرید للندر ,19-Apr-26,799,
,"$570,889 ","$10,630.00 "," $10,630 ",$64.80 ,"AFN 9,826,629",AFN 0,,پرداخت برای شرکت کانکریت ریزی افغان پلانت بابت کانکریت ریزی چت منزل هفتم و پایه های منزل هشتم تعمیرللندر4 بابت خریداری 1420 خریطه ایرانی شاه روت از سمنت فروشی شاه حسین و اجرا آن توسط صرافی خانی گل توسط چک نمبر 2391,21-Apr-26,800,
,"$572,183 ","$1,293.98 ",,$64.80 ,"AFN 9,910,479","AFN 83,850",,پرداخت برای گلبدین توسط قیام الدین بابت سیم تابی و قالبکاری تعمیرللندر4,21-Apr-26,801,
,"$572,224 ",$40.74 ,,$64.80 ,"AFN 9,913,119","AFN 2,640",,"خریداری چای سبز ماش دانه ,مایع ظرفشویی کلان ,تیل دیزل به جنراتور و تیل پطرول به ویبراتور های تعمیرللندر4",22-Apr-26,802,
,"$572,229 ",$4.65 ,,$64.50 ,"AFN 9,913,419",AFN 300,,خریداری تیل پطرول به ویبراتور های ت تعمیرللندر4,23-Apr-26,803,
,"$572,264 ",$35.66 ,,$64.50 ,"AFN 9,915,719","AFN 2,300",,پرداخت فیس انترنت دفتر از 23 آپریل 2026 الی 23 می  2026 بابت تعمیرللندر4,23-Apr-26,804,
,"$572,280 ",$15.50 ,,$64.50 ,"AFN 9,916,719","AFN 1,000",,پرداخت برای خریداری کارت مبایل برای انجنیر صفی الله ,23-Apr-26,805,
,"$642,280 ","$70,000.00 "," $70,000 ",$64.50 ,"AFN 9,916,719",AFN 0,,پرداخت برای شرکت تجارتی حاجی نادر دولت زی بابت خریداری سیخ گول به سایز های مختلف به تعمیرللندر4,23-Apr-26,806,
,"$642,556 ",$276.42 ,,$64.50 ,"AFN 9,934,548","AFN 17,829",,پرداخت معاش محبوب الله ولد محب الله انجنیر ساحوی تعمیرللندر 4 بابت ماه حوت 1404,23-Apr-26,807,
,"$642,921 ",$364.87 ,,$64.50 ,"AFN 9,958,082","AFN 23,534",,پرداخت معاش محبوب الله ولد محب الله انجنیر ساحوی تعمیرللندر 4 بابت ماه حمل 1405,23-Apr-26,808,
,"$643,314 ",$392.33 ,,$64.50 ,"AFN 9,983,387","AFN 25,305",,"پرداخت برای دوکان خوستی بابت خریداری موزه ,پرده سبز,کلفت ,سیم جستی ,آبترازو و غیره به تعمیرللندر4",23-Apr-26,809,
,"$644,089 ",$775.19 ,,$64.50 ,"AFN 10,033,387","AFN 50,000",,پرداخت معاش صفی الله ولد حبیب الله انجنیر ساحوی تعمیرللندر4 بابت ماه حمل 1405,23-Apr-26,810,
,"$644,244 ",$155.04 ,,$64.50 ,"AFN 10,043,387","AFN 10,000",,پرداخت برای گلبدین بابت سیم تابی وقالبکاری تعمیرللندر 4 بدست قیام الدین ,23-Apr-26,811,
,"$644,304 ",$59.69 ,,$64.50 ,"AFN 10,047,237","AFN 3,850",,پرداخت اجرت دو نفر گلکار و کاریگر و بابت کانکریت ریزی چت منزل ششم و سه نفر کاریگر متفرقه در تعمیرللندر4,23-Apr-26,812,
,"$644,474 ",$170.54 ,,$64.50 ,"AFN 10,058,237","AFN 11,000",,پرداخت اجرت روز مزد 11 روزه محمد نور خوازه کار تعمیرللندر4,23-Apr-26,813,
,"$644,477 ",$2.70 ,,$64.80 ,"AFN 10,058,412",AFN 175,,خریدرای کشمش و خلال بابت تعمیر للندر 4 در شب کانکریت ,25-Apr-26,814,
,"$644,481 ",$4.71 ,,$64.80 ,"AFN 10,058,717",AFN 305,,"خریداری پیاز, کشمش و خلال بابت تعمیر للندر 4 ",25-Apr-26,815,
,"$644,485 ",$3.16 ,,$64.80 ,"AFN 10,058,922",AFN 205,,خریدرای کشمش پلوی و خلال بابت تعمیر للندر 4 ,25-Apr-26,816,
,"$644,503 ",$18.52 ,,$64.80 ,"AFN 10,060,122","AFN 1,200",,خریداری گوشت مرغ بابت تعمیر للندر 4 ,25-Apr-26,817,
,"$644,519 ",$15.43 ,,$64.80 ,"AFN 10,061,122","AFN 1,000",,خریداری تیل پطرول به موتر کرولای نقره یی بابت تعمیر للندر 4 ,25-Apr-26,818,
,"$644,843 ",$324.07 ,,$64.80 ,"AFN 10,082,122","AFN 21,000",,پرداخت معاش معراج الدین ولد دادالله بابت ماه حمل سال 1405 ,25-Apr-26,819,
,"$644,848 ",$5.40 ,,$64.80 ,"AFN 10,082,472",AFN 350,,خریداری تیل پطرول به ویبراتور های تعمیر للندر 4 ,25-Apr-26,820,
,"$644,874 ",$25.46 ,,$64.80 ,"AFN 10,084,122","AFN 1,650",,خریداری تیل دیزل به جنراتور تعمیر للندر 4 ,25-Apr-26,821,
,"$644,878 ",$4.01 ,,$64.80 ,"AFN 10,084,382",AFN 260,,"خریداری مواد خوراکی از قبیل رومی, سیر, مرچ, ماست و مصاله بریانی بابت تعمیر للندر 4",25-Apr-26,822,
,"$644,926 ",$48.14 ,,$64.40 ,"AFN 10,087,482","AFN 3,100",,خریداری تیل پطرول به موتر کرولای نقره یی بابت تعمیر للندر 4,26-Apr-26,823,
,"$645,060 ",$134.26 ,,$64.50 ,"AFN 10,096,142","AFN 8,660",,پرداخت برای خبازی سمیح الله بابت خریداری نان خشک به تعمیر للندر 4 بابت ماه حوت و حمل ,27-Apr-26,824,
,"$645,184 ",$124.03 ,,$64.50 ,"AFN 10,104,142","AFN 8,000",,پرداخت معاش عبدالمتین ولد نیک محمد برای ماه حمل سال 1405 بابت للندر 4 ,27-Apr-26,825,
,"$645,417 ",$232.56 ,,$64.50 ,"AFN 10,119,142","AFN 15,000",,پیش پرداخت برای احمد فرید للندر بابت ماه ثور 1405,27-Apr-26,826,
,"$645,479 ",$62.02 ,,$64.50 ,"AFN 10,123,142","AFN 4,000",,پرداخت پول باقیمانده احمد فرید للندر بابت ماه حمل 1405,27-Apr-26,827,
,"$645,578 ",$99.33 ,,$64.30 ,"AFN 10,129,529","AFN 6,387",,پرداخت معاش برای هارون ولد فیض محمد بابت ماه حمل سال 1405 ,27-Apr-26,828,
,"$645,733 ",$155.52 ,,$64.30 ,"AFN 10,139,529","AFN 10,000",,پرداخت برای گلبدین توسط قیان الدین بابت سیم تابی و قالبکاری تعمیر للندر 4 بدست قیام الدین ,28-Apr-26,829,
,"$645,774 ",$40.14 ,,$64.30 ,"AFN 10,142,110","AFN 2,581",,پرداخت معاش برای محمد صدیق ولد محمد محمد سلیم بابت ماه ثور سال 1405 ,28-Apr-26,830,
,"$645,809 ",$35.12 ,,$64.30 ,"AFN 10,144,368","AFN 2,258",,پرداخت معاش برای هارون ولد فیض محمد بابت ماه ثور سال 1405 ,28-Apr-26,831,
,"$645,845 ",$36.13 ,,$64.30 ,"AFN 10,146,691","AFN 2,323",,پرداخت معاش برای زین الله ولد محمد ظاهر بابت ماه حمل سال 1405 ,28-Apr-26,832,
,"$645,911 ",$66.22 ,,$64.30 ,"AFN 10,150,949","AFN 4,258",,پرداخت معاش هارون ولد فضل الرحمن بابت ماه حمل سال 1405,28-Apr-26,833,
,"$645,929 ",$18.06 ,,$64.30 ,"AFN 10,152,110","AFN 1,161",,پرداخت معاش شریف الله ولد محمد ظاهر بابت ماه حمل 1405,29-Apr-26,834,
,"$645,946 ",$17.08 ,,$64.40 ,"AFN 10,153,210","AFN 1,100",,خریداری گاز و پیاز بابت تعمیر للندر 4 ,30-Apr-26,835,
,"$645,948 ",$2.33 ,,$64.40 ,"AFN 10,153,360",AFN 150,,خریداری چاکلیت بابت تعمیر للندر 4 ,30-Apr-26,836,
,"$646,792 ",$843.94 ,,$64.40 ,"AFN 10,207,710","AFN 54,350",,"پرداخت برای شرکت هرات الکتریک بابت خریداری سیم جریدار 1.5 میلی, سیم 3/2.5 کیبل کمره و کلمپ 8 میلی و میخ به تعمیر للندر 4 ",30-Apr-26,837,
,"$647,773 ",$980.33 ,,$64.40 ,"AFN 10,270,843","AFN 63,133",,"پرداخت اجرت ساعتوار جکمر نمودن پایل ها, رینگ و تهداب دیوار احاطوی افغان بیسیم سکشن A و همچنان هموار کاری مواد جکمر شده و مواد انتقال شده به ساحه تعمیر للندر 4 ",30-Apr-26,838,
,"$649,714 ","$1,940.99 ",,$64.40 ,"AFN 10,395,843","AFN 125,000",,پرداخت برای گلبدین بابت سیم تابی و قالبکاری تعمیر للندر 4 ,30-Apr-26,839,
,"$650,016 ",$302.48 ,,$64.40 ,"AFN 10,415,323","AFN 19,480",,"پرداخت برای خورده فروشی خوستی بابت خریداری سیم جستی, دستکش و سیخ ولدینگ و پل چرخ به تعمیر للندر 4 ",30-Apr-26,840,
,"$652,788 ","$2,772.00 "," $2,772 ",$64.40 ,"AFN 10,415,323",AFN 0,,پرداخت برای شرکت فراز آژمان بابت خریداری ( 117 مترمکعب) کاک سقفی به تعمیر للندر 4 ,30-Apr-26,841,چک شود
,"$652,802 ",$13.95 ,,$64.50 ,"AFN 10,416,223",AFN 900,,خریداری گوشت گوساله به کاریگران تعمیرللندر4,2-May-26,842,
,"$652,806 ",$3.57 ,,$64.50 ,"AFN 10,416,453",AFN 230,,خریداری تیل پطرول به ویبراتور های تعمیرللندر 4,2-May-26,843,
,"$652,837 ",$31.06 ,,$64.40 ,"AFN 10,418,453","AFN 2,000",,پیش پرداخت برای احمد فرید للندر بابت ماه ثور 1405,2-May-26,844,
,"$652,845 ",$7.91 ,,$64.50 ,"AFN 10,418,963",AFN 510,,"خریدرای اسپرینگ ,گازکیت ,فیس به ترمیم جنراتور تعمیرللندر4",3-May-26,845,
,"$652,872 ",$27.44 ,,$64.50 ,"AFN 10,420,733","AFN 1,770",,خریداری تیل دیزل به جنراتور به تعمیرللندر4,3-May-26,846,
,"$865,445 ","$212,573.00 "," $212,573 ",$64.55 ,"AFN 10,420,733",AFN 0,,پرداخت و تصفیه حساب مکمل حاجی نادر دولت زی توسط چک نمبر 2405 از صرافی خان گل,3-May-26,847,
,"$865,492 ",$46.73 ,,$64.20 ,"AFN 10,423,733","AFN 3,000",,خریداری تیل پطرول به موتر کرولا نقره ایی ,5-May-26,848,
,"$866,492 ","$1,000.00 ",,$64.20 ,"AFN 10,487,933","AFN 64,200",,پرداخت برای گلبدین بابت سیم تابی و قالبکاری تعیمرللندر4,5-May-26,849,
,"$866,542 ",$49.84 ,,$64.20 ,"AFN 10,491,133","AFN 3,200",,پرداخت اجرت دو نفر گلکار و سه نفر کاریگر بابت کانکریت ریزی چت منزل هشتم تعمیرللندر4,5-May-26,850,
,"$866,562 ",$20.16 ,,$64.50 ,"AFN 10,492,433","AFN 1,300",,خریدرای تیل دیزل به جنراتور تعمیرللندر4,5-May-26,851,
,"$866,567 ",$5.12 ,,$64.50 ,"AFN 10,492,763",AFN 330,,خریداری تیل پطرول به ویبراتور های تعیمرللندر 4,5-May-26,852,
,"$866,571 ",$4.19 ,,$64.50 ,"AFN 10,493,033",AFN 270,,خریداری بوره به دفتر ساحوی تعمیرللندر4,5-May-26,853,
,"$874,571 ","$8,000.00 "," $8,000 ",$64.30 ,"AFN 10,493,033",AFN 0,,پرداخت برای شرکت کانکریت ریزی افغان پلانت بابت تعمیرللندر توسط چک نمبر 2411 از صرافی خانی ,5-May-26,854,
,"$880,166 ","$5,595.00 "," $5,595 ",$64.30 ,"AFN 10,493,033",AFN 0,,پرداخت برای کانکریت ریزی افغان پلانت بابت خریدرای سمنت ایرانی از سمنت فروشی حاجی عبدالبصیر و اجرآن توسط چک نمبر 2409 از صرافی خانی گل,5-May-26,855,
,"$880,283 ",$116.77 ,,$64.40 ,"AFN 10,500,553","AFN 7,520",,"پرداخت برای موتر شویی و رنگ مالی, ترمیم شیشه موتر همسایه تعمیرللندر4 نوشابه, و کرای راه موتر ",6-May-26,856,
,"$881,687 ","$1,404.00 "," $1,404 ",$63.90 ,"AFN 10,500,553",AFN 0,,پرداخت برای شرکت فراز آژمان بابت خریداری ( 58.5 مترمکعب) کاک سقفی به تعمیر للندر 4 ,7-May-26,857,
,"$881,962 ",$275.43 ,,$63.90 ,"AFN 10,518,153","AFN 17,600",,"پرداخت برای خورده فروشی خوستی بابت خریداری رنج خوازه,سیم جستی,پرده سبز و دستکش به تعمرللندر4",7-May-26,858,
,"$881,986 ",$23.57 ,,$63.63 ,"AFN 10,519,653","AFN 1,500",,خریداری تیل دیزل به جنراتور تعمیرللندر4,7-May-26,859,
,"$881,991 ",$4.71 ,,$63.65 ,"AFN 10,519,953",AFN 300,,خریداری تیل پطرول به موتر کرولا نقره ایی,9-May-26,860,
,"$881,993 ",$2.36 ,,$63.65 ,"AFN 10,520,103",AFN 150,,خریداری یک کواتر مبلایل به تعمیرللندر4,9-May-26,861,
,"$881,995 ",$2.36 ,,$63.65 ,"AFN 10,520,253",AFN 150,,خریداری گازکیت و فیس به جنراتور تعمیرللندر4,9-May-26,862,
,"$891,791 ","$9,796.00 "," $9,796 ",$63.35 ,"AFN 10,520,253",AFN 0,,پرداخت برای شرکت کانکریت ریزی افعان پلانت بابت خریداری 1330 خریطه سنمت ایرانی از سمنت فروشی حاجی قاسم وردک به تعمیرللندر4 و اجرا آن توسط چک نمبر 2417 از صرافی خانی گل,10-May-26,863,
,"$891,793 ",$1.57 ,,$63.50 ,"AFN 10,520,353",AFN 100,,خریداری پمپ هوا به تعمیرللندر 4,10-May-26,864,
,"$891,813 ",$20.47 ,,$63.50 ,"AFN 10,521,653","AFN 1,300",,"خریداری پشتم ,رنگ ,گازکیت ,فیس و غیره به ترمیم جنراتور تعمیرللندر4",10-May-26,865,
,"$891,845 ",$31.50 ,,$63.50 ,"AFN 10,523,653","AFN 2,000",,پیش پرداخت برای معراج الدین ولد دادالله بابت ماه ثور 1405,11-May-26,866,
,"$892,244 ",$398.63 ,,$63.50 ,"AFN 10,548,966","AFN 25,313",,پرداخت تعرفه صفایی جایداد تعمیرللندر 4 بابت سال 1405,11-May-26,867,
,"$893,031 ",$787.40 ,,$63.50 ,"AFN 10,598,966","AFN 50,000",,پرداخت برای گلبدین بابت سیم تابی و قالبکاری تعمرللندر4,11-May-26,868,
,"$893,055 ",$23.57 ,,$63.65 ,"AFN 10,600,466","AFN 1,500",,خریداری تیل دیزل برای جنراتور به تعمیر للندر 4,12-May-26,869,
,"$893,058 ",$3.93 ,,$63.60 ,"AFN 10,600,716",AFN 250,,خریداری کارت موبایل به تعمیر للندر 4,13-May-26,870,
,"$893,062 ",$3.14 ,,$63.60 ,"AFN 10,600,916",AFN 200,,خریداری عدس و کشمش پلوی بابت تعمیر للندر 4 ,14-May-26,871,
,"$893,077 ",$15.72 ,,$63.60 ,"AFN 10,601,916","AFN 1,000",,خریداری گاز بابت تعمیر للندر 4 ,14-May-26,872,
,"$893,084 ",$6.45 ,,$63.60 ,"AFN 10,602,326",AFN 410,,"خریداری خلال, کشمش, نمک, بریانی بابت تعمیر للندر 4 ",14-May-26,873,
,"$893,098 ",$14.15 ,,$63.60 ,"AFN 10,603,226",AFN 900,,خریداری گوشت مرغ بابت تعمیر للندر 4 ,14-May-26,874,
,"$893,242 ",$143.63 ,,$63.60 ,"AFN 10,612,361","AFN 9,135",,نصب خوازه طرف شرکت افغان بیسیم بخاطر پرده از تاریخ 23 دلو 1404 الی 23 ثور 1405 ,14-May-26,875,
,"$893,273 ",$31.45 ,,$63.60 ,"AFN 10,614,361","AFN 2,000",,خریداری تیل به جنراتور تعمیر للندر 4 ,14-May-26,876,
,"$893,528 ",$255.50 ,,$63.60 ,"AFN 10,630,611","AFN 16,250",,"پرداخت برای خورده فرشی خوست بابت خریداری سیم 1.5 میلی, آبگرمی, سیم جستی به تعمیر للندر 4",14-May-26,877,
,"$895,101 ","$1,572.33 ",,$63.60 ,"AFN 10,730,611","AFN 100,000",,پرداخت برای گلبدین بابت سیم تابی و قالبکاری تعمیر للندر 4,14-May-26,878,
,"$895,132 ",$31.45 ,,$63.60 ,"AFN 10,732,611","AFN 2,000",,پرداخت برای سیف الله ولد رفیح الله  تعمیر للندر 4,14-May-26,879,
,"$895,179 ",$47.17 ,,$63.60 ,"AFN 10,735,611","AFN 3,000",,پرذاخت برای انجنیر محمد شریف بابت پایپ کشی هواکش ها از تهکوی به منزل اول سکشن تعمیرللندر 4  B  ,14-May-26,880,
,"$900,179 ","$5,000.00 "," $5,000 ",$63.60 ,"AFN 10,735,611",AFN 0,,پرداخت برای شرکت کانکریت ریزی افغان پلانت بابت تعمیرللندر4,14-May-26,881,
,"$900,219 ",$39.18 ,,$63.80 ,"AFN 10,738,111","AFN 2,500",,پیش پرداخت برای فرید للندر بابت ماه ثور 1405,16-May-26,882,
,"$900,263 ",$43.89 ,,$63.80 ,"AFN 10,740,911","AFN 2,800",,خریداری تیل پطرول به موتر کرولای نقریی به تعمیر للندر 4 ,16-May-26,883,
,"$900,269 ",$6.27 ,,$63.80 ,"AFN 10,741,311",AFN 400,,خریداری تیل پطرول به ویبراتور های تعمیر للندر 4 ,16-May-26,884,
,"$900,294 ",$25.08 ,,$63.80 ,"AFN 10,742,911","AFN 1,600",,خریداری ورق A-85 برای  تعمیر للندر 4 ,16-May-26,885,
,"$900,451 ",$156.74 ,,$63.80 ,"AFN 10,752,911","AFN 10,000",,پیش پرداخت برای صفی الله ولد رفیع الله بابت ماه ثور 1405,16-May-26,886,
,"$900,502 ",$51.22 ,,$63.80 ,"AFN 10,756,179","AFN 3,268",,پرداخت برق میتر تعمیر للندر 4 بابت ماه حمل 1405,17-May-26,887,
,"$900,690 ",$188.09 ,,$63.80 ,"AFN 10,768,179","AFN 12,000",,پیش پرداخت برای معراج الدین ولد دادالله بابت ماه ثور سال 1405,17-May-26,888,
,"$900,741 ",$51.14 ,,$63.90 ,"AFN 10,771,447","AFN 3,268",,خریداری تیل دیزل به جنراتور تعمیر للندر 4 ,18-May-26,889,
,"$900,754 ",$12.52 ,,$63.90 ,"AFN 10,772,247",AFN 800,,"خریداری فیس, شرش, پیکن و مبلایل به تعمیر للندر 4 ",18-May-26,890,
,"$900,793 ",$39.87 ,,$63.70 ,"AFN 10,774,787","AFN 2,540",,خریداری مبلایل به جنراتور تعمیر للندر 4 ,18-May-26,891,
,"$900,801 ",$7.38 ,,$63.70 ,"AFN 10,775,257",AFN 470,,خریداری پرزه جات به جنراتور تعمیر للندر 4 ,18-May-26,892,
,"$904,176 ","$3,375.00 "," $3,375 ",$63.70 ,"AFN 10,775,257",AFN 0,,پرداخت برای شرکت فراز آژمان بابت خریداری (112.5 متر مکعب) کاک سقفی به تعمیرللندر4,18-May-26,893,
,"$904,199 ",$23.47 ,,$63.90 ,"AFN 10,776,757","AFN 1,500",,خریدرای تیل دیزل به جنراتور تعمیر للندر 4 ,19-May-26,894,
,"$904,201 ",$1.25 ,,$63.90 ,"AFN 10,776,837",AFN 80,,خریدرای دست کش به جنراتور تعمیر للندر 4 ,19-May-26,895,
,"$904,240 ",$39.12 ,,$63.90 ,"AFN 10,779,337","AFN 2,500",,خریدرای تیل پطرول به موتر فرونر به تعمیر للندر 4 ,19-May-26,896,
,"$904,255 ",$15.81 ,,$63.90 ,"AFN 10,780,347","AFN 1,010",,"خریدرای نمک, بریانی, مرغ به تعمیر للندر 4 ",19-May-26,897,
,"$904,563 ",$307.98 ,,$63.90 ,"AFN 10,800,027","AFN 19,680",,پرداخت برای گلبدین بابت سیم تابی و قالبکاری تعمیر للندر 4 ,19-May-26,898,
,"$904,570 ",$6.29 ,,$63.60 ,"AFN 10,800,427",AFN 400,,پرداخت برای خریداری کارت مبایل برای احمد فرید للندر,20-May-26,899,
,"$904,578 ",$7.87 ,,$63.57 ,"AFN 10,800,927",AFN 500,,خریداری بادنجان سیاه و رومی برای تعمیر للندر 4 ,20-May-26,900,
,"$904,580 ",$1.89 ,,$63.57 ,"AFN 10,801,047",AFN 120,,خریداری کچالو برای تعمیر للندر 4 ,20-May-26,901,
,"$904,595 ",$15.73 ,,$63.57 ,"AFN 10,802,047","AFN 1,000",,خریداری گاز به آشپزخانه تعمیر للندر 4 ,20-May-26,902,
,"$904,609 ",$13.37 ,,$63.57 ,"AFN 10,802,897",AFN 850,,"خریداری مبلایل, واشل و غیره به تعمیر للندر 4 ",20-May-26,903,
,"$904,639 ",$30.42 ,,$63.60 ,"AFN 10,804,832","AFN 1,935",,پرداخت معاش عبدالله متین ولد نیک محمد بابت ماه ثور سال 1405,21-May-26,904,
,"$904,651 ",$11.79 ,,$63.60 ,"AFN 10,805,582",AFN 750,,خریداری مرغ به تعمیر للندر 4 ,21-May-26,905,
,"$904,654 ",$3.14 ,,$63.60 ,"AFN 10,805,782",AFN 200,,"خریداری بریانی, بادنجان رومی, مرچ, سیر و زرد چوبه به تعمیر للندر 4 ",21-May-26,906,
,"$914,654 ","$10,000.00 "," $10,000 ",$63.72 ,"AFN 10,805,782",AFN 0,,پرداخت برای شرکت کانکریت ریزی افغان پلانت برای تعمیر للندر 4 پرداخت هذا توسط جاوید سکندری صورت گرفته است   گیرنده پول سیرت,23-May-26,907,
,"$919,654 ","$5,000.00 "," $5,000 ",$63.72 ,"AFN 10,805,782",AFN 0,,پرداخت برای شرکت کانکریت ریزی افغان پلانت برای تعمیر للندر 4 پرداخت هذا توسط جاوید سکندری صورت گرفته است   گیرنده پول عبیدالله,23-May-26,908,
,"$919,677 ",$22.76 ,,$63.72 ,"AFN 10,807,232","AFN 1,450",,خریداری مبلایل و فلتر به کرولای تقره یی به تعمیر للندر 4,23-May-26,909,
,"$919,833 ",$156.49 ,,$63.90 ,"AFN 10,817,232","AFN 10,000",,پرداخت معاش عنایت الله ولد امان بابت ماه حمل 1404,25-May-26,910,
,"$919,990 ",$156.49 ,,$63.90 ,"AFN 10,827,232","AFN 10,000",,پرداخت معاش عنایت الله ولد امان بابت ماه ثور 1404,25-May-26,911,
,"$920,146 ",$156.49 ,,$63.90 ,"AFN 10,837,232","AFN 10,000",,پرداخت برای محمد علی بابت تخریب سر زینه دوبلکس تعمیرللندر4,25-May-26,912,
,"$922,638 ","$2,492.18 ",,$63.90 ,"AFN 10,996,482","AFN 159,250",,پرداخت برای گلبدین بابت سیم تابی و قالبکاری تعمیرللندر 5 بدست قیام الدین ,25-May-26,913,
,"$922,738 ",$99.69 ,,$63.90 ,"AFN 11,002,852","AFN 6,370",,پرداخت برای گلبدین بابت سیم تابی و قالبکاری تعمیرللندر 5 بدست قیام الدین ,25-May-26,914,
,"$922,848 ",$109.55 ,,$63.90 ,"AFN 11,009,852","AFN 7,000",,پرداخت معاش باقیمانده معراج الدین ولد دادالله بابت ماه ثور 1405,25-May-26,915,
,"$922,887 ",$39.12 ,,$63.90 ,"AFN 11,012,352","AFN 2,500",,پرداخت معاش باقیمانده احمد فرید للندر ولد علاالدین بابت ماه ثور 1405,25-May-26,916,
,"$922,911 ",$24.23 ,,$63.90 ,"AFN 11,013,900","AFN 1,548",,پرداخت معاش هارون ولد فضل الرحمن بابت ماه ثور 1405 بابت تعمیرللندر4,25-May-26,917,
,"$923,276 ",$365.15 ,,$63.90 ,"AFN 11,037,233","AFN 23,333",,پرداخت اجرت ساعتوار آدم خان بابت هموار کاری ساحه تعمیرللندر4,25-May-26,918,
,"$924,059 ",$782.47 ,,$63.90 ,"AFN 11,087,233","AFN 50,000",,پرداخت معاش انجنیر صفی الله ولد حبیب الله بابت ماه ثور 1404,25-May-26,919,
,"$924,065 ",$6.06 ,,$63.90 ,"AFN 11,087,620",AFN 387,,پرداخت معاش  شریف الله ولد فیض محمد بابت ماه ثور 1405 بابت تعمیرللندر4,25-May-26,920,
,"$924,101 ",$36.35 ,,$63.90 ,"AFN 11,089,943","AFN 2,323",,پرداخت معاش زین الله ولد محمد ظاهر بابت ماه ثور 1405 بابت تعمیرللندر4,25-May-26,921,
,"$924,117 ",$15.63 ,,$64.00 ,"AFN 11,090,943","AFN 1,000",,خریداری 5 کواتر مبلایل به جنراتور تعمیرللندر4,8-Jun-26,922,
,"$924,171 ",$54.69 ,,$64.00 ,"AFN 11,094,443","AFN 3,500",,پرداخت اجرت نسیم کرن کار بابت  انتقال کانتینر از تعمیرللندر 4 به زمین دارالامان ,8-Jun-26,923,
,"$924,306 ",$134.38 ,,$64.00 ,"AFN 11,103,043","AFN 8,600",,پرداخت اجرت نسیم کرن کار بابت پائین کردن پایل های سکشن A تحت دیوار افغان بیسیم و اجرت پائین کردن پائین کردن پایل های اساسی سکشن A تعمیرللندر 4,8-Jun-26,924,
,"$924,337 ",$31.25 ,,$64.00 ,"AFN 11,105,043","AFN 2,000",,خریداری تیل پطرول به موتر کرولا نقره ایی بابت تعمیرللندر4,10-Jun-26,925,
,"$924,368 ",$31.25 ,,$64.00 ,"AFN 11,107,043","AFN 2,000",,خریداری تیل دیزل به جنراتور تعمیرللندر4,10-Jun-26,926,
,"$931,368 ","$7,000.00 "," $7,000 ",$64.00 ,"AFN 11,107,043",AFN 0,,پرداخت برای انجنیر فروغ + نوید توسط حاجی رفیع الله بخاطر دیزائین نقشه پیک های تعمیرللندر 4,10-Jun-26,927,
,"$931,669 ",$301.00 , $301 ,$64.00 ,"AFN 11,107,043",AFN 0,,خریداری تحفه از قبیل عطریات توسط حاجی رفیع الله برای دوست های کامندان دولتی بابت تعمیرللندر 4,10-Jun-26,928,
,"$931,861 ",$191.88 ,,$64.00 ,"AFN 11,119,323","AFN 12,280",,پرداخت برای دوکان خوستی بابت خریداری های متفرقه به تعمیرللندر4,11-Jun-26,929,
,"$931,892 ",$31.25 ,,$64.00 ,"AFN 11,121,323","AFN 2,000",,پرداخت معاش باقیمانده صفی الله ولد عبدالرفیع چوکیدار تعمیرللندر 4 بابت ماه ثور 1405,11-Jun-26,930,
,"$931,910 ",$17.97 ,,$64.00 ,"AFN 11,122,473","AFN 1,150",,خریداری بادنجان رومی و گاز مایع به آشپزخانه گل احمد بخاطر پخت غذا به کاریگران تعمیرللندر4,11-Jun-26,931,
,"$931,924 ",$13.69 ,,$64.30 ,"AFN 11,123,353",AFN 880,,"خریداری گوشت مرغ ,مصاله بریانی ,سیر و مرچ تازه به کاریگران تعمیرللندر4",13-Jun-26,932,
,"$932,235 ",$311.04 ,,$64.30 ,"AFN 11,143,353","AFN 20,000",,پرداخت برای گلبدین بدست قیام الدین بابت سیم تابی و قالبکاری های تعمیرللندر4,13-Jun-26,933,
,"$932,247 ",$12.44 ,,$64.30 ,"AFN 11,144,153",AFN 800,,خریداری تیل دیزل به جنراتور تعمیرللندر 4,14-Jun-26,934,
,"$932,263 ",$15.55 ,,$64.30 ,"AFN 11,145,153","AFN 1,000",,خریداری تیل پطرول به موتر کرولا نقره ایی,14-Jun-26,935,
,"$932,271 ",$7.78 ,,$64.30 ,"AFN 11,145,653",AFN 500,,پرداخت کرای تکسی انجنیر صفی الله از للندر 4 به خانه شب های کانکریت ریزی و همچنان مصارف نان شب کانکریت ریزی للندر4,14-Jun-26,936,
,"$932,282 ",$10.89 ,,$64.30 ,"AFN 11,146,353",AFN 700,,پرداخت برای کاکا بادام گل توسط روز الدین بابت انتقال بیلر و سیخ به تعمیرللندر 4,14-Jun-26,937,
,"$932,624 ",$342.15 ,,$64.30 ,"AFN 11,168,353","AFN 22,000",,"پرداخت برای کاکا بادام گل توسط روز الدین بابت خریداری جغل برای هموار کاری سمت هوتل تالار مجلل , ریگ شسته و ریگ به تعمیرللندر 4",14-Jun-26,938,
,"$932,650 ",$26.44 ,,$64.30 ,"AFN 11,170,053","AFN 1,700",,پرداخت برای خیاطی خان فیشن بابت تهیه لباس برای کاریگران تعمیرللندر 4,14-Jun-26,939,
,"$932,652 ",$2.02 ,,$64.30 ,"AFN 11,170,183",AFN 130,,خریداری کارت مبایل برای معراج ,15-Jun-26,940,
,"$932,655 ",$2.33 ,,$64.30 ,"AFN 11,170,333",AFN 150,,خریداری سویچ اکسلیتر به جنراتور تعمیرللندر4,16-Jun-26,941,
,"$956,225 ","$23,570.00 "," $23,570 ",$64.30 ,"AFN 11,170,333",AFN 0,,"خریداری سه میل سلاح کلاشینکوف به ناحیه سوم بابت امر اعمار للند ر4 توسط حاجی گل نظردولت زی, پرداخت برای رئیس صدور مجوز بخاطر حج عمره بابت امر امر اعمار للندر4 توسط حاجی گل نظردولت زی , پرداخت برای کنترول ساختمانها بابت امر اعمار للندر 4 توسط حاجی گل نظر دولت زی , پرداخت به ریاست شهر سازی بابت امر اعمار تعمیرللندر4 توسط حاجی گل نظر دولت زی , پرداخت برای انجنیران ناحیه سوم بابت امر اعمار تعمیرللندر4 توسط حاجی نادر دولت زی , پرداخت برای ریاست صدور مجوز ( مایار) بابت رمپ تعمیرللندر 4 توسط حاجی گل نظر دولت زی , پرداخت برای مصارفات نان چاشت کارمندان ریاست شهر سازی بابت تعمیرللندر 4 توسط حاجی گل نظر دولت زی",16-Jun-26,942,
,"$958,902 ","$2,677.76 ",,$64.30 ,"AFN 11,342,513","AFN 172,180",,پرداخت برای آدم خان بابت کندن کاری سکشن A تعمیرللندر4,17-Jun-26,943,
,"$958,923 ",$20.19 ,,$64.40 ,"AFN 11,343,813","AFN 1,300",,"خریداری گوشت مرغ , مصاله بریانی , بادنجان رومی و مرچ تازه به کاریگارن تعمیرللندر4",18-Jun-26,944,
,"$958,954 ",$31.01 ,,$64.50 ,"AFN 11,345,813","AFN 2,000",,خریداری تیل پطرول به موتر کرولا نقره ایی بابت تعمیرللندر4,20-Jun-26,945,
,"$958,969 ",$15.50 ,,$64.50 ,"AFN 11,346,813","AFN 1,000",,خریداری گاز مایع به آشپزخانه بابت تهیه غذا به کاریگران تعمیرللندر4 و دفتر,20-Jun-26,946,
,"$959,000 ",$31.01 ,,$64.50 ,"AFN 11,348,813","AFN 2,000",,خریداری تیل پطرول به موتر کرولا نقره ایی بابت تعمیرللندر4,20-Jun-26,947,
,"$959,016 ",$15.50 ,,$64.50 ,"AFN 11,349,813","AFN 1,000",,خریداری گاز مایع به آشپزخانه بابت تهیه غذا به کاریگران تعمیرللندر4 و دفتر,20-Jun-26,948,
,"$959,047 ",$31.01 ,,$64.50 ,"AFN 11,351,813","AFN 2,000",,خریداری تیل پطرول به موتر کرولا نقره ایی بابت تعمیرللندر4,20-Jun-26,949,
,"$959,062 ",$15.50 ,,$64.50 ,"AFN 11,352,813","AFN 1,000",,خریداری گاز مایع به آشپزخانه بابت تهیه غذا به کاریگران تعمیرللندر4 و دفتر,20-Jun-26,950,
,"$959,362 ",$300.00 ,,$64.60 ,"AFN 11,372,193","AFN 19,380",,پرداخت برای گلبدین بدست قیام الدین بابت سیم تابی و قالبکاری های تعمیرللندر4,21-Jun-26,951,
,"$959,377 ",$14.86 ,,$64.60 ,"AFN 11,373,153",AFN 960,,"خریداری گاز مایع ,بوره ,چای خشک , غذا شب و کرای تکسی انجنیر صفی الله شب کانکریت ریزی پایل های تعمیرللندر 4",22-Jun-26,952,
,"$959,413 ",$35.60 ,,$64.60 ,"AFN 11,375,453","AFN 2,300",,پرداخت فیس انترنت دفتر از تاریخ 22 جون الی 22 جولای 2026 بابت تعمیرللندر4,22-Jun-26,953,
,"$959,428 ",$15.48 ,,$64.60 ,"AFN 11,376,453","AFN 1,000",,خریداری تیل پطرول به موتر کرولا نقره ایی تعمیرللندر 4,23-Jun-26,954,
,"$959,436 ",$7.74 ,,$64.60 ,"AFN 11,376,953",AFN 500,,"خریداری ترکاری از قبیل کدوگگ ,بادنجان رومی ,مرچ تازه و سیر به کاریگران تعمیرللندر4",23-Jun-26,955,
,"$959,472 ",$35.94 ,,$64.60 ,"AFN 11,379,275","AFN 2,322",,پرداخت مصرف بل برق تعمیرللندر 4 بابت ماه ثور 1405,23-Jun-26,956,
,"$959,492 ",$20.12 ,,$64.60 ,"AFN 11,380,575","AFN 1,300",,خریداری تیل پطرول به موتر کرولا نقره  ایی ,24-Jun-26,957,
,"$959,509 ",$17.18 ,,$64.60 ,"AFN 11,381,685","AFN 1,110",,خریداری گوشت مرغ و مصاله بریانی ,26-Jun-26,958,
,"$959,871 ",$362.03 ,,$64.60 ,"AFN 11,405,072","AFN 23,387",,پرداخت معاش انجنیر محبوب الله ولد محب الله بابت ماه ثور بابت تعمیرللندر 4,26-Jun-26,959,
,"$960,113 ",$241.49 ,,$64.60 ,"AFN 11,420,672","AFN 15,600",,پرداخت معاش احمد فرید للندر ولد علاوالدین بابت ماه جوزا 1405 تعمیرللندر 4,26-Jun-26,960,
,"$960,413 ",$300.00 ,,$64.60 ,"AFN 11,440,052","AFN 19,380",,پرداخت برای حاجی آدم خان بابت اجرت روز مزد اسکواتور در تعمیرللندر 4,26-Jun-26,961,
,"$960,463 ",$50.31 ,,$64.60 ,"AFN 11,443,302","AFN 3,250",,"پرداخت برای دوکان خورده فروشی خوستی بابت خریداری صندوق آب بازک اتومات ,پیپ کش , کلند , بیل , دسته بیل , برس سیمی و دستکش به تعمیرللندر4",26-Jun-26,962,
,"$960,648 ",$184.90 ,,$64.90 ,"AFN 11,455,302","AFN 12,000",,پرداخت معاش صفی الله ولد رفیع الله بابت ماه جوزا 1405,28-Jun-26,963,
,"$960,671 ",$23.11 ,,$64.90 ,"AFN 11,456,802","AFN 1,500",,پرداخت اجرت پائین نمودن پایل های تعمیرللندر 4 که دو پایه آن مربوط به دیوار افغان بیسیم میشود فی دانه از قرار 500 افغانی ,28-Jun-26,964,
,"$960,714 ",$43.14 ,,$64.90 ,"AFN 11,459,602","AFN 2,800",,پرداخت اجرت دو نفر گلکار و دو نفر کاریگر بابت کانکریت ریزی چت منزل نهم تعمیرللندر 4 سکشن B,28-Jun-26,965,
,"$960,720 ",$6.16 ,,$64.90 ,"AFN 11,460,002",AFN 400,,پرداخت اجرت یک نفر کاریگر بابت کانکریت ریزی پایه ها و شیروال های منزل دهم تعمیرللندر4,28-Jun-26,966,
,"$960,751 ",$30.72 ,,$65.10 ,"AFN 11,462,002","AFN 2,000",,خریداری تیل پطرول به موتر کرولا نقره ایی تعمیرللندر 4,29-Jun-26,967,
,"$960,768 ",$17 ,,$65.30 ,"AFN 11,463,122","AFN 1,120",,خریداری گوشت گوساله برای تهیه غذا برای کاریگران ,1-Jul-26,968,
,"$960,783 ",$15 ,,$65.30 ,"AFN 11,464,122","AFN 1,000",,خریداری تیل پطرول به موتر کرولا نقره ایی ,1-Jul-26,969,
,"$960,814 ",$31 ,,$65.30 ,"AFN 11,466,122","AFN 2,000",,خریداری تیل دیزل به جنراتور تعمیرللندر 4,1-Jul-26,970,
,"$965,814 ","$5,000 "," $5,000 ",$65.30 ,"AFN 11,466,122",AFN 0,,پرداخت برای شرکت افغان پلانت بابت کانکریت ریزی تعمیرللندر 4,1-Jul-26,971,
,"$970,814 ","$5,000 "," $5,000 ",$65.30 ,"AFN 11,466,122",AFN 0,,پرداخت برای شرکت افغان پلانت بابت کانکریت ریزی تعمیرللندر 4 ( پرداخت هذا توسط جاوید سکندری صورت گرفته است ),1-Jul-26,972,
,"$971,577 ",$763 ,,$65.50 ,"AFN 11,516,122","AFN 50,000",,پرداخت معاش انجنیر صفی الله ولد حبیب الله بابت ماه جوزا 1405 تعمیرللندر4,2-Jul-26,973,
,"$971,730 ",$153 ,,$65.50 ,"AFN 11,526,122","AFN 10,000",,پرداخت برای گلبدین بابت سیم تابی و قالبکاری های تعمیرللندر 4,2-Jul-26,974,
,"$972,730 ","$1,000 ",,$65.50 ,"AFN 11,591,622","AFN 65,500",,پرداخت برای آدم خان بابت کندن کاری سکشن A تعمیرللندر4,2-Jul-26,975,
,"$973,022 ",$292 ,,$65.65 ,"AFN 11,610,792","AFN 19,170",,پرداخت برای مصارفات فیصله جرگه تعمیرللندر 4 در گلباغ  ,4-Jul-26,976,
,"$973,037 ",$15 ,,$65.65 ,"AFN 11,611,792","AFN 1,000",,خریداری تیل پطرول به موتر کرولا نقره ایی تعمیرللندر 4,4-Jul-26,977,
,"$973,140 ",$102 ,,$65.85 ,"AFN 11,618,536","AFN 6,744",,پرداخت برای خبازی سمیع الله بابت خریداری نان خشک به تعمیرللندر 4 بابت ماه ثور و جوزا 1405,5-Jul-26,978,
,"$973,170 ",$30 ,,$65.85 ,"AFN 11,620,536","AFN 2,000",,پیش پرداخت برای شریف الله ولد فیض محمد بابت ماه سرطان 1405,5-Jul-26,979,
,"$973,187 ",$17 ,,$65.85 ,"AFN 11,621,676","AFN 1,140",,پرداخت برای مصارفات چوکیدار تعمیرللندر 4 در روز های عید قربان ,5-Jul-26,980,
,"$973,233 ",$45 ,,$66.00 ,"AFN 11,624,676","AFN 3,000",,پیش پرداخت برای احمد فرید للندر ولدعلاالدین بابت ماه سرطان 1405 تعمیرللندر4,6-Jul-26,981,
,"$973,263 ",$30 ,,$66.00 ,"AFN 11,626,676","AFN 2,000",,پرداخت برای انجنیر صفی الله بابت خریداری کارت مبایل برای فعال نمودن انترنت ,6-Jul-26,982,
,"$973,278 ",$15 ,,$66.20 ,"AFN 11,627,676","AFN 1,000",,خریداری تیل پطرول به موتر کرولا نقره ایی تعمیرللندر 4,7-Jul-26,983,
,"$973,330 ",$52 ,,$66.00 ,"AFN 11,631,076","AFN 3,400",,پرداخت برای نوروز علی بابت ساخت کانال برای سیستم سرد کننده دفتر منزل آخر تعمیرللندر 5,11-Jul-26,984,
,"$973,345 ",$15 ,,$66.00 ,"AFN 11,632,076","AFN 1,000",,خریداری تیل دیزل به جنراتور تعمیرللندر 4,11-Jul-26,985,
,"$973,349 ",$4 ,,$66.00 ,"AFN 11,632,326",AFN 250,,خریداری کارت مبایل برای معراج بابت رایگان نمودن سیم کارت ,11-Jul-26,986,
,"$973,395 ",$46 ,,$65.00 ,"AFN 11,635,326","AFN 3,000",,پرداخت برای اسماعیل بابت حفاری پایل های اساسی باقیمانده سکشن A تعمیرللندر 4,12-Jul-26,987,
,"$973,410 ",$15 ,,$65.00 ,"AFN 11,636,326","AFN 1,000",,خریداری تیل پطرول به موتر کرولا نقره ایی,12-Jul-26,988,
,"$973,412 ",$2 ,,$65.00 ,"AFN 11,636,426",AFN 100,,"خریداری سامی 1"" به تعمیرللندر 4",12-Jul-26,989,
,"$973,698 ",$286 ,,$65.00 ,"AFN 11,655,026","AFN 18,600",,پرداخت برای اسماعیل بابت حفاری پایل های اساسی سکشن A تعمیرللندر4,13-Jul-26,990,
,"$973,790 ",$92 ,,$65.00 ,"AFN 11,661,026","AFN 6,000",,خریداری هواکش برای  حفاری پایل های اساسی سکشن A تعمیرللندر 4,14-Jul-26,991,
,"$973,821 ",$30 ,,$65.70 ,"AFN 11,663,026","AFN 2,000",,پرداخت برای اسماعیل بابت حفاری پایل های اساسی تعمیرللندر 4,15-Jul-26,992,
,"$973,833 ",$12 ,,$65.70 ,"AFN 11,663,826",AFN 800,,خریداری تیل دیزل به جنراتور تعمیرللندر 4,15-Jul-26,993,
,"$976,208 ","$2,375 "," $2,375 ",$65.70 ,"AFN 11,663,826",AFN 0,,پرداخت جبران خساره 25 تخته سولر  به اساس فیصله و تواففاتیکه با اداره محترم شرکت مخابراتی افغان بیسیم کتباً صورت گرفته بود مبلغ دو هزارو سه صدو هفتاد و پنج دالر امریکایی تادیه گردید و منبعد در مورد جبران خساره سولر ها هیچ نوع ادا قابل پذیرش دفتر للندر نمیباشد,15-Jul-26,994,
,"$980,007 ","$3,799 ",,$65.80 ,"AFN 11,913,826","AFN 250,000",,پرداخت برای حکیم خان بابت حفاری پایل های اساسی تعمیرللندر4,16-Jul-26,995,
,"$985,007 ","$5,000 ",,$65.80 ,"AFN 12,242,826","AFN 329,000",,پرداخت برای آدم خان بابت کندن کاری سکشن A  تعمیرللندر4,16-Jul-26,996,
,"$985,463 ",$456 ,,$65.80 ,"AFN 12,272,826","AFN 30,000",,پرداخت اجرت محمد نسیم کرن کار بابت انتقال و پائین نمودن پایل های اساسی تعمیرللندر 4 سکشنA ,16-Jul-26,997,
,"$985,763 ",$300 ,,$65.80 ,"AFN 12,292,584","AFN 19,758",,پرداخت معاش انجنیر محبوب الله ولد محب الله بابت ماه جوزا 1405,16-Jul-26,998,
,"$985,915 ",$152 ,,$65.80 ,"AFN 12,302,584","AFN 10,000",,پرداخت برای محمد اسماعیل بابت حفاری پایل های اساسی سکشن A تعمیرللندر 4,16-Jul-26,999,
,"$985,946 ",$30 ,,$65.80 ,"AFN 12,304,584","AFN 2,000",,خریداری تیل پطرول به موتر کرولا نقره ایی,16-Jul-26,1000,
,"$985,949 ",$3 ,,$65.80 ,"AFN 12,304,784",AFN 200,,پرداخت اجرت دوخت فراشوت بخاطر هواکش پایل های اساسی تعمیرللندر4,16-Jul-26,1001,
,"$985,964 ",$15 ,,$65.80 ,"AFN 12,305,784","AFN 1,000",,خریداری کارت مبایل برای احمد فرید للندر ,16-Jul-26,1002,
,"$985,999 ",$35 ,,$66.00 ,"AFN 12,308,084","AFN 2,300",,خریداری تیل دیزل به جنراتور تعمیرللندر 4 ( بتاریخ تاریخ های مختلف خریداری شده ),18-Jul-26,1003,
,"$986,014 ",$15 ,,$66.00 ,"AFN 12,309,084","AFN 1,000",,خریداری تیل پطرول به موتر کرولا نقره ایی,18-Jul-26,1004,
,"$986,023 ",$9 ,,$66.00 ,"AFN 12,309,664",AFN 580,,خریداری چاکلیت و چای سبز به دفتر ساحوی تعمیرللندر 4,18-Jul-26,1005,
,"$986,038 ",$15 ,,$66.00 ,"AFN 12,310,664","AFN 1,000",,خریدرای تیل دیزل به جنراتور تعمیرللندر 4,18-Jul-26,1006,
,"$986,053 ",$15 ,,$66.00 ,"AFN 12,311,664","AFN 1,000",,پیش پرداخت برای احمد فرید للندر ولد علاوالدین بابت ماه سرطان 1405,18-Jul-26,1007,
,"$986,084 ",$30 ,,$65.60 ,"AFN 12,313,664","AFN 2,000",,خریداری تیل دیزل به جنراتور تعمیرللندر 4,20-Jul-26,1008,
,"$986,669 ",$585 ,,$65.60 ,"AFN 12,352,064","AFN 38,400",,پرداخت و تصفیه حساب محمد اسماعیل بابت حفاری پایل های اساسی سکشن A تعمیرللندر 4,20-Jul-26,1009,
,"$986,705 ",$36 ,,$65.60 ,"AFN 12,354,424","AFN 2,360",,"خریداری اسپری سویچ بولت موتر ,سفید کننده سیت موتر ,صافی ,کاتر ,مبلایل و دیزل به جنراتور,نت و بولت , واشل , سرش دوغلو برای ترمیم جنراتور تعمیرللندر 4",20-Jul-26,1010,
,"$986,720 ",$15 ,,$65.80 ,"AFN 12,355,424","AFN 1,000",,خریداری تیل پطرول به موتر کرولا نقره ایی,21-Jul-26,1011,
,"$986,903 ",$182 ,,$65.80 ,"AFN 12,367,424","AFN 12,000",,پرداخت برای اسماعیل چاه کن پایل های اساسی سکشن A تعمیرللندر 4 بخاطر تداوی پای شکسته یک تن از اعضای چاه کن ها ,21-Jul-26,1012,
,"$989,903 ","$3,000 "," $3,000 ",$65.80 ,"AFN 12,367,424",AFN 0,,پرداخت برای شرکت افغان پلانت بابت کانکریت ریزی تعمیرللندر 4( توسط جاوید سکندری پرداخت گردیده ),21-Jul-26,1013,
,"$989,937 ",$35 ,,$65.90 ,"AFN 12,369,724","AFN 2,300",,پرداخت فیس انترنت دفتر از تاریخ 22 جولای 2026 الی 22 آگست 2026,22-Jul-26,1014,
,"$989,937 ",,,,,,,,,1015,
,"$989,937 ",,,,,,,,,1016,
,"$989,937 ",,,,,,,,,1017,
,,,,,,,,,,,
,,,,,,,,,,,
,,,,,,,,,,,
,,,,,,,,,,,
,,,,,,,,,,,
,,,,,,,,,,,
,,,,,,,,,,,
,,,,,,,,,,,
,,,,,,,,,,,
,,,,,,,,,,,
,,,,,,,,,,,
,,,,,,,,,,,
,,,,,,,,,,,
,,,,,,,,,,,
,,,,,,,,,,,
,,,,,,,,,,,
