,,,LALANDER 5 Building General Expenses sheet,,,,,,,,,,,,,,
,,,جدول عمومی مصارفات تعمیر للندر 5,,,,,,,,,,,,,,
ملاحظات,مجموع مصارفات به دالر,مصارف افغانی+ دالری,مصرف دالری,نرخ اسعار,,مصرف افغانی ,توضیحات,بل نمبر ,پروژه,تاریخ,شماره ,,,,,,
Remarks,Total Expenses by USD,AFN+USD,USD,Exchange Rate,,AFN,Discretion,Bill No,Project,DATE,S/N,,,,,,
توسط عرش الله,$586 ,$585.71 ,,$70.00 ,"AFN 41,000","AFN 41,000",پرداخت برای کاکا بادام گل روز الدین در ساحه بابت انتقال پرانه به دارالامان و بارگیری استکواتور ,,,7-Dec-24,1,,,,,,
توسط عرش الله,$791 ,$205.71 ,,$70.00 ,"AFN 14,400","AFN 14,400",خریداری آهن چادر 0.5/125 ایرانی به تعمیرللندر 5 توسط سمیرللندر 5,,,10-Dec-24,2,,,,,,
توسط عرش الله,"$2,629 ","$1,838.00 ","$1,838 ",$70.00 ,AFN 0,AFN 0,خریداری سیخ گول 14 ملی و سیخ گول 10 ملی ملی همراه با سیم جستی به تعمیرللندر 5 توسط سمیر (2455) کیلو),,,10-Dec-24,3,,,,,,
توسط عرش الله,"$2,679 ",$50.00 ,,$70.00 ,"AFN 3,500","AFN 3,500","خریداری تیل پطرول به موتر کرولا, زاغ نول ,کلفت متوسط , کلفت خورد و پیچ واشر دار به تعمیرللندر 5 توسط سمیر للندر ",,,12-Dec-24,4,,,,,,
توسط عرش الله,"$2,894 ",$214.29 ,,$70.00 ,"AFN 15,000","AFN 15,000",پرداخت معاش فرید للندر بابت ماه قوس 1403,,,25-Dec-24,5,,,,,,
توسط عرش الله,"$3,902 ","$1,008.66 ",,$70.00 ,"AFN 111,606","AFN 70,606","پرداخت تعرفه تحویلی ریاست آبرسانی بابت سروی , دیزائین , اراده اسناد , سه بار نظارت در جریان تطبیق و مراقبت چاه فاضلاب تعمیرللندر 5 واقع کارته چهار و کمیشن بانکی",,,25-Dec-24,6,,,,,,
توسط عرش الله,"$4,474 ",$571.43 ,,$70.00 ,"AFN 151,606","AFN 40,000",پرداخت برای شرکت لابرتواری BMGS بابت 50% قرارداد تست خاک تعمیرللندر 5,,,30-Dec-25,7,,,,,,
توسط عرش الله,"$4,645 ",$171.43 ,,$70.00 ,"AFN 163,606","AFN 12,000",خریداری سه موتر گل زرد به چاه تعمیرللندر 5,,,18-Jan-25,8,,,,,,
توسط عرش الله,"$5,074 ",$428.57 ,,$70.00 ,"AFN 193,606","AFN 30,000",پیش پرداخت برای مشعل بابت حفر چاه عمیق تعمیرللندر 5,,,18-Jan-25,9,,,,,,
توسط عرش الله,"$5,288 ",$214.29 ,,$70.00 ,"AFN 208,606","AFN 15,000",پرداخت معاش فرید للندر بابت ماه جدی 1403,,,19-Jan-25,10,,,,,,
توسط عرش الله,"$5,631 ",$342.86 ,,$70.00 ,"AFN 232,606","AFN 24,000",پرداخت برای شرکت لابرتواری BMGS بابت 30% قرارداد تست خاک تعمیرللندر 5,,,22-Jan-25,11,,,,,,
توسط عرش الله,"$6,192 ",$560.71 ,,$70.00 ,"AFN 271,856","AFN 39,250",پرداخت برای مشعل چاه کن تعمیرللندر 5,,,29-Jan-25,12,,,,,,
توسط عرش الله,"$9,527 ","$3,335.71 ",,$70.00 ,"AFN 505,356","AFN 233,500","خریداری پائیپ 7"" به چاه آب تعمیر للندر 5",,,8-Feb-25,13,,,,,,
توسط عرش الله,"$9,584 ",$57.00 ,,$70.00 ,"AFN 509,346","AFN 3,990","خریداری نت و بولت 13 ملی , پل برمه اول و دوم , سرش پاکستانی 717 به چاه آب تعمیرللندر 5",,,8-Feb-25,14,,,,,,
توسط عرش الله,"$9,727 ",$142.86 ,,$70.00 ,"AFN 519,346","AFN 10,000",پرداخت برای مشعل چاه کن بابت چاه آب تعمیرللندر 5,,,8-Feb-25,15,,,,,,
توسط عرش الله,"$9,956 ",$228.57 ,,$70.00 ,"AFN 535,346","AFN 16,000",پرداخت و تصفیه حساب شرکت لابرتواری BMGS بابت تست خاک تعمیرللندر 5,,,10-Feb-25,16,,,,,,
توسط عرش الله,"$10,104 ",$148.57 ,,$70.00 ,"AFN 545,746","AFN 10,400",خریداری جغل دریایی به چاه آب تعمیرللندر 5,,,11-Feb-25,17,,,,,,
توسط عرش الله,"$10,433 ",$328.57 ,,$70.00 ,"AFN 568,746","AFN 23,000",پرداخت برای حاجی رحمت الله بابت کمپرسور کاری چاه آب تعمیرللندر 5,,,15-Feb-25,18,,,,,,
توسط عرش الله,"$11,972 ","$1,539.29 ",,$70.00 ,"AFN 676,496","AFN 107,750",پرداخت و تصفیه حساب شرکت اولین کوثر بابت حفاری چاه عمیق تعمیرللندر 5,,,15-Feb-25,19,,,,,,
توسط عرش الله,"$11,987 ",$15.00 ,,$70.00 ,"AFN 677,546","AFN 1,050","خریداری چای صبح به کارمندان ماشین کمپرسور , اجرت بارگیری پایئپ های چاه,خریداری واشر به بسته کاری پائیپ ها, خریداری قلم توش,پیچ اسکرو ,پل برمه و کرای تکسی کارمنندان ریاست اطفائیه ",,,23-Feb-25,20,,,,,,
توسط عرش الله,"$12,032 ",$44.94 ,,$70.00 ,"AFN 680,692","AFN 3,146",خریداری گاز مایع به خانه و نان چاشت بابت خریداری پایپ ها به چاه عمیق تعمیرللندر 5,,,23-Feb-25,21,,,,,,
توسط عرش الله,"$12,246 ",$214.29 ,,$70.00 ,"AFN 695,692","AFN 15,000",پرداخت معاش فرید للندر بابت ماه دلو 1403,,,23-Feb-25,22,,,,,,
توسط رفیع الله,"$51,885 ","$39,638.11 ",,$70.00 ,"AFN 3,470,360","AFN 2,774,668",پرداخت تعرفه تحویلی محترم خلیل الله و صفی الله ولدان احمد شاه  ارزش ارزش افزوده تغیر فعالیت زمین پلانی سابقه به مساحت 652.54 متر مربع تحت ساختمان 442.8 متر مربع واقع کارته چهار ناحیه سوم و پرداخت تحویلی محترم خلیل الله و صفی الله ولدان احمد شاه مدرک تکس نقشه تعمیرللندر 5,,,20-Mar-25,23,,,,,,
توسط رفیع الله,"$76,768 ","$24,883.69 ",,$70.00 ,"AFN 5,212,218","AFN 1,741,858",پرداخت تعرفه تحویلی محترم خلیل الله و صفی الله ولدان احمد شاه مدرک قیمت ارزش تراکم تعمیرللندر 5 و پرداخت کمیشن بانکی تعرفه مذکور,,,20-Mar-25,24,,,,,,
توسط عرش الله,"$76,897 ",$128.57 ,,$70.00 ,"AFN 5,221,218","AFN 9,000",پرداخت برای امیر خان بابت کندن کاری چاه به پایل های تعمیرللندر 5 ,,,29-Mar-25,25,,,,,,
توسط عرش الله,"$77,081 ",$184.29 ,,$70.00 ,"AFN 5,234,118","AFN 12,900",خریداری پایئپ پی پی آر و ریسمان 14 ملی به چاه آب تعمیرللندر 5,,,2-Apr-25,26,,,,,,
توسط عرش الله,"$79,214 ","$2,133.29 ","$1,839 ",$70.00 ,"AFN 5,254,718","AFN 20,600",خریداری لین مغان به چاه آب تعمیرللندر 5,,,2-Apr-25,27,,,,,,
توسط عرش الله,"$79,222 ",$7.14 ,,$70.00 ,"AFN 5,255,218",AFN 500,خریداری کارت مبایل به فرید للندر بابت تعمیرللندر 5,,,2-Apr-25,28,,,,,,
توسط عرش الله,"$79,254 ",$32.14 ,,$70.00 ,"AFN 5,257,468","AFN 2,250",پرداخت اجرت یک روزه کرن کار بابت پائین کردن سیخ پایل های تعمیرللندر 5,,,2-Apr-25,29,,,,,,
توسط عرش الله,"$79,256 ",$2.29 ,,$70.00 ,"AFN 5,257,628",AFN 160,پرداخت برای پنچری تایر موتر کرولا نقره ایی,,,3-Apr-25,30,,,,,,
توسط عرش الله,"$79,265 ",$9.29 ,,$70.00 ,"AFN 5,258,278",AFN 650,"خریداری کلمپ ,چسپ کلان , چسپ ساده , بورشینگ  و غیره به آب بازک چاه تعمیرللندر 5",,,3-Apr-25,31,,,,,,
توسط عرش الله,"$79,280 ",$14.29 ,,$70.00 ,"AFN 5,259,278","AFN 1,000",خریداری تیل پطرول به موتر کرولا نقره ایی,,,3-Apr-25,32,,,,,,
توسط عرش الله,"$79,282 ",$2.86 ,,$70.00 ,"AFN 5,259,478",AFN 200,خریداری پل پرخ و کوکه به تعمیرللندر 5,,,3-Apr-25,33,,,,,,
توسط عرش الله,"$79,286 ",$3.43 ,,$70.00 ,"AFN 5,259,718",AFN 240,خریداری سیخ ولدینگ به تعمیرللندر 5,,,3-Apr-25,34,,,,,,
توسط عرش الله,"$79,289 ",$3.57 ,,$70.00 ,"AFN 5,259,968",AFN 250,خریداری دستکش به کاریگران تعمیرللندر 5,,,3-Apr-25,35,,,,,,
توسط عرش الله,"$79,292 ",$2.14 ,,$70.00 ,"AFN 5,260,118",AFN 150,خریداری پایئپ لیول به تعمیر للندر 5,,,3-Apr-25,36,,,,,,
توسط عرش الله,"$79,316 ",$24.57 ,,$70.00 ,"AFN 5,261,838","AFN 1,720","خریداری چوچه وال ,مسلم شاور ,پایپ , سامی و خرپیچ کش برقی به تعمیرللندر 5",,,3-Apr-25,37,,,,,,
توسط عرش الله,"$79,330 ",$14.29 ,,$70.00 ,"AFN 5,262,838","AFN 1,000",خریداری تیل پطرول به موتر کرولا نقره ایی,,,3-Apr-25,38,,,,,,
توسط عرش الله,"$79,338 ",$7.14 ,,$70.00 ,"AFN 5,263,338",AFN 500,پرداخت عیدی برای گارد همسایه تعمیرللندر 5,,,3-Apr-25,39,,,,,,
توسط عرش الله,"$79,356 ",$18.29 ,,$70.00 ,"AFN 5,264,618","AFN 1,280",خریداری چک به چاه بخاطر پایل تعمیرللندر 5,,,3-Apr-25,40,,,,,,
توسط عرش الله,"$79,363 ",$7.14 ,,$70.00 ,"AFN 5,265,118",AFN 500,خریداری جوس به مهمانی حاجی رفیع الله بابت تعمیرللندر 5,,,3-Apr-25,41,,,,,,
توسط عرش الله,"$79,453 ",$90.00 ,,$70.00 ,"AFN 5,271,418","AFN 6,300",پرداخت برای چاه کن پایل های تعمیر للندر 5,,,3-Apr-25,42,,,,,,
توسط عرش الله,"$79,463 ",$9.71 ,,$70.00 ,"AFN 5,272,098",AFN 680,خریداری پیتزا به مهمانان حاجی رفیع الله بابت تعمیرللندر 5,,,3-Apr-25,43,,,,,,
توسط عرش الله,"$79,466 ",$2.86 ,,$70.00 ,"AFN 5,272,298",AFN 200,پرداخت برای کارمند دولتی به هدایت حاجی رفیع الله بابت تعمیرللندر 5,,,3-Apr-25,44,,,,,,
توسط عرش الله,"$79,468 ",$2.14 ,,$70.00 ,"AFN 5,272,448",AFN 150,پرداخت برای انتقال پائیپ چاه تعمیرللندر 5,,,3-Apr-25,45,,,,,,
توسط عرش الله,"$79,476 ",$8.57 ,,$70.00 ,"AFN 5,273,048",AFN 600,پرداخت اجرت یک روزه جکمر بابت تعمیرللندر 5,,,3-Apr-25,46,,,,,,
توسط عرش الله,"$79,478 ",$1.43 ,,$70.00 ,"AFN 5,273,148",AFN 100,خریداری دستکش به کاریگران تعمیرللندر 5,,,3-Apr-25,47,,,,,,
توسط عرش الله,"$79,593 ",$115.71 ,,$70.00 ,"AFN 5,281,248","AFN 8,100",پرداخت برای چاه کن پایل های تعمیر للندر 5,,,3-Apr-25,48,,,,,,
توسط عرش الله,"$79,765 ",$171.43 ,,$70.00 ,"AFN 5,293,248","AFN 12,000",پرداخت برای مکسر کار بابت کانکریت ریزی 9 حفره پایل های تعمیرللندر 5,,,3-Apr-25,49,,,,,,
توسط عرش الله,"$79,886 ",$121.43 ,,$70.00 ,"AFN 5,301,748","AFN 8,500",خریداری واترپمپ 2.2 کیلووات و تفاوت صندوق برق واترپمپ به چاه تعمیرللندر 5,,,3-Apr-25,50,,,,,,
توسط عرش الله,"$81,727 ","$1,840.71 ","$1,840 ",$70.00 ,"AFN 5,301,798",AFN 50,خریداری چای سبز به دفترکارته سه توسط عرش,,,5-Apr-25,51,transact,,,,,
توسط عرش الله,"$82,291 ",$563.57 ,,$70.00 ,"AFN 5,341,248","AFN 39,450",پرداخت برای امیرخان چاه کن بابت پایل های تعمیرللندر 5,,,5-Apr-25,52,,,,,,
توسط عرش الله,"$82,568 ",$277.43 ,,$70.00 ,"AFN 5,360,668","AFN 19,420",خریداری سبوس و کنجاره به گاو های زمین گلباغ,,,5-Apr-25,53,,,,,,
توسط عرش الله,"$82,569 ",$0.71 ,,$70.00 ,"AFN 5,360,718",AFN 50,خریداری توش به تعمیرللندر 5,,,5-Apr-25,54,,,,,,
توسط عرش الله,"$82,712 ",$142.86 ,,$70.00 ,"AFN 5,370,718","AFN 10,000",پرداخت برای مکسر کار جدید بابت کانکریت ریزی پایل های تعمیرللندر 5,,,5-Apr-25,55,,,,,,
توسط عرش الله,"$82,740 ",$28.57 ,,$70.00 ,"AFN 5,372,718","AFN 2,000",پرداخت اجرت یک روزه کرن کار تعمیرللندر 5 بابت پائین کردن سیخ ها به پایل تعمیرللندر 5,,,5-Apr-25,56,,,,,,
توسط عرش الله,"$82,762 ",$21.43 ,,$70.00 ,"AFN 5,374,218","AFN 1,500",پرداخت اجرت کرن کار تعمیرللندر 5 بابت پائین کردن سیخ ها,,,5-Apr-25,57,,,,,,
توسط عرش الله,"$82,862 ",$100.00 ,,$70.00 ,"AFN 5,381,218","AFN 7,000",پرداخت برای خیر محمد چوکیدار به هدایت حاجی رفیع الله,,,5-Apr-25,58,project:  k3,transact to office,,,,
توسط عرش الله,"$82,900 ",$38.57 ,,$70.00 ,"AFN 5,383,918","AFN 2,700",پرداخت برای چاه کن پایل های تعمیر للندر 5,,,6-Apr-25,59,,,,,,
توسط عرش الله,"$82,972 ",$71.43 ,,$70.00 ,"AFN 5,388,918","AFN 5,000",پرداخت تعرفه خلیل الله و صفی الله بابت بروتوکول نظارت ساختمانها تعمیرللندر 5,,,6-Apr-25,60,,,,,,
توسط عرش الله,"$83,093 ",$121.43 ,,$70.00 ,"AFN 5,397,418","AFN 8,500",خریداری پروجکتور به تعمیرللندر 5,,,6-Apr-25,61,,,,,,
توسط عرش الله,"$83,093 ",$0.00 ,,$70.00 ,"AFN 5,397,418",AFN 0,خریداری سیخ گول 16 ملی به تعمیرللندر 5 (7085 کیلو),,,7-Apr-25,62,,,,,,
توسط عرش الله,"$83,093 ",$0.00 ,,$70.00 ,"AFN 5,397,418",AFN 0,خریداری سیخ گول 12 ملی و 14 ملی و سیم جستی به تعمیرللندر 5 (12815 کیلو),,,7-Apr-25,63,,,,,,
توسط عرش الله,"$83,100 ",$7.14 ,,$70.00 ,"AFN 5,397,918",AFN 500,پرداخت برای امیر خان چاه کن پایل های تعمیرللندر 5,,,7-Apr-25,64,,,,,,
توسط عرش الله,"$83,107 ",$7.14 ,,$70.00 ,"AFN 5,398,418",AFN 500,پرداخت برای سلمانی حاجی رفیع الله ,,,7-Apr-25,65,,,,,,
توسط عرش الله,"$83,164 ",$57.14 ,,$70.00 ,"AFN 5,402,418","AFN 4,000",پرداخت برای عبدالستار سیم تاب تعمیرللندر 5,,,7-Apr-25,66,,,,,,
توسط عرش الله,"$83,263 ",$98.57 ,,$70.00 ,"AFN 5,409,318","AFN 6,900",خریداری چک چاه به پایل های تعمیرللندر 5,,,7-Apr-25,67,,,,,,
توسط عرش الله,"$83,406 ",$142.86 ,,$70.00 ,"AFN 5,419,318","AFN 10,000",پرداخت برای مکسر کارکانکریت ریزی پایل های تعمیرللندر 5,,,7-Apr-25,68,,,,,,
توسط عرش الله,"$83,413 ",$7.14 ,,$70.00 ,"AFN 5,419,818",AFN 500,پرداخت برای امیر خان چاه کن پایل های تعمیرللندر 5,,,7-Apr-25,69,,,,,,
توسط عرش الله,"$83,437 ",$24.29 ,,$70.00 ,"AFN 5,421,518","AFN 1,700",خریداری نان چاشت به مهمانان تعمیرللندر 5,,,7-Apr-25,70,,,,,,
توسط عرش الله,"$85,144 ","$1,707.14 ",,$70.00 ,"AFN 5,541,018","AFN 119,500",خریداری 250 خریطه سمنت قاین به تعمیرللندر 5 و پرداخت آن توسط صرافی,,,7-Apr-25,71,,,,,,
توسط عرش الله,"$85,394 ",$250.00 ,,$70.00 ,"AFN 5,558,518","AFN 17,500",پرداخت برای امیر خان چاه کن بابت کندن کاری پایل های تعمیرللندر 5,,,9-Apr-25,72,,,,,,
توسط عرش الله,"$85,470 ",$75.71 ,,$70.00 ,"AFN 5,563,818","AFN 5,300",پرداخت برای تصفیه حساب قبلی عباس چاه کن بابت پایل های تعمیرللندر 5,,,9-Apr-25,73,,,,,,
توسط عرش الله,"$85,477 ",$7.14 ,,$70.00 ,"AFN 5,564,318",AFN 500,پرداخت برای قالبکاری تعمیرللندر 5,,,9-Apr-25,74,,,,,,
توسط عرش الله,"$87,362 ","$1,884.43 ","$1,841 ",$70.00 ,"AFN 5,567,358","AFN 3,040",پرداخت برای مبایل تبدیلی موتر هایلکس,,,9-Apr-25,75,,,,,,
توسط عرش الله,"$87,377 ",$15.00 ,,$70.00 ,"AFN 5,568,408","AFN 1,050","خریداری بیل , کلند همراه با دسته و متر لابری به تعمیرللندر5",,,9-Apr-25,76,,,,,,
توسط عرش الله,"$87,440 ",$62.86 ,,$70.00 ,"AFN 5,572,808","AFN 4,400",خریداری تیل به موتر هایلکس,,,9-Apr-25,77,,,,,,
توسط عرش الله,"$90,331 ","$2,891.43 ",,$70.00 ,"AFN 5,775,208","AFN 202,400","پرداخت برای کاکا بادام گل بابت خریداری سمنت به تعمیرللندر 5 بل نمبر های 418 , 419 و 428 ",,,9-Apr-25,78,,,,,,
توسط عرش الله,"$90,471 ",$140.00 ,,$70.00 ,"AFN 5,785,008","AFN 9,800",پرداخت برای شرکت هرات الکتریک بابت خریداری کیبل 2.2.5 گول و چینچ آور دستی به تعمیرللندر 5,,,10-Apr-25,79,,,,,,
توسط عرش الله,"$90,714 ",$242.86 ,,$70.00 ,"AFN 5,802,008","AFN 17,000",پرداخت برای مکسر کار بابت کانکریت ریزی رینگ ها پایل تعمیرللندر 5,,,10-Apr-25,80,,,,,,
توسط عرش الله,"$90,735 ",$21.43 ,,$70.00 ,"AFN 5,803,508","AFN 1,500",پرداخت برای قالبکار تعمیرللندر 5,,,10-Apr-25,81,,,,,,
توسط عرش الله,"$90,950 ",$214.29 ,,$70.00 ,"AFN 5,818,508","AFN 15,000",پرداخت برای عبدالستار سیم تاب تعمیرللندر 5,,,10-Apr-25,82,,,,,,
توسط عرش الله,"$91,003 ",$53.57 ,,$70.00 ,"AFN 5,822,258","AFN 3,750",پرداخت برای تصفیه حساب کرن کار بابت پائین کردن جال های پایل تعمیرللندر 5,,,10-Apr-25,83,,,,,,
توسط عرش الله,"$91,019 ",$15.71 ,,$70.00 ,"AFN 5,823,358","AFN 1,100",پرداخت اجرت گلکار ها بابت کانکریت ریزی پایل و رینگ های تعمیرللندر 5,,,10-Apr-25,84,,,,,,
توسط عرش الله,"$91,021 ",$2.14 ,,$70.00 ,"AFN 5,823,508",AFN 150,خریداری نان چاشت به قالبکار تعمیرللندر 5,,,10-Apr-25,85,,,,,,
توسط عرش الله,"$91,027 ",$5.71 ,,$70.00 ,"AFN 5,823,908",AFN 400,خریداری جوس به مهمانان حاجی رفیع الله ,,,10-Apr-25,86,,,,,,
توسط عرش الله,"$91,387 ",$360.00 ,,$70.00 ,"AFN 5,849,108","AFN 25,200",خریداری سمنت پاکستانی همرا با کرا موتر و پول جوالی به تعمیرللندر 5,,,10-Apr-25,87,,,,,,
توسط عرش الله,"$91,458 ",$71.43 ,,$70.00 ,"AFN 5,854,108","AFN 5,000",پرداخت برای عبدالستار سیم تاب تعمیرللندر 5,,,10-Apr-25,88,,,,,,
توسط عرش الله,"$91,572 ",$114.29 ,,$70.00 ,"AFN 5,862,108","AFN 8,000",پرداخت برای پرنت اسناد نقشه های تعمیرللندر 5,,,17-Apr-25,89,,,,,,
توسط عرش الله,"$91,580 ",$7.14 ,,$70.00 ,"AFN 5,862,608",AFN 500,خریداری تیل پطرول به موتر کرولا نقره ایی,,,17-Apr-25,90,,,,,,
توسط عرش الله,"$91,580 ",$0.00 ,,$70.00 ,"AFN 5,862,608",AFN 0,پرداخت برای انجنیر مهرالله بابت دیزائین نقشه های تعمیرللندر 5,,,17-Apr-25,91,,,,,,
توسط عرش الله,"$91,587 ",$7.14 ,,$70.00 ,"AFN 5,863,108",AFN 500,پرداخت برای ذکریا نلدوان بابت ترمیم کاری خانه بی بی حاجی همسایه تعمیرللندر 5,,,17-Apr-25,92,,,,,,
توسط عرش الله,"$92,144 ",$557.14 ,,$70.00 ,"AFN 5,902,108","AFN 39,000",پرداخت برای کاکا بادام گل توسط حاجی صبغت الله بابت کندن کاری تهکو تعمیرللندر 5,,,17-Apr-25,93,,,,,,
توسط عرش الله,"$92,172 ",$28.57 ,,$70.00 ,"AFN 5,904,108","AFN 2,000",خریداری کارت مبایل برای مدیران صفایی ناحیه 4 بابت صفایی جایداد به کراه داده شده به شرکت مخابراتی MTN,,,17-Apr-25,94,,,,,,
توسط عرش الله,"$92,215 ",$42.86 ,,$70.00 ,"AFN 5,907,108","AFN 3,000",پیش پرداخت  برای ادریس گارد جدید تعمیرللندر 5 بابت ماه حمل 1404,,,17-Apr-25,95,,,,,,
توسط عرش الله,"$92,315 ",$100.00 ,,$70.00 ,"AFN 5,914,108","AFN 7,000",پرداخت رشوه به انجنیران تحلیل صدورمجوز بابت خط اندازی تعمیرللند 5 از دوکان لباس فروشی شهر نو از نزد ادریس به هدایت حاجی رفیع الله بدست کارمند دوکان شیر زی,,,17-Apr-25,96,,,,,,
توسط عرش الله,"$92,430 ",$114.29 ,,$70.00 ,"AFN 5,922,108","AFN 8,000",پرداخت برای عبدالستار سیم تاب تعمیرللندر 5,,,17-Apr-25,97,,,,,,
توسط عرش الله,"$92,444 ",$14.29 ,,$70.00 ,"AFN 5,923,108","AFN 1,000",خریداری تیل پطرول به موتر هایلکس,,,17-Apr-25,98,,,,,,
توسط عرش الله,"$94,329 ","$1,884.86 ","$1,842 ",$70.00 ,"AFN 5,926,108","AFN 3,000",خریداری تیل پطرول به موتر هایلکس,,,17-Apr-25,99,,,,,,
توسط عرش الله,"$94,329 ",$0.00 ,,$70.00 ,"AFN 5,926,108",AFN 0,پرداخت برای گل نظر بخاطر رشوه به انجنیران ریاست کنترول ساختمانها بابت اعمار تعمیرللندر 5,,,17-Apr-25,100,,,,,,
توسط عرش الله,"$94,329 ",$0.00 ,,$70.00 ,"AFN 5,926,108",AFN 0,پرداخت برای انجنیر مهرالله بابت دیزائین نقشه های تعمیرللندر 5,,,17-Apr-25,101,,,,,,
توسط عرش الله,"$94,420 ",$91.43 ,,$70.00 ,"AFN 5,932,508","AFN 6,400",پرداخت برای اسکواتور کار بابت جمع آوری ریگ های انتقال داده شده به زمین دارالامان از تعمیرللندر 5,,,19-Apr-25,102,,,,,,
توسط عرش الله,"$94,442 ",$21.43 ,,$70.00 ,"AFN 5,934,008","AFN 1,500",پرداخت برای خریداری گوشت گوساله و گوشت کوفته به تعمیرللندر 5,,,22-Apr-25,103,,,,,,
توسط عرش الله,"$94,443 ",$1.29 ,,$70.00 ,"AFN 5,934,098",AFN 90,خریداری سمنت سفید به تعمیرللندر 5,,,22-Apr-25,104,,,,,,
توسط عرش الله,"$94,462 ",$19.29 ,,$70.00 ,"AFN 5,935,448","AFN 1,350","خریداری مخلوط کن ظرفشویی, وال کاک , واشر , نوار طفلون و سرش سلیکان به تعمیرللندر 5",,,22-Apr-25,105,,,,,,
توسط عرش الله,"$94,481 ",$18.43 ,,$70.00 ,"AFN 5,936,738","AFN 1,290","خریداری سمنت سفید , سرش سلیکان , نان شب اسکواتور کار و آب معدنی و نوشابه به دریوران و اسکواتور کار تعمیر للندر 5",,,22-Apr-25,106,,,,,,
توسط عرش الله,"$94,488 ",$7.14 ,,$70.00 ,"AFN 5,937,238",AFN 500,خریداری سکا لیدر به تعمیرللندر 5,,,22-Apr-25,107,,,,,,
توسط عرش الله,"$94,489 ",$0.86 ,,$70.00 ,"AFN 5,937,298",AFN 60,خریداری پیچ و بکسوانه به تعمیرللندر 5,,,22-Apr-25,108,,,,,,
توسط عرش الله,"$94,703 ",$214.29 ,,$70.00 ,"AFN 5,952,298","AFN 15,000",پرداخت معاش فرید للندر بابت ماه حمل 1404,,,22-Apr-25,109,,,,,,
توسط عرش الله,"$94,704 ",$0.86 ,,$70.00 ,"AFN 5,952,358",AFN 60,خریداری گچ به تعمیرللندر 5,,,23-Apr-25,110,,,,,,
توسط عرش الله,"$94,706 ",$2.29 ,,$70.00 ,"AFN 5,952,518",AFN 160,خریداری پل برش اول به تعمیرللندر 5,,,23-Apr-25,111,,,,,,
توسط عرش الله,"$94,720 ",$14.29 ,,$70.00 ,"AFN 5,953,518","AFN 1,000",خریداری تیل پطرول به موتر کرولا نقره ایی,,,23-Apr-25,112,,,,,,
توسط عرش الله,"$94,722 ",$1.64 ,,$70.00 ,"AFN 5,953,633",AFN 115,"خریداری جالی آبی , برس سیمی و دستکش به تعمیرللندر 5",,,23-Apr-25,113,,,,,,
توسط عرش الله,"$94,726 ",$3.71 ,,$70.00 ,"AFN 5,953,893",AFN 260,"خریداری پیپ 2"" , سیفون 2"" مکمل سه دهن و سرش رازی به تعمیرللندر 5",,,23-Apr-25,114,,,,,,
توسط حاجی صبغت الله,"$94,741 ",$15.43 ,,$70.00 ,"AFN 5,954,973","AFN 1,080","خریداری دبل شیر دهن , شاور و غیره به واحد نمبر 3 کارته سه توسط حاجی صبغت الله",,,23-Apr-25,115,transact,,,,,
توسط حاجی صبغت الله,"$94,806 ",$65.29 ,,$70.00 ,"AFN 5,959,543","AFN 4,570","خریداری میخ ساده 3"" و 4"" و تار رجه به تعمیرللندر 5",,,23-Apr-25,116,,,,,,
توسط حاجی صبغت الله,"$97,481 ","$2,674.29 ",,$70.00 ,"AFN 6,146,743","AFN 187,200",خریداری 400 خریطه سمنت سیستان به تعمیرللندر 5,,,24-Apr-25,117,,,,,,
توسط حاجی صبغت الله,"$98,166 ",$685.71 ,,$70.00 ,"AFN 6,194,743","AFN 48,000",خریداری مواد ضد نم اکومات به تعمیرللندر 5,,,24-Apr-25,118,,,,,,
توسط حاجی صبغت الله,"$98,201 ",$35.00 ,,$70.00 ,"AFN 6,197,193","AFN 2,450","خریداری شاور , مسلم شاور و غیره به واحد های کارته سه ",,,24-Apr-25,119,,,,,,
توسط حاجی صبغت الله,"$98,203 ",$2.14 ,,$70.00 ,"AFN 6,197,343",AFN 150,خریداری کتابچه کهاته چرمی و قلم به تعمیرللندر5,,,24-Apr-25,120,,,,,,
توسط حاجی صبغت الله,"$98,283 ",$79.29 ,,$70.00 ,"AFN 6,202,893","AFN 5,550",خریداری سیم جستی یک میلی به تعمیرللندر 5,,,24-Apr-25,121,,,,,,
توسط عرش الله,"$98,423 ",$140.00 ,,$70.00 ,"AFN 6,212,693","AFN 9,800",پرداخت برای compaction ( کمپکشن) تعمیرللندر 5 و کرای انتقال کرن بابت سیخ قطع کن های برقی به کارته سه ,,,24-Apr-25,122,,,,,,
توسط عرش الله,"$100,284 ","$1,860.86 ","$1,843 ",$70.00 ,"AFN 6,213,943","AFN 1,250",خریداری بیل و سیخ ولدینگ به تعمیرللندر 5,,,24-Apr-25,123,,,,,,
توسط حاجی صبغت الله,"$100,298 ",$14.86 ,,$70.00 ,"AFN 6,214,983","AFN 1,040","خریداری متر , تار رجه کلان , جکش , متر خورد, میخ و اسپری به تعمیرللندر 5",,,26-Apr-25,124,,,,,,
توسط حاجی صبغت الله,"$100,395 ",$96.86 ,,$70.00 ,"AFN 6,221,763","AFN 6,780",خریداری پلاستیک ایرانی به تعمیرللندر 5,,,26-Apr-25,125,,,,,,
توسط حاجی صبغت الله,"$100,399 ",$4.14 ,,$70.00 ,"AFN 6,222,053",AFN 290,"خریداری اسپری , توش و کچ نجاری آهنی به تعمیرللندر 5",,,26-Apr-25,126,,,,,,
توسط حاجی صبغت الله,"$100,407 ",$7.71 ,,$70.00 ,"AFN 6,222,593",AFN 540,خریداری میخ ایرانی به تعمیرللندر 5 ,,,26-Apr-25,127,,,,,,
توسط حاجی صبغت الله,"$100,750 ",$342.86 ,,$70.00 ,"AFN 6,246,593","AFN 24,000",خریداری مواد ضد نم به تعمیرللندر 5,,,26-Apr-25,128,,,,,,
توسط حاجی صبغت الله,"$100,793 ",$42.86 ,,$70.00 ,"AFN 6,249,593","AFN 3,000",خریداری کیبل 3/6 ملی مغان اصلی به تعمیرللندر 5,,,28-Apr-25,129,,,,,,
توسط حاجی صبغت الله,"$100,904 ",$111.43 ,,$70.00 ,"AFN 6,257,393","AFN 7,800",خریداری کنجاره و سبوس به گلباغ ,,,28-Apr-25,130,,,,,,
توسط حاجی صبغت الله,"$101,061 ",$157.14 ,,$70.00 ,"AFN 6,268,393","AFN 11,000",خریداری موتور 5.5 HP به ماشین سیخ خم کن تعمیرللندر 5,,,28-Apr-25,131,,,,,,
توسط ثناالله,"$101,061 ",$0.00 ,,$70.00 ,"AFN 6,268,393",AFN 0,پرداخت برای انجنیر قدیر نبوی بابت دیزائین بیرونی نما تعمیرللندر 5,,,28-Apr-25,132,,,,,,
توسط رفیع الله,"$101,061 ",$0.00 ,,$70.00 ,"AFN 6,268,393",AFN 0,پرداخت برای شرکت آریا ترک بابت قرارداد کانکریت ریزی تعمیرللندر 5,,,30-Apr-25,133,,,,,,
توسط رفیع الله,"$101,061 ",$0.00 ,,$70.50 ,"AFN 6,268,393",AFN 0,پرداخت برای شرکت زم زم فولاد از درک قرارداد 150 تن خرید سیخ گول به تعمیرللندر 5,,,5-May-25,134,,,,,,
توسط بلال,"$108,450 ","$7,388.09 ",,$70.50 ,"AFN 6,789,253","AFN 520,860",پرداخت برای خریداری تخته 18 ملی پلایوت به تعمیرللندر 5,,,5-May-25,135,,,,,,
توسط رفیع الله,"$110,350 ","$1,900.00 ",,$70.50 ,"AFN 6,923,203","AFN 133,950",پرداخت برای بادام گل بابت کندن کاری تهکو تعمیرللندر 5 مبلغ 1900$ معادل به افغانی,,,5-May-25,136,,,,,,
توسط عرش الله,"$110,352 ",$1.99 ,,$70.20 ,"AFN 6,923,343",AFN 140,خریداری دستکش به تعمیرللندر 5,,,6-May-25,137,,,,,,
توسط حاجی صبغت الله,"$111,352 ","$1,000.00 ",,$70.20 ,"AFN 6,993,543","AFN 70,200",پرداخت برای سید حلیم سعادتی بابت سیم تابی تعمیرللندر 5 مبلغ 1000$ دالر امریکایی معادل به افغانی ,,,6-May-25,138,,,,,,
توسط حاجی صبغت الله,"$111,423 ",$71.23 ,,$70.20 ,"AFN 6,998,543","AFN 5,000",پرداخت برای خریداری وسایل به ماشین سیخ خم کن و اجرت مستری بابت تعمیرللندر 5,,,6-May-25,139,,,,,,
توسط حاجی صبغت الله,"$111,460 ",$37.04 ,,$70.20 ,"AFN 7,001,143","AFN 2,600",پرداخت برای مبایل تبدیلی و فلتر جنراتور ساحه کاری تعمیرللندر5,,,6-May-25,140,,,,,,
توسط حاجی صبغت الله,"$111,522 ",$62.68 ,,$70.20 ,"AFN 7,005,543","AFN 4,400",خریداری کانچه مکمل برقی و اجرت مستری به جنراتور ساحه کاری تعمیرللندر 5,,,6-May-25,141,,,,,,
توسط حاجی صبغت الله,"$111,551 ",$28.49 ,,$70.20 ,"AFN 7,007,543","AFN 2,000",پرداخت اجرت 5 نفر کاریگر از چوک بابت تهکو تعمیرللندر 5,,,6-May-25,142,,,,,,
توسط حاجی صبغت الله,"$111,672 ",$121.08 ,,$70.20 ,"AFN 7,016,043","AFN 8,500",پرداخت برای خریداری سپیسر به سیم تابی تعمیرللندر 5,,,6-May-25,143,,,,,,
توسط حاجی صبغت الله,"$112,272 ",$600.34 ,,$70.20 ,"AFN 7,058,187","AFN 42,144",خریداری سنگ بولدر به کف تعمیرللندر 5 به مقدار 87.80 متر فی متر 480 افغانی,,,6-May-25,144,,,,,,
توسط عرش الله,"$112,272 ",$0.00 ,,$70.20 ,"AFN 7,058,187",AFN 0,پرداخت برای انجنیر مقدس توسط عبدالطارق برادرش بابت طرح نقشه تعمیرللندر 5,,,6-May-25,145,,,,,,
توسط عرش الله,"$112,287 ",$14.25 ,,$70.20 ,"AFN 7,059,187","AFN 1,000",خریداری تیل پطرول به ویبراتور های تعمیرللندر 5,,,6-May-25,146,,,,,,
توسط عرش الله,"$114,135 ","$1,848.70 ","$1,844 ",$70.20 ,"AFN 7,059,517",AFN 330,خریداری تیل پطرول به ویبراتور های تعمیرللندر 5,,,6-May-25,147,,,,,,
توسط عرش الله,"$114,150 ",$14.25 ,,$70.20 ,"AFN 7,060,517","AFN 1,000",پیش پرداخت برای ادریس گارد تعمیرللندر 5 بابت ماه جوزا 1404,,,6-May-25,148,,,,,,
توسط عرش الله,"$114,192 ",$42.74 ,,$70.20 ,"AFN 7,063,517","AFN 3,000",پرداخت اجرت گلکاران و کاریگران کانکریت ریزی شفته تهکوی تعمیرللندر 5,,,6-May-25,149,,,,,,
توسط عرش الله,"$114,591 ",$398.86 ,,$70.20 ,"AFN 7,091,517","AFN 28,000",پرداخت اجرت مکسر کار بابت کانکریت ریزی شفته تهکوی تعمیرللندر 5,,,6-May-25,150,,,,,,
توسط عرش الله,"$114,791 ",$199.43 ,,$70.20 ,"AFN 7,105,517","AFN 14,000",پرداخت برای کرن کار بابت بلند کردن خاک های ریخته شده از کف تهکوی تعمیرللندر 5,,,6-May-25,151,,,,,,
توسط عرش الله,"$114,840 ",$49.86 ,,$70.20 ,"AFN 7,109,017","AFN 3,500","پرداخت برای کرن کار بابت انتقال جنراتور , ماشین سیخ قطع کن و انتقال کانکریت به تعمیرللندر 5",,,6-May-25,152,,,,,,
توسط عرش الله,"$114,850 ",$9.29 ,,$70.00 ,"AFN 7,109,667",AFN 650,خریداری فیوز به تعمیرللندر 5,,,15-May-25,153,,,,,,
توسط عرش الله,"$114,893 ",$42.86 ,,$70.00 ,"AFN 7,112,667","AFN 3,000",خریداری تیل پطرول به موتر کرولا نقره ایی سه بارو موتر لکسس توسط عرش,,,15-May-25,154,,,,,,
توسط عرش الله,"$114,914 ",$21.14 ,,$70.00 ,"AFN 7,114,147","AFN 1,480",خریداری موزه و ساکت به تعمیرللندر 5,,,15-May-25,155,,,,,,
توسط عرش الله,"$116,942 ","$2,028.57 ",,$70.00 ,"AFN 7,256,147","AFN 142,000",پرداخت برای سید حلیم سعادتی بابت سیم تابی تعمیرللندر 5  ,,,15-May-25,156,,,,,,
توسط عرش الله,"$116,947 ",$4.76 ,,$70.00 ,"AFN 7,256,480",AFN 333,پرداخت معاش ادریس ولد دولت گارد تعمیرللندر 5 بابت ماه حمل 1404,,,15-May-25,157,,,,,,
توسط عرش الله,"$117,090 ",$142.86 ,,$70.00 ,"AFN 7,266,480","AFN 10,000",پرداخت معاش ادریس ولد دولت گارد تعمیرللندر 5 بابت ماه ثور 1404,,,15-May-25,158,,,,,,
توسط عرش الله,"$117,114 ",$23.81 ,,$70.00 ,"AFN 7,268,147","AFN 1,667",پیش پرداخت دوم برای ادریس گارد تعمیرللندر 5 بابت ماه جوزا 1404,,,15-May-25,159,,,,,,
توسط حاجی صبغت الله,"$117,128 ",$14.29 ,,$70.00 ,"AFN 7,269,147","AFN 1,000",خریداری تیل پطرول به موتر کرولا نقره ایی,,,16-May-25,160,,,,,,
توسط حاجی صبغت الله,"$117,185 ",$57.14 ,,$70.00 ,"AFN 7,273,147","AFN 4,000",خریداری تیل دیزل به جنراتور تعمیرللندر 5,,,16-May-25,161,,,,,,
توسط حاجی صبغت الله,"$117,248 ",$62.86 ,,$70.00 ,"AFN 7,277,547","AFN 4,400",خریداری پایپ ویبراتور به تعمیرللندر 5,,,16-May-25,162,,,,,,
توسط حاجی صبغت الله,"$117,328 ",$80.00 ,,$70.00 ,"AFN 7,283,147","AFN 5,600",خریداری سیم یک ملی به تعمیرللندر 5,,,17-May-25,163,,,,,,
توسط حاجی صبغت الله,"$117,346 ",$18.00 ,,$70.00 ,"AFN 7,284,407","AFN 1,260","خریداری پل برش , مبلایل سوخته به تعمیرللندر 5",,,17-May-25,164,,,,,,
توسط حاجی صبغت الله,"$117,359 ",$12.86 ,,$70.00 ,"AFN 7,285,307",AFN 900,"خریداری رول , مبلایل سوخته به چرپ کاری تخته های کانکریت تعمیرللندر 5",,,17-May-25,165,,,,,,
توسط حاجی صبغت الله,"$117,373 ",$14.29 ,,$70.00 ,"AFN 7,286,307","AFN 1,000",خریداری تیل پطرول به موتر کرولا نقره ایی,,,17-May-25,166,,,,,,
توسط حاجی صبغت الله,"$117,376 ",$2.86 ,,$70.00 ,"AFN 7,286,507",AFN 200,خریداری مبلایل سوخته به چرپ کاری تخته های کانکریت تعمیرللندر 5,,,18-May-25,167,,,,,,
توسط حاجی صبغت الله,"$117,383 ",$7.14 ,,$70.00 ,"AFN 7,287,007",AFN 500,خریداری تیل پطرول به موتر کرولا نقره ایی,,,18-May-25,168,,,,,,
توسط حاجی صبغت الله,"$117,385 ",$2.27 ,,$70.00 ,"AFN 7,287,166",AFN 159,خریداری گاز مایع به تعمیرللندر 5,,,18-May-25,169,,,,,,
توسط حاجی صبغت الله,"$117,400 ",$14.29 ,,$70.00 ,"AFN 7,288,166","AFN 1,000",خریداری تیل پطرول به موتر کرولا نقره ایی,,,18-May-25,170,,,,,,
توسط حاجی صبغت الله,"$119,293 ","$1,893.57 ","$1,845 ",$70.00 ,"AFN 7,291,566","AFN 3,400",خریداری پیپ ایرانی به تعمیرللندر 5,,,18-May-25,171,,,,,,
توسط حاجی صبغت الله,"$119,297 ",$3.43 ,,$70.00 ,"AFN 7,291,806",AFN 240,خریداری یک کواتر رنگ روغنی به تعمیرللندر 5,,,18-May-25,172,,,,,,
توسط عرش الله,"$119,297 ",$0.00 ,,$70.00 ,"AFN 7,291,806",AFN 0,پرداخت قسط دوم برای شرکت ساختمانی آریا ترک بابت کانکریت ریزی تعمیرللندر 5,,,19-May-25,173,,,,,,
توسط حاجی صبغت الله,"$119,301 ",$4.35 ,,$69.00 ,"AFN 7,292,106",AFN 300,خریداری مبلایل سوخته به چرپ کاری تخته های کانکریت تعمیرللندر 5,,,22-May-25,174,,,,,,
توسط حاجی صبغت الله,"$119,306 ",$4.93 ,,$69.00 ,"AFN 7,292,446",AFN 340,خریداری پلک برق و لابر تیبپ به تعمیرللندر 5,,,22-May-25,175,,,,,,
توسط حاجی صبغت الله,"$119,435 ",$128.99 ,,$69.00 ,"AFN 7,301,346","AFN 8,900",پرداخت برای مبلایل تبدیلی موتر لکسس و هایلکس,,,22-May-25,176,,,,,,
توسط حاجی صبغت الله,"$119,464 ",$28.99 ,,$69.00 ,"AFN 7,303,346","AFN 2,000",خریداری تیل دیزل به جنراتور تعمیرللندر 5,,,24-May-25,177,,,,,,
توسط حاجی صبغت الله,"$119,472 ",$8.41 ,,$69.00 ,"AFN 7,303,926",AFN 580,خریداری موتور کاولر به تعمیرللندر 5,,,24-May-25,178,,,,,,
توسط حاجی صبغت الله,"$119,557 ",$84.78 ,,$69.00 ,"AFN 7,309,776","AFN 5,850",خریداری سیم یک ملی به تعمیرللندر 5,,,24-May-25,179,,,,,,
توسط حاجی صبغت الله,"$119,563 ",$5.80 ,,$69.00 ,"AFN 7,310,176",AFN 400,خریداری سه لیتر مبلایل به تعمیرللندر 5,,,24-May-25,180,,,,,,
توسط حاجی صبغت الله,"$119,577 ",$14.49 ,,$69.00 ,"AFN 7,311,176","AFN 1,000",خریداری تیل پطرول به موتر کرولا نقره ایی,,,24-May-25,181,,,,,,
توسط حاجی صبغت الله,"$119,634 ",$56.38 ,,$69.00 ,"AFN 7,315,066","AFN 3,890",خریداری تیل دیزل به جنراتور تعمیرللندر 5,,,24-May-25,182,,,,,,
توسط عرش الله,"$119,634 ",$0.00 ,,$69.00 ,"AFN 7,315,066",AFN 0,پرداخت قسط سوم برای شرکت ساختمانی آریا ترک بابت کانکریت ریزی تعمیرللندر 5,,,25-May-25,183,,,,,,
توسط حاجی صبغت الله,"$119,637 ",$3.48 ,,$69.00 ,"AFN 7,315,306",AFN 240,خریداری پل چرخ به تعمیرللندر 5,,,27-May-25,184,,,,,,
توسط حاجی صبغت الله,"$119,667 ",$29.83 ,,$69.00 ,"AFN 7,317,364","AFN 2,058",خریداری تیل دیزل به پطرول به جنراتور و ویبراتور های تعمیرللندر 5,,,27-May-25,185,,,,,,
توسط حاجی صبغت الله,"$119,682 ",$14.49 ,,$69.00 ,"AFN 7,318,364","AFN 1,000",خریداری تیل پطرول به موتر کرولا نقره ایی  ,,,27-May-25,186,,,,,,
توسط حاجی صبغت الله,"$119,684 ",$2.17 ,,$69.00 ,"AFN 7,318,514",AFN 150,خریداری مسلم شاور توسط حاجی صبغت ا,,,27-May-25,187,,,,,,
توسط حاجی صبغت الله,"$119,686 ",$2.17 ,,$69.00 ,"AFN 7,318,664",AFN 150,خریداری گاز مایع به تعمیرللندر 5,,,27-May-25,188,,,,,,
توسط حاجی صبغت الله,"$122,708 ","$3,021.74 ",,$69.00 ,"AFN 7,527,164","AFN 208,500",پرداخت برای سید حلیم سعادتی بابت قالبکاری تعمیرللندر 5 مبلغ سه هزاردالر معادل به افغانی,,,28-May-25,189,,,,,,
توسط حاجی صبغت الله,"$122,788 ",$80.29 ,,$69.00 ,"AFN 7,532,704","AFN 5,540",خریداری تیل دیزل به جنراتور و ویبراتور های تعمیرللندر 5,,,1-Jun-25,190,,,,,,
توسط حاجی صبغت الله,"$122,796 ",$7.54 ,,$69.00 ,"AFN 7,533,224",AFN 520,خریداری دستکش به تعمیرللندر 5,,,1-Jun-25,191,,,,,,
توسط حاجی صبغت الله,"$122,810 ",$14.49 ,,$69.00 ,"AFN 7,534,224","AFN 1,000",پرداخت برای ترمیم موتر کرولا نقره ایی,,,1-Jun-25,192,,,,,,
توسط حاجی صبغت الله,"$122,825 ",$14.49 ,,$69.00 ,"AFN 7,535,224","AFN 1,000",خریداری تیل پطرول به موتر کرولا نقره ایی,,,1-Jun-25,193,,,,,,
توسط حاجی صبغت الله,"$122,827 ",$2.32 ,,$69.00 ,"AFN 7,535,384",AFN 160,خریداری گاز به تعمیرللندر 5,,,1-Jun-25,194,,,,,,
توسط حاجی صبغت الله,"$124,673 ","$1,846.00 ","$1,846 ",$69.00 ,"AFN 7,535,384",AFN 0,خریداری کاک سقفی به تعمیرللندر 5,,,1-Jun-25,195,,,,,,
توسط بلال,"$125,006 ",$333.33 ,,$69.00 ,"AFN 7,558,384","AFN 23,000",پرداخت برای ترمیم موتر لکسس توسط حاجی بلال ,,,2-Jun-25,196,,,,,,
توسط حاجی صبغت الله,"$125,138 ",$131.88 ,,$69.00 ,"AFN 7,567,484","AFN 9,100",خریداری مسیخ ساده و میخ فولادی و دستکش به تعمیرللندر 5,,,4-Jun-25,197,,,,,,
توسط حاجی صبغت الله,"$127,696 ","$2,557.97 ",,$69.00 ,"AFN 7,743,984","AFN 176,500",خریداری تخته چوپ خار به تعمیرللندر 5,,,4-Jun-25,198,,,,,,
توسط حاجی صبغت الله,"$127,696 ",$0.00 ,,$69.00 ,"AFN 7,743,984",AFN 0,خریداری دو پایه ویبراتور به تعمیرللندر 5,,,4-Jun-25,199,,,,,,
توسط حاجی صبغت الله,"$127,910 ",$214.29 ,,$70.00 ,"AFN 7,758,984","AFN 15,000",پرداخت معاش فرید للندر بابت ماه جوزا 1404,,,5-Jun-25,200,,,,,,
توسط حاجی صبغت الله,"$128,125 ",$214.29 ,,$70.00 ,"AFN 7,773,984","AFN 15,000",پرداخت معاش 18 روزه وحید الله ولد حبیب الله بابت ماه حمل 1404,,,5-Jun-25,201,,,,,,
توسط حاجی صبغت الله,"$128,482 ",$357.14 ,,$70.00 ,"AFN 7,798,984","AFN 25,000",پرداخت معاش وحید الله ولد حبیب الله بابت ماه ثور 1404,,,5-Jun-25,202,,,,,,
توسط حاجی صبغت الله,"$128,620 ",$138.24 ,,$70.00 ,"AFN 7,808,661","AFN 9,677",پرداخت معاش شریف الله ولد فیض محمد بابت ماه ثور 1404,,,5-Jun-25,203,,,,,,
توسط حاجی صبغت الله,"$128,710 ",$89.61 ,,$70.00 ,"AFN 7,814,934","AFN 6,273",پرداخت برای خبازی عصر بابت خریداری نان خشک به تعمیرللندر5 ماه می 2025,,,5-Jun-25,204,,مربوط به پروزه نیست,,,,
توسط حاجی صبغت الله,"$128,731 ",$21.74 ,,$69.00 ,"AFN 7,816,434","AFN 1,500",پرداخت اجرت گلکار بابت تعمیرللندر 5,,,6-Jun-25,205,,,,,,
توسط حاجی صبغت الله,"$128,949 ",$217.39 ,,$69.00 ,"AFN 7,831,434","AFN 15,000",پرداخت برای مصارف ختم قرانکریم,,,6-Jun-25,206,,,,,,
توسط حاجی صبغت الله,"$129,036 ",$86.96 ,,$69.00 ,"AFN 7,837,434","AFN 6,000",پرداخت اجرت کرایه خوازه تعمیرللندر 5,,,6-Jun-25,207,,,,,,
توسط حاجی صبغت الله,"$129,073 ",$37.68 ,,$69.00 ,"AFN 7,840,034","AFN 2,600",پرداخت برای مبلایل تبدیلی جنراتور تعمیرللندر 5 ,,,9-Jun-25,208,,,,,,
توسط حاجی صبغت الله,"$130,073 ","$1,000.00 ",,$70.00 ,"AFN 7,910,034","AFN 70,000",پرداخت برای سید حلیم سعادتی بابت سیم تابی تعمیرللندر 5,,,10-Jun-25,209,,,,,,
توسط حاجی صبغت الله,"$130,116 ",$42.86 ,,$70.00 ,"AFN 7,913,034","AFN 3,000",خریداری تیل پطرول به موتر کرولا نقره ایی و تیل دیزل به جنراتور تعمیرللندر 5,,,11-Jun-25,210,,,,,,
توسط حاجی صبغت الله,"$130,202 ",$85.71 ,,$70.00 ,"AFN 7,919,034","AFN 6,000",خریداری سیم 1.5 ملی به تعمیرللندر 5,,,13-Jun-25,211,,,,,,
توسط حاجی صبغت الله,"$130,220 ",$18.14 ,,$70.00 ,"AFN 7,920,304","AFN 1,270",خریداری غذا از رستورانت به مهمانی ,,,13-Jun-25,212,,,,,,
توسط حاجی صبغت الله,"$130,280 ",$60.00 ,,$70.00 ,"AFN 7,924,504","AFN 4,200",خریداری تیل پطرول به موتر کرولا نقره ایی,,,13-Jun-25,213,,,,,,
توسط حاجی صبغت الله,"$130,309 ",$28.57 ,,$70.00 ,"AFN 7,926,504","AFN 2,000",خریداری تیل دیزل به جنراتور تعمیرللندر 5,,,14-Jun-25,214,,,,,,
توسط رفیع الله,"$130,309 ",$0.00 ,,$70.00 ,"AFN 7,926,504",AFN 0,پرداخت برای شرکت آریا ترک بابت کانکریت ریزی تعمیرللندر 5,,,14-Jun-25,215,,,,,,
توسط رفیع الله,"$130,309 ",$0.00 ,,$70.00 ,"AFN 7,926,504",AFN 0,پرداخت برای شرکت زم زم فولاد از درک قرارداد 150 تن خرید سیخ گول به تعمیرللندر 5,,,15-Jun-25,216,,,,,,
توسط رفیع الله,"$130,309 ",$0.00 ,,$70.00 ,"AFN 7,926,504",AFN 0,پرداخت برای شرکت زم زم فولاد از درک قرارداد 150 تن خرید سیخ گول به تعمیرللندر 5,,,17-Jun-25,217,,,,,,
توسط حاجی صبغت الله,"$130,323 ",$14.29 ,,$70.00 ,"AFN 7,927,504","AFN 1,000",خریداری تیل پطرول به موتر کرولا نقره ایی ,,,18-Jun-25,218,,,,,,
توسط حاجی صبغت الله,"$132,227 ","$1,904.14 ","$1,847 ",$70.00 ,"AFN 7,931,504","AFN 4,000",خریداری تیل دیزل به جنراتور تعمیرللندر 5,,,18-Jun-25,219,,,,,,
توسط حاجی صبغت الله,"$132,253 ",$25.71 ,,$70.00 ,"AFN 7,933,304","AFN 1,800",خریداری غذا از رستورانت به مهمانی ,,,18-Jun-25,220,,,,,,
توسط حاجی صبغت الله,"$132,337 ",$84.57 ,,$70.00 ,"AFN 7,939,224","AFN 5,920","خریداری تیل به ویبراتور ها, سیم جستی , گاز مایع , تیل پطرول به کرولا , تیل موتر به هایلکس, دسته بیل , دسته , دستکش , عینک,گاز مایع و سیم جستی به تعمیرللندر 5",,,18-Jun-25,221,,,,,,
توسط حاجی صبغت الله,"$132,448 ",$110.71 ,,$70.00 ,"AFN 7,946,974","AFN 7,750","خریداری تیل تیل دیزل , تیل پطرول گ, رجه خورد,میخ 4"" فولادی و دستکش به تعمیرللندر 5",,,18-Jun-25,222,,,,,,
توسط حاجی صبغت الله,"$132,491 ",$42.86 ,,$70.00 ,"AFN 7,949,974","AFN 3,000",خریداری تیل پطرول به موتر کرولا نقره ایی,,,18-Jun-25,223,,,,,,
توسط حاجی صبغت الله,"$132,996 ",$504.71 ,,$70.00 ,"AFN 7,985,304","AFN 35,330","خریداری جالی راویز , پرده سبز 4 متره , مبلایل,دستکش , سه پلکه ,آب معدنی,قیماق ,میخ ساده , میخ فولادی,میخ 4"" , دستکش و پیپ ویبراتور تعمیرللندر 5",,,18-Jun-25,224,,,,,,
توسط رفیع الله,"$132,996 ",$0.00 ,,$70.00 ,"AFN 7,985,304",AFN 0,پرداخت برای شرکت کانکریت پلانت افغان بابت کانکریت ریزی 33 متر مکعب کانکریت پایه های منزل دوم تعمیرللندر 5,,,18-Jun-25,225,,,,,,
توسط عرش الله,"$133,285 ",$289.29 ,,$70.00 ,"AFN 8,005,554","AFN 20,250","پرداخت برای کاکا بادام گل روز الدین بابت انتقال اموال از قبیل چوب,آهن آلات,سیخ ,خرید جغل بادامی , ریگ شسته به تعمیرللندر 5",,,19-Jun-25,226,,,,,,
توسط عرش الله,"$133,285 ",$0.00 ,,$70.00 ,"AFN 8,005,554",AFN 0,پرداخت برای شرکت زم زم فولاد از درک قرارداد 150 تن خرید سیخ گول به تعمیرللندر 5,,,19-Jun-25,227,,,,,,
توسط عرش الله,"$133,285 ",$0.00 ,,$70.00 ,"AFN 8,005,554",AFN 0,پرداخت برای شرکت آریا ترک بابت کانکریت ریزی تعمیرللندر 5,,,19-Jun-25,228,,,,,,
توسط حاجی صبغت الله,"$134,285 ","$1,000.00 ",,$71.50 ,"AFN 8,077,054","AFN 71,500",پرداخت برای سید حلیم سعادتی از درک سیم تابی تعمیرللندر 5,,,22-Jun-25,229,,,,,,
توسط حاجی صبغت الله,"$134,285 ",$0.00 ,,$71.50 ,"AFN 8,077,054",AFN 0,خریداری چوب چهار تراش به تعمیرللندر 5,,,25-Jun-25,230,,,,,,
توسط ثناالله,"$134,285 ",$0.00 ,,$71.50 ,"AFN 8,077,054",AFN 0,پرداخت برای انجنیر قدیر نبوی بابت دیزائین بیرونی نما تعمیرللندر 5,,,26-Jun-25,231,,,,,,
توسط حاجی صبغت الله,"$134,285 ",$0.00 ,,$71.50 ,"AFN 8,077,054",AFN 0,خریداری کاک سقفی به تعمیرللندر 5,,,27-Jun-25,232,,,,,,
توسط حاجی صبغت الله,"$134,418 ",$132.87 ,,$71.50 ,"AFN 8,086,554","AFN 9,500","خریداری تیل سوپر به ویبراتور ها,تیل دیزل به جنراتور ,تیل پطرول به کرولا نقره ایی, تیل پطرول به موتر هایلکس ",,,28-Jun-25,233,,,,,,
توسط عرش الله,"$134,418 ",$0.00 ,,$71.50 ,"AFN 8,086,554",AFN 0,پرداخت برای شرکت زم زم فولاد از درک قرارداد 150 تن خرید سیخ گول به تعمیرللندر 5,,,28-Jun-25,234,,,,,,
توسط حاجی صبغت الله,"$138,418 ","$4,000.00 ",,$70.00 ,"AFN 8,366,554","AFN 280,000",پرداخت برای سید حلیم سعادتی بعد از حسابی مبلغ 4000$ دالر امریکایی از نزد حاجی صبغت الله برداشت نموده بود که شامل برداشت های راپور قالبکاری سید حلیم گردید,,,28-Jun-25,235,,,,,,
توسط عرش الله,"$138,425 ",$7.14 ,,$70.00 ,"AFN 8,367,054",AFN 500,خریداری تیل سوپر به ویبراتورها و جالی به سرن ریگ زمین دارالامان بخاطر للندر 5,,,30-Jun-25,236,,,,,,
توسط عرش الله,"$138,425 ",$0.00 ,,$70.20 ,"AFN 8,367,054",AFN 0,پرداخت برای شرکت ساختمانی آریا ترک بابت کانکریت ریزی تعمیرللندر 5,,,30-Jun-25,237,,,,,,
توسط حاجی صبغت الله,"$139,425 ","$1,000.00 ",,$70.20 ,"AFN 8,437,254","AFN 70,200",پرداخت برای سید حلیم سعادتی توسط حاجی صبغت الله مبلغ یک هزار دالر معادل به افغانی,,,30-Jun-25,238,,,,,,
توسط حاجی صبغت الله,"$139,491 ",$65.53 ,,$70.20 ,"AFN 8,441,854","AFN 4,600",خریداری لوبیا به دفترو تعمیرللندر 5,,,2-Jul-25,239,,,,,,
توسط حاجی صبغت الله,"$140,050 ",$559.83 ,,$70.20 ,"AFN 8,481,154","AFN 39,300",پرداخت برای روزالدین بابت خریداری های سمنت به تعمیرللندر 5,,,2-Jul-25,240,,,,,,
توسط حاجی صبغت الله,"$140,353 ",$302.28 ,,$70.20 ,"AFN 8,502,374","AFN 21,220",خریداری مواد شوینده به واحد های کارته سه توسط حاجی صبغت الله,,,2-Jul-25,241,,,,,,
توسط حاجی صبغت الله,"$140,395 ",$42.74 ,,$70.20 ,"AFN 8,505,374","AFN 3,000",خریداری تیل دیزل به جنراتور تعمیرللندر 5,,,2-Jul-25,242,,,,,,
توسط حاجی صبغت الله,"$142,286 ","$1,890.74 ","$1,848 ",$70.20 ,"AFN 8,508,374","AFN 3,000",خریداری تیل پطرول به موتر هایلکس,,,2-Jul-25,243,,,,,,
توسط حاجی صبغت الله,"$144,093 ","$1,806.98 ",,$70.20 ,"AFN 8,635,224","AFN 126,850","خریداری سیم جریدار 2/1.5 ,3/2.5 , لین کمره و کلمپ 8 ملی به تعمیرللندر 5",,,2-Jul-25,244,,,,,,
توسط حاجی صبغت الله,"$144,107 ",$14.25 ,,$70.20 ,"AFN 8,636,224","AFN 1,000",خریداری تیل پطرول به موتر کرولا نقره ایی ,,,3-Jul-25,245,,,,,,
توسط حاجی صبغت الله,"$144,109 ",$1.42 ,,$70.20 ,"AFN 8,636,324",AFN 100,خریداری گاز مایع به تعمیرللندر 5,,,3-Jul-25,246,,,,,,
توسط حاجی صبغت الله,"$144,115 ",$6.41 ,,$70.20 ,"AFN 8,636,774",AFN 450,خریداری دستکش به تعمیرللندر 5,,,3-Jul-25,247,,,,,,
توسط حاجی صبغت الله,"$144,122 ",$7.12 ,,$70.20 ,"AFN 8,637,274",AFN 500,خریداری تیل سوپر به ویبراتور های تعمیرللندر 5,,,3-Jul-25,248,,,,,,
توسط رفیع الله,"$144,122 ",$0.00 ,,$69.80 ,"AFN 8,637,274",AFN 0,پرداخت برای شرکت ساختمانی آریا ترک بابت کانکریت ریزی تعمیرللندر 5,,,3-Jul-25,249,,,,,,
توسط حاجی صبغت الله,"$144,122 ",$0.00 ,,$69.80 ,"AFN 8,637,274",AFN 0,خریداری کاک سقفی به تعمیرللندر 5,,,5-Jul-25,250,,,,,,
توسط حاجی صبغت الله,"$144,408 ",$285.71 ,,$70.00 ,"AFN 8,657,274","AFN 20,000",پرداخت برای نورالدین بابت سیم تابی تعمیرللندر 5,,,5-Jul-25,251,,,,,,
توسط حاجی صبغت الله,"$145,408 ","$1,000.00 ",,$70.00 ,"AFN 8,727,274","AFN 70,000",پرداخت برای نورالدین بابت سیم تابی تعمیرللندر 5 مبلغ یک هزار دالر معادل به افغانی,,,5-Jul-25,252,,,,,,
توسط حاجی صبغت الله,"$145,557 ",$149.31 ,,$70.00 ,"AFN 8,737,726","AFN 10,452",پرداخت معاش شریف الله ولد فیض محمد بابت ماه جوزا 1404,,,6-Jul-25,253,,,,,,
توسط حاجی صبغت الله,"$145,615 ",$57.58 ,,$68.60 ,"AFN 8,741,676","AFN 3,950","خریداری گوشت سرخی , گوشت گوساله,گوشت مرغ به تعمیرللندر 5",,,7-Jul-25,254,,,,,,
توسط حاجی صبغت الله,"$145,663 ",$48.10 ,,$68.60 ,"AFN 8,744,976","AFN 3,300",خریداری تیل دیزل به جنراتور تعمیرللندر 5,,,7-Jul-25,255,,,,,,
توسط حاجی صبغت الله,"$145,692 ",$29.15 ,,$68.60 ,"AFN 8,746,976","AFN 2,000",خریداری تیل پطرول به موتر کرولا نقره ایی,,,7-Jul-25,256,,,,,,
توسط حاجی صبغت الله,"$145,773 ",$80.76 ,,$68.60 ,"AFN 8,752,516","AFN 5,540","خریداری کیل 2/2.5 ملی , سه ساکته سقفی و پلک ایرانی به تعمیرللندر 5",,,7-Jul-25,257,,,,,,
توسط حاجی صبغت الله,"$145,812 ",$39.07 ,,$68.60 ,"AFN 8,755,196","AFN 2,680",خریداری تیل دیزل به جنراتور تعمیرللندر 5,,,7-Jul-25,258,,,,,,
توسط حاجی صبغت الله,"$145,848 ",$36.44 ,,$68.60 ,"AFN 8,757,696","AFN 2,500",خریداری تیل پطرول به موتر کرولا نقره ایی بتاریخ های مختلف ,,,7-Jul-25,259,,,,,,
توسط حاجی صبغت الله,"$145,934 ",$85.15 ,,$68.70 ,"AFN 8,763,546","AFN 5,850","خریداری دستکش , میخ 4"" و میخ فولادی به تعمیرللندر 5",,,8-Jul-25,260,,,,,,
توسط حاجی صبغت الله,"$145,939 ",$5.53 ,,$68.70 ,"AFN 8,763,926",AFN 380,خریداری رجه خورد به تعمیرللندر 5,,,8-Jul-25,261,,,,,,
توسط حاجی صبغت الله,"$145,988 ",$48.91 ,,$68.70 ,"AFN 8,767,286","AFN 3,360",خریداری مکرونی به واحد های تعمیرکارته سه توسط حاجی صبغت الله,,,8-Jul-25,262,,,,,,
توسط حاجی صبغت الله,"$145,990 ",$1.74 ,,$68.90 ,"AFN 8,767,406",AFN 120,خریداری گچ سیلنگ به تعمیرللندر 5,,,10-Jul-25,263,,,,,,
توسط حاجی صبغت الله,"$146,269 ",$279.54 ,,$68.90 ,"AFN 8,786,666","AFN 19,260",خریداری خشت سفالی به تعمیرللندر 5,,,10-Jul-25,264,,,,,,
توسط حاجی صبغت الله,"$146,349 ",$79.83 ,,$68.90 ,"AFN 8,792,166","AFN 5,500",خریداری برمه 25 ملی رولکس به تعمیرللندر 5,,,10-Jul-25,265,,,,,,
توسط حاجی صبغت الله,"$146,567 ",$217.42 ,,$68.90 ,"AFN 8,807,146","AFN 14,980",خریداری خشت سفالی به تعمیرللندر 5,,,10-Jul-25,266,,,,,,
توسط حاجی صبغت الله,"$148,470 ","$1,903.35 ","$1,849 ",$69.00 ,"AFN 8,810,896","AFN 3,750",خریداری تایرویل و توپ به تعمیرللندر 5,,,11-Jul-25,267,,,,,,
توسط حاجی صبغت الله,"$148,480 ",$10.43 ,,$69.00 ,"AFN 8,811,616",AFN 720,خریداری بیل گول به تعمیرللندر 5,,,11-Jul-25,268,,,,,,
توسط حاجی صبغت الله,"$148,488 ",$7.25 ,,$69.00 ,"AFN 8,812,116",AFN 500,خریداری تیل پطرول به موتر کرولا نقره ایی,,,11-Jul-25,269,,,,,,
توسط حاجی صبغت الله,"$148,541 ",$53.62 ,,$69.00 ,"AFN 8,815,816","AFN 3,700",خریداری تیل پطرول به موتر هایلکس,,,11-Jul-25,270,,,,,,
توسط حاجی صبغت الله,"$148,599 ",$57.97 ,,$69.00 ,"AFN 8,819,816","AFN 4,000",خریداری تیل دیزل به جنراتور تعمیرللندر 5,,,11-Jul-25,271,,,,,,
توسط حاجی صبغت الله,"$148,909 ",$309.71 ,,$69.00 ,"AFN 8,841,186","AFN 21,370",خریداری سمنت چرات به تعمیرللندر 5,,,12-Jul-25,272,,,,,,
توسط حاجی صبغت الله,"$149,005 ",$96.09 ,,$69.00 ,"AFN 8,847,816","AFN 6,630","خریداری بیل اصلی , گچ و پیپ سنایا اصلی به تعمیرللندر 5",,,12-Jul-25,273,,,,,,
توسط حاجی صبغت الله,"$149,035 ",$30.43 ,,$69.00 ,"AFN 8,849,916","AFN 2,100",خریداری شش رخه و سیم 1.5 ملی به تعمیرللندر 5,,,12-Jul-25,274,,,,,,
توسط حاجی صبغت الله,"$149,088 ",$52.90 ,,$69.00 ,"AFN 8,853,566","AFN 3,650",خریداری سمنت به تعمیرللندر 5,,,12-Jul-25,275,,,,,,
توسط حاجی صبغت الله,"$149,102 ",$13.62 ,,$69.00 ,"AFN 8,854,506",AFN 940,"خریداری گلماله , موزه و دستکش به تعمیرللندر 5",,,12-Jul-25,276,,,,,,
توسط حاجی صبغت الله,"$149,104 ",$2.46 ,,$69.00 ,"AFN 8,854,676",AFN 170,خریداری سیم جستی به تعمیرللندر 5,,,12-Jul-25,277,,,,,,
توسط حاجی صبغت الله,"$149,183 ",$78.26 ,,$69.00 ,"AFN 8,860,076","AFN 5,400","خریداری نل 32 PPR زانو خم 32 , سه دهن , زانو خم چوری دار , وال مکمل , نوار طفلون , دبل پیچ و غیره به تعمیرللندر 5",,,12-Jul-25,278,,,,,,
توسط حاجی صبغت الله,"$149,183 ",$0.00 ,,$69.00 ,"AFN 8,860,076",AFN 0,خریداری کاک سقفی به تعمیرللندر 5,,,12-Jul-25,279,,,,,,
توسط حاجی صبغت الله,"$149,217 ",$34.20 ,,$69.00 ,"AFN 8,862,436","AFN 2,360",خریداری مواد بهداشی به واحد های تعمیرکارته سه توسط حاجی صبغت الله,,,13-Jul-25,280,,,,,,
توسط حاجی صبغت الله,"$150,173 ",$956.52 ,,$69.00 ,"AFN 8,928,436","AFN 66,000",خریداری سودا به واحد تعمیرکارته سه توسط حاجی صبغت الله,,,13-Jul-25,281,,,,,,
توسط حاجی صبغت الله,"$153,068 ","$2,894.36 ",,$69.10 ,"AFN 9,128,436","AFN 200,000",پرداخت برای نورالدین بابت سیم تابی تعمیرللندر 5,,,13-Jul-25,282,,,,,,
توسط حاجی صبغت الله,"$153,856 ",$788.71 ,,$69.10 ,"AFN 9,182,936","AFN 54,500",پرداخت برای نورالدین بابت سیم تابی تعمیرللندر 5,,,13-Jul-25,283,,,,,,
توسط حاجی صبغت الله,"$153,870 ",$14.01 ,,$69.10 ,"AFN 9,183,904",AFN 968,پرداخت معاش شمس الدین ولد قمرالدین بابت ماه سرطان 1404,,,14-Jul-25,284,,,,,,
توسط حاجی صبغت الله,"$153,884 ",$14.01 ,,$69.10 ,"AFN 9,184,872",AFN 968,پرداخت معاش شکرالله ولد محی الدین بابت ماه سرطان 1404,,,14-Jul-25,285,,,,,,
توسط حاجی صبغت الله,"$153,898 ",$14.01 ,,$69.10 ,"AFN 9,185,840",AFN 968,پرداخت معاش حشمت الله ولد نعمت الله بابت ماه سرطان 1404,,,14-Jul-25,286,,,,,,
توسط رفیع الله,"$153,898 ",$0.00 ,,$69.10 ,"AFN 9,185,840",AFN 0,پرداخت برای شرکت ساختمانی آریا ترک بابت کانکریت ریزی تعمیرللندر 5,,,16-Jul-25,287,,,,,,
توسط حاجی صبغت الله,"$155,398 ","$1,500.00 ",,$69.10 ,"AFN 9,289,490","AFN 103,650",پرداخت برای عبدالله بابت خشت کاری تعمیرللندر 5 دالر معادل به افغانی,,,17-Jul-25,288,,,,,,
توسط حاجی صبغت الله,"$157,080 ","$1,681.13 ",,$69.10 ,"AFN 9,405,656","AFN 116,166",پرداخت برای کاکا بادام گل  روزالدین بابت خریداری خشت اول به تعمیرللندر 5 ,,,17-Jul-25,289,,,,,,
توسط حاجی صبغت الله,"$157,649 ",$569.46 ,,$69.10 ,"AFN 9,445,006","AFN 39,350",پرداخت برای کاکا بادام گل  روزالدین بابت خریداری خشت اول به تعمیرللندر 5 ,,,17-Jul-25,290,,,,,,
توسط حاجی صبغت الله,"$163,623 ","$5,974.46 ","$1,850 ",$69.10 ,"AFN 9,730,006","AFN 285,000",پرداخت بتاریخ های مختلف در ساحه کاری به روزالدین بابت کندن کاری تهکوی تعمیرللندر 5,,,17-Jul-25,291,,,,,,
توسط عرش الله,"$163,623 ",$0.00 ,,$69.10 ,"AFN 9,730,006",AFN 0,پرداخت برای شرکت زم زم فولاد از درک خریداری سیخ گول به تعمیرللندر 5,,,17-Jul-25,292,,,,,,
توسط حاجی صبغت الله,"$163,623 ",$0.00 ,,$69.10 ,"AFN 9,730,006",AFN 0,پرداخت برای شرکت فراز آژمان بابت خریداری کاک سقفی به تعمیرللندر 5 از مجموع 2011$ دالر ,,,17-Jul-25,293,,,,,,
توسط حاجی صبغت الله,"$163,732 ",$109.01 ,,$68.80 ,"AFN 9,737,506","AFN 7,500","خریداری کیبل 2/2.5 کیبل 3/6 , هواکش ,آلیژن و لابرتیب به تعمیرللندر 5",,,24-Jul-25,294,,,,,,
توسط حاجی صبغت الله,"$164,721 ",$988.37 ,,$68.80 ,"AFN 9,805,506","AFN 68,000",پرداخت برای کاکا بادام گل  روزالدین بابت خریداری خشت اول به تعمیرللندر 5 ,,,24-Jul-25,295,,,,,,
توسط حاجی صبغت الله,"$164,808 ",$87.21 ,,$68.80 ,"AFN 9,811,506","AFN 6,000",پرداخت اجرت روز مزد نور محمد خوازه کار بابت تعمیرللندر 5,,,24-Jul-25,296,,,,,,
توسط حاجی صبغت الله,"$164,953 ",$145.35 ,,$68.80 ,"AFN 9,821,506","AFN 10,000",پرداخت برای سفر برقی بابت تعمیرللندر 5,,,24-Jul-25,297,,,,,,
توسط حاجی صبغت الله,"$165,535 ",$581.40 ,,$68.80 ,"AFN 9,861,506","AFN 40,000",پرداخت برای عبدالله بابت خشت کاری تعمیرللندر 5 ,,,24-Jul-25,298,,,,,,
توسط حاجی صبغت الله,"$165,593 ",$58.14 ,,$68.80 ,"AFN 9,865,506","AFN 4,000",پرداخت برای سرن کردن ریگ زمین دارالامان بخاطر للندر 5,,,24-Jul-25,299,,,,,,
توسط حاجی صبغت الله,"$165,982 ",$388.95 ,,$68.80 ,"AFN 9,892,266","AFN 26,760","خریداری ها به تاریخ های مختلف توسط حاجی صبغت الله به تعمیرللندر 5 از قبیل تیل جنراتور,میخ فولادی ,دستکش , میخ ساده ,گاز مایع ,تیل دیزل,سیم جستی , تیل سوپر به ویبراتور ها,زانو خم , سرش , پیپ ,مخلوط کن,گچ ساده ,تیل پطرول ,تیل دیزل , سیم جستی به تعمیرللندر ",,,26-Jul-25,300,,,,,,
توسط حاجی صبغت الله,"$170,421 ","$4,438.81 ",,$68.80 ,"AFN 10,197,656","AFN 305,390","خریداری ها به تاریخ های مختلف توسط حاجی صبغت الله به تعمیرللندر 5 تیل پطرول , برس کلان , مبلایل , مسلم شاور , نیچه, مخلوط کن , چوچه وال , پیچکش , موزه  , دس پنا,گلگل, سرش , سمنت سفید ,پایپ ,جین بکس,بیل , دسته بیل,جالی,چسپ , پل چرخ,لابرتیب و سمنت چرات به تعمیرللندر 5",,,26-Jul-25,301,,,,,,
توسط حاجی صبغت الله,"$173,017 ","$2,596.15 ",,$68.80 ,"AFN 10,376,271","AFN 178,615","خریداری ها به تاریخ های مختلف توسط حاجی صبغت الله به تعمیرللندر 5 از قبیل , پرده سبز , گچ , مواد خوراکه, خشت سفالی ,گچ 25 کیلویی,تیل دیزل , دولچه , بیل ,پیتزا به مهمانان,تیل پطرول به موتر کرولا,گاز مایع,بست خوازه,تیل پطرول به موتر هایلکس,بست خوازه ,دس پنا و جالی سبز به تعمیرللندر 5",,,26-Jul-25,302,,,,,,
توسط حاجی صبغت الله,"$174,087 ","$1,070.58 ",,$68.80 ,"AFN 10,449,927","AFN 73,656","خریداری گاز مایع ,تیل پطرول,غذا به مهمانان از رستورانت ,نت خوازه , کارت تلفون به حاجی صبغت الله,مواد خوراکه ,گاز مایع, خشت سفالی , تیل پطرول ,بامیه ,فلتر دیزل برقی, مبلایل, اجرت مستری جنراتور,گاز مایع,پلک و سر پلکی و مبلایل آلوین مکس به ویبراتور های تعمیرللندر 5",,,26-Jul-25,303,,,,,,
توسط حاجی صبغت الله,"$174,087 ",$0.00 ,,$68.80 ,"AFN 10,449,927",AFN 0,پرداخت برای خریداری کاک سقفی به تعمیرللندر 5,,,26-Jul-25,304,,,,,,
توسط حاجی صبغت الله,"$174,087 ",$0.00 ,,$68.80 ,"AFN 10,449,927",AFN 0,پرداخت برای شرکت فراز آژمان بابت خریداری کاک سقفی به تعمیرللندر 5 از بل نمبر 494,,,28-Jul-25,305,,,,,,
توسط حاجی صبغت الله,"$174,087 ",$0.00 ,,$68.80 ,"AFN 10,449,927",AFN 0,پرداخت برای شرکت فراز آژمان بابت خریداری کاک سقفی به تعمیرللندر 5 بل نمبر 503,,,28-Jul-25,306,,,,,,
توسط حاجی صبغت الله,"$175,487 ","$1,400.00 ",,$68.85 ,"AFN 10,546,317","AFN 96,390",پرداخت برای نورالدین بابت سیم تابی تعمیرللندر 5 مبلغ چهارده صد دالر امریکایی معادل به افغانی,,,29-Jul-25,307,,,,,,
توسط عرش الله,"$176,940 ","$1,452.43 ",,$68.85 ,"AFN 10,646,317","AFN 100,000",پرداخت برای نورالدین بابت سیم تابی تعمیرللندر 5 مبلغ ,,,29-Jul-25,308,,,,,,
توسط رفیع الله,"$176,940 ",$0.00 ,,$68.85 ,"AFN 10,646,317",AFN 0,پرداخت برای شرکت زم زم فولاد بابت خریداری سیخ گول به تعمیرللندر 5 از رسید مشتری واحد نمبر A19 للندر 3,,,29-Jul-25,309,,,,,,
توسط حاجی صبغت الله,"$177,449 ",$509.51 ,,$68.85 ,"AFN 10,681,397","AFN 35,080",پرداخت برای خریداری جالی راویز به تعمیرللندر 5 ,,,31-Jul-25,310,,,,,,
توسط حاجی صبغت الله,"$177,813 ",$363.11 ,,$68.85 ,"AFN 10,706,397","AFN 25,000",پرداخت معاش انجنیروحید الله ولد حبیب الله بابت ماه جوزا 1404,,,31-Jul-25,311,,,,,,
توسط حاجی صبغت الله,"$178,176 ",$363.11 ,,$68.85 ,"AFN 10,731,397","AFN 25,000",پرداخت معاش انجنیروحید الله ولد حبیب الله بابت ماه سرطان 1404,,,31-Jul-25,312,,,,,,
توسط حاجی صبغت الله,"$178,575 ",$399.71 ,,$68.85 ,"AFN 10,758,917","AFN 27,520",پرداخت برای عبدالله خشت کار بابت تعمیرللندر 5,,,31-Jul-25,313,,,,,,
توسط حاجی صبغت الله,"$178,628 ",$52.68 ,,$68.85 ,"AFN 10,762,544","AFN 3,627",پرداخت برای خبازی عصر بابت خریداری نان خشک به تعمیرللندر5 ماه جون 2025,,,31-Jul-25,314,,,,,,
,"$180,479 ","$1,851.00 ","$1,851 ",$68.85 ,"AFN 10,762,544",AFN 0,پرداخت برای شرکت زم زم استیل بابت خریداری سیخ گول به تعمیرللندر 5,,,3-Aug-25,315,,,,,,
توسط حاجی صبغت الله,"$180,479 ",$0.00 ,,$68.85 ,"AFN 10,762,544",AFN 0,پرداخت برای خریداری تکت طیاره به حاجی صاحب کلان و فامیل حاجی جاویدالله از کابل الی ترکیه,,,7-Aug-25,316,,,,,,
توسط حاجی صبغت الله,"$180,804 ",$324.53 ,,$68.90 ,"AFN 10,784,904","AFN 22,360","خریداری مواد ساختمانی به تاریخ های مختلف از قبیل , غذا از رستورانت , ترمیم جنراتور ,تیل پطرول به موتر ها , تیل دیزل به جنراتور ,سیخ ولدینگ,گچ ساده و غیره",,,7-Aug-25,317,,,,,,
توسط حاجی صبغت الله,"$180,804 ",$0.00 ,,$68.90 ,"AFN 10,784,904",AFN 0,پرداخت برای شرکت ساختمانی آریا ترک بابت کانکریت ریزی تعمیرللندر 5,,,7-Aug-25,318,,,,,,
توسط رفیع الله,"$180,804 ",$0.00 ,,$68.90 ,"AFN 10,784,904",AFN 0,پرداخت برای شرکت ساختمانی آریا ترک بابت کانکریت ریزی تعمیرللندر 5,,,7-Aug-25,319,,,,,,
,"$181,790 ",$986.94 ,,$68.90 ,"AFN 10,852,904","AFN 68,000",پردخت برای کاکا بادام گل روز الدین بابت خریداری خشت اول به تعمیرللندر 5 از جمع آوری ماه سرطان باغ قاضی,,,7-Aug-25,320,,,,,,
توسط حاجی صبغت الله,"$182,790 ","$1,000.00 ",,$68.40 ,"AFN 10,921,304","AFN 68,400",پرداخت برای نورالدین بابت سیم تابی و قالبکاری تعمیرللندر 5,,,12-Aug-25,321,,,,,,
,"$184,106 ","$1,315.79 ",,$68.40 ,"AFN 11,011,304","AFN 90,000",پرداخت برای روزالدین توسط کاکا بادام گل بابت خریداری خشت اول به تعمیرللندر 5,,,14-Aug-25,322,,,,,,
توسط حاجی صبغت الله,"$185,306 ","$1,200.00 ",,$68.40 ,"AFN 11,093,384","AFN 82,080",پرداخت برای عبدالله خشت کار بابت تعمیرللندر 5 ,,,14-Aug-25,323,,,,,,
,"$185,606 ",$299.71 ,,$68.40 ,"AFN 11,113,884","AFN 20,500",پرداخت برای علی یاور بابت راویز کاری تعمیرللندر 5,,,14-Aug-25,324,,,,,,
,"$186,043 ",$436.68 ,,$68.70 ,"AFN 11,143,884","AFN 30,000",پرداخت برای نورالدین بابت سیم تابی و قالبکاری تعمیرللندر 5,,,18-Aug-25,325,,,,,,
,"$186,133 ",$90.06 ,,$68.40 ,"AFN 11,150,044","AFN 6,160",پرداخت برای نور محمد خوازه کار بابت اجرت روزانه و 270 متر مربع نصب خوازه به تعمیرللندر 5 تصفیه حساب مکمل بسته کاری خوازه به تعمیرللندر 5,,,21-Aug-25,326,,,,,,
,"$186,279 ",$146.20 ,,$68.40 ,"AFN 11,160,044","AFN 10,000",پرداخت برای انجنیر جواد بابت سیستم برق تعمیرللندر 5 ,,,21-Aug-25,327,,,,,,
,"$186,571 ",$292.40 ,,$68.40 ,"AFN 11,180,044","AFN 20,000",پرداخت برای عبدالله خشت کار بابت تعمیرللندر 5,,,21-Aug-25,328,,,,,,
,"$187,660 ","$1,089.18 ",,$68.40 ,"AFN 11,254,544","AFN 74,500","پرداخت برای کاکا بادام گل بابت خریداری خشت اول به تعمیرللندر 5 بل نمبر های 143,144,145,148,149",,,21-Aug-25,329,,,,,,
,"$187,778 ",$117.91 ,,$68.40 ,"AFN 11,262,609","AFN 8,065",پرداخت معاش ادریس ولد دولت بابت ماه جوزا 1404,,,25-Aug-25,330,,,,,,
,"$187,812 ",$33.17 ,,$68.40 ,"AFN 11,264,878","AFN 2,269",پرداخت معاش ادریس ولد دولت بابت ماه سرطان 1404,,,25-Aug-25,331,,,,,,
,"$187,954 ",$142.82 ,,$68.40 ,"AFN 11,274,647","AFN 9,769",پرداخت معاش ادریس ولد دولت بابت ماه اسد 1404,,,25-Aug-25,332,,,,,,
,"$188,130 ",$175.44 ,,$68.40 ,"AFN 11,286,647","AFN 12,000",پرداخت معاش شریف الله ولد فیض محمد بابت ماه سرطان 1404,,,25-Aug-25,333,,,,,,
,"$188,153 ",$23.39 ,,$68.40 ,"AFN 11,288,247","AFN 1,600",پیش پرداخت برای شریف الله ولد فیض محمد بابت ماه اسد 1404,,,25-Aug-25,334,,,,,,
,"$188,305 ",$152.05 ,,$68.40 ,"AFN 11,298,647","AFN 10,400",پرداخت معاش شریف الله ولد فیض محمد بابت ماه اسد 1404,,,25-Aug-25,335,,,,,,
,"$188,305 ",$0.00 ,,$68.40 ,"AFN 11,298,647",AFN 0,پرداخت برای شرکت زم زم استیل بابت خریداری سیخ گول به تعمیرللندر 5,,,25-Aug-25,336,,,,,,
توسط حاجی صبغت الله,"$189,910 ","$1,604.97 ",,$68.40 ,"AFN 11,408,427","AFN 109,780","خریداری ها به تاریخ های مختلف توسط حاجی صبغت الله از قبیل , جین کلفت,پیچ برنجی,کیبل 2/1.5, سیم جریدار ,ترکاری ,میوه خشک,پرده سبز,فلتر دیزلی,دسته فلزکاری, سمنت سفید ,پودر سنگ,سرش سلیکان , پودر سنگ ,قفل ,سرش سلیکان,دستکش,دبل 7 نمبر,سنگ چرخ, مبلایل,تانکی لیلیتر,ترمیم سرکلوشن ,ترمیم جنراتور,نوار تفلون,برشنگ , سامی , بست 40 , بست 90, اشتت ,زانوخم,سامی , کپ , سیفون , نل 2"" ,نوار تفلون , و بطری به جنراتور تعمیرللندر 5",,,25-Aug-25,337,,,,,,
توسط حاجی صبغت الله,"$190,047 ",$137.06 ,,$68.40 ,"AFN 11,417,802","AFN 9,375","خریداری ها به تاریخ های مختلف توسط حاجی صبغت الله از قبیل , مواد غذایی , جوس به مهمانان , گاز مایع,سیخ ولدینگ, گچ و پلک برق به تعمیرللندر 5",,,25-Aug-25,338,,,,,,
توسط حاجی صبغت الله,"$192,475 ","$2,427.58 ","$1,852 ",$68.40 ,"AFN 11,457,172","AFN 39,370","خریداری ها به تاریخ های مختلف توسط حاجی صبغت الله به تعمیرللندر 5 از قبیل , تیل دیزل به جنراتور, سیخ ولدینگ , سیم جستی , پل برمه , تیل پطرول به موتر کرولا و موتر هایلکس , بابت تعمیرللندر 5",,,25-Aug-25,339,,,,,,
,"$192,533 ",$58.39 ,,$68.50 ,"AFN 11,461,172","AFN 4,000",خریداری تیل پطرول به موتر هایلکس,,,27-Aug-25,340,,,,,,
,"$192,571 ",$37.37 ,,$68.50 ,"AFN 11,463,732","AFN 2,560",پرداخت برای مبلایل تبدیلی جنراتور تعمیرللندر 5 ,,,27-Aug-25,341,,,,,,
,"$192,591 ",$20.44 ,,$68.50 ,"AFN 11,465,132","AFN 1,400",خریداری غذا از رستورانت به مهمانان حاجی رفیع الله و کرای موتر بریالی ,,,27-Aug-25,342,,,,,,
,"$192,737 ",$145.99 ,,$68.50 ,"AFN 11,475,132","AFN 10,000",پیش پرداخت برای نعمان ولد عصمت الله بابت سیستم سرد کننده تعمیرللندر 5,,,28-Aug-25,343,,,,,,
,"$193,321 ",$583.94 ,,$68.50 ,"AFN 11,515,132","AFN 40,000",پرداخت برای علی یاور بابت راویز کاری تعمیرللندر 5,,,28-Aug-25,344,,,,,,
,"$193,540 ",$218.98 ,,$68.50 ,"AFN 11,530,132","AFN 15,000",پرداخت برای محمد جواد بدست ابراهیم بابت ویرینگ و سیستم برق تعمیرللندر 5,,,28-Aug-25,345,,,,,,
,"$193,978 ",$437.96 ,,$68.50 ,"AFN 11,560,132","AFN 30,000",پرداخت برای عبدلله بابت خشت کاری تعمیرللندر 5,,,28-Aug-25,346,,,,,,
,"$194,343 ",$364.96 ,,$68.50 ,"AFN 11,585,132","AFN 25,000",پرداخت معاش وحید الله ولد حبیب الله بابت ماه اسد 1404,,,28-Aug-25,347,,,,,,
,"$194,562 ",$218.98 ,,$68.50 ,"AFN 11,600,132","AFN 15,000",پرداخت معاش احمد فرید ولد علاالدین بابت ماه اسد 1404,,,28-Aug-25,348,,,,,,
,"$194,581 ",$18.83 ,,$68.50 ,"AFN 11,601,422","AFN 1,290",پرداخت معاش سرور ولد طالب بابت ماه سرطان 1404,,,28-Aug-25,349,,,,,,
,"$194,727 ",$145.99 ,,$68.50 ,"AFN 11,611,422","AFN 10,000",پرداخت معاش سرور ولد طالب بابت ماه اسد 1404,,,28-Aug-25,350,,,,,,
,"$197,646 ","$2,919.71 ",,$68.50 ,"AFN 11,811,422","AFN 200,000",پرداخت برای شرکت هرات الکتریک از درک بل نمبر 915 بابت خریداری سیم جریدار سیم آنتن به تعمیرللندر 5,,,28-Aug-25,351,,,,,,
,"$198,084 ",$437.96 ,,$68.50 ,"AFN 11,841,422","AFN 30,000",پرداخت از درک خرید بل نمبر 70 جالی راویز به تعمیرللندر 5,,,28-Aug-25,352,,,,,,
,"$198,113 ",$28.28 ,,$68.50 ,"AFN 11,843,359","AFN 1,937",پرداخت برای ترمیم نانکر آب ,,,28-Aug-25,353,,,,,,
,"$198,259 ",$145.99 ,,$68.50 ,"AFN 11,853,359","AFN 10,000",پرداخت معاش هارون ولد فضل الرحمن بابت ماه ثور 1404,,,28-Aug-25,354,,,,,,
,"$198,405 ",$145.99 ,,$68.50 ,"AFN 11,863,359","AFN 10,000",پرداخت معاش هارون ولد فضل الرحمن بابت ماه جوزا 1404,,,28-Aug-25,355,,,,,,
,"$198,551 ",$145.99 ,,$68.50 ,"AFN 11,873,359","AFN 10,000",پرداخت معاش هارون ولد فضل الرحمن بابت ماه سرطان 1404,,,28-Aug-25,356,,,,,,
,"$198,697 ",$145.99 ,,$68.50 ,"AFN 11,883,359","AFN 10,000",پرداخت معاش هارون ولد فضل الرحمن بابت ماه اسد 1404,,,28-Aug-25,357,,,,,,
,"$198,719 ",$22.19 ,,$68.50 ,"AFN 11,884,879","AFN 1,520",خریداری پایپ و سامی و مواد نلدوانی ,,,28-Aug-25,358,,,,,,
,"$199,141 ",$421.90 ,,$68.50 ,"AFN 11,913,779","AFN 28,900","خریداری بل ها بتاریخ های مختلف توسط حاجی صبغت الله به تعمیرللندر 5 از قبیل پل چرخ 10ملی , تیل پطرول,تیل دیزل,کپ , فیوز,تیل پطرول, گاز مایع , پرزه جات به جنراتور",,,28-Aug-25,359,,,,,,
,"$199,423 ",$282.57 ,,$68.50 ,"AFN 11,933,135","AFN 19,356","خریداری بل ها بتاریخ های مختلف توسط حاجی صبغت الله به تعمیرللندر 5 از قبیل چسپ , تیل دیزل به جنراتور,پرزه جات به ترمیم جنراتور,سیخ ولدینگ , کیبل تای,مبلایل تبدیلی موتر هایلکس, مبلایل تبدیلی موتر لکسس,دبل فلزی ",,,28-Aug-25,360,,,,,,
,"$199,423 ",$0.00 ,,$68.50 ,"AFN 11,933,135",AFN 0,پرداخت برای شرکت ساختمانی آریا ترک بابت کانکریت ریزی تعمیرللندر 5,,,1-Sep-25,361,,,,,,
,"$199,452 ",$29.20 ,,$68.50 ,"AFN 11,935,135","AFN 2,000",پیش پرداخت برای شریف الله ولد فیض محمد بابت ماه سنبله 1404,,,2-Sep-25,362,,,,,,
,"$201,533 ","$2,080.88 ","$1,853 ",$68.50 ,"AFN 11,950,745","AFN 15,610","پرداخت برای نوار کاری , برش کاری تختها, خریداری چینل , قفل الماری, دستگیره , پیچ سیاه, سرش فوری , پل قفل, قابک جای کیبل, پایه میزو خریداری تخته 16 ملی همراه پول جوالی و کرای تکسی",,,2-Sep-25,363,,,,,,
,"$201,592 ",$58.39 ,,$68.50 ,"AFN 11,954,745","AFN 4,000",خریداری تیل پطرول به موتر هایلکس,,,2-Sep-25,364,,,,,,
,"$201,629 ",$37.37 ,,$68.50 ,"AFN 11,957,305","AFN 2,560",پرداخت برای مبلایل تبدیلی جنراتور تعمیرللندر 5 ,,,2-Sep-25,365,,,,,,
,"$201,650 ",$20.44 ,,$68.50 ,"AFN 11,958,705","AFN 1,400",خریداری غذا از رستورانت برای مهمانان و کرای موتر توسط بریالی ,,,2-Sep-25,366,,,,,,
,"$201,877 ",$227.88 ,,$68.50 ,"AFN 11,974,315","AFN 15,610","پرداخت برای نوار کاری و برش کاری تخته های میز دفتر, خریداری چینل , قفل الماری,دستگیره خورد, دستگیره کلان, پیچ سیاه,سرش فوری,پل قفل , قابک,جای کیبل , پایه میز و خریداری تخته 16 ملی همراه با پول جوالی و کرای تکسی ",,,3-Sep-25,367,,,,,,
,"$202,753 ",$875.91 ,,$68.50 ,"AFN 12,034,315","AFN 60,000","پرداخت برای کاکا بادام گل بابت خریداری خشت اول به تعمیرللندر 5 بل نمبر های 150,204,205,206,207,208",,,4-Sep-25,368,,,,,,
,"$203,337 ",$583.94 ,,$68.50 ,"AFN 12,074,315","AFN 40,000",پرداخت برای عبدالله خشت کار بابت تعمیرللندر 5,,,4-Sep-25,369,,,,,,
,"$203,439 ",$102.19 ,,$68.50 ,"AFN 12,081,315","AFN 7,000",پرداخت برای احمد سالم بابت سرن کاری ریگ های زمین دارالامان به تعمیرللندر 5,,,4-Sep-25,370,,,,,,
,"$204,922 ","$1,482.48 ",,$68.50 ,"AFN 12,182,865","AFN 101,550",پرداخت برای شرکت هرات الکتریک و تصفیه بل نمبر 915 بابت خریداری سیم جریدار به تعمیرللندر 5,,,4-Sep-25,371,,,,,,
,"$205,222 ",$300.00 ,,$68.50 ,"AFN 12,203,415","AFN 20,550",پرداخت برای نعمان ولد عصمت الله بابت سیستم سرد کننده تعمیرللندر 5,,,4-Sep-25,372,,,,,,
,"$205,228 ",$6.42 ,,$68.50 ,"AFN 12,203,855",AFN 440,"خریداری رنگ روغنی , ضد زنگ , تینر و برس 2"" به رنگمالی چوکات میز دفتر",,,4-Sep-25,373,,,,,,
,"$205,230 ",$1.61 ,,$68.50 ,"AFN 12,203,965",AFN 110,خریداری آب معدنی و مصاله بریانی به دفتر,,,4-Sep-25,374,,,,,,
,"$205,237 ",$7.30 ,,$68.50 ,"AFN 12,204,465",AFN 500,خریداری گوشت مرغ به آشپزخانه دفتر للندر 5,,,4-Sep-25,375,,,,,,
,"$205,238 ",$0.58 ,,$68.50 ,"AFN 12,204,505",AFN 40,خریداری نت و بولت به تعمیرللندر 5,,,4-Sep-25,376,,,,,,
,"$205,378 ",$139.93 ,,$68.50 ,"AFN 12,214,090","AFN 9,585",خریداری تیل دیزل به جنراتور تعمیرللندر 5,,,4-Sep-25,377,,,,,,
,"$205,385 ",$7.30 ,,$68.50 ,"AFN 12,214,590",AFN 500,خریداری گوشت مرغ به دفتر کارته سه,,,4-Sep-25,378,,,,,,
,"$205,389 ",$3.65 ,,$68.50 ,"AFN 12,214,840",AFN 250,خریداری بوره و چای به دفتر,,,4-Sep-25,379,,,,,,
,"$205,391 ",$2.04 ,,$68.50 ,"AFN 12,214,980",AFN 140,خریداری مصاله بریانی و جوس سن ایچ به مهمانان دفتر,,,4-Sep-25,380,,,,,,
,"$205,398 ",$7.30 ,,$68.50 ,"AFN 12,215,480",AFN 500,خریداری گاز مایع به آشپزخانه دفتر کارته سه ,,,4-Sep-25,381,,,,,,
,"$205,404 ",$6.28 ,,$68.50 ,"AFN 12,215,910",AFN 430,"خریداری مصاله قورمه , نمک چینایی, بوره و رومی به آشپزخانه کارته سه",,,4-Sep-25,382,,,,,,
,"$205,617 ",$212.99 ,,$68.50 ,"AFN 12,230,500","AFN 14,590","خریداری فلنج , پیچ برمه, توش, پیچ 6ملی, 10 ملی , دبل 7 و غیره به تعمیرللندر 5",,,4-Sep-25,383,,,,,,
,"$205,620 ",$2.92 ,,$68.50 ,"AFN 12,230,700",AFN 200,خریداری دو کواتر مبلایل ایرانی به ویبراتور های تعمیرللندر 5,,,4-Sep-25,384,,,,,,
,"$205,622 ",$1.90 ,,$68.50 ,"AFN 12,230,830",AFN 130,خریداری گچ 25 کیلویی به تعمیرللندر 5,,,4-Sep-25,385,,,,,,
,"$205,625 ",$2.41 ,,$68.50 ,"AFN 12,230,995",AFN 165,خریداری گاز مایع به دفتر,,,5-Sep-25,386,,,,,,
,"$207,508 ","$1,883.20 ","$1,854 ",$68.50 ,"AFN 12,232,995","AFN 2,000",خریداری تیل پطرول به موتر کرولا نقره ایی,,,5-Sep-25,387,,,,,,
,"$207,514 ",$6.57 ,,$68.50 ,"AFN 12,233,445",AFN 450,خریداری تخته لاسانی سفید به میز دفتر,,,6-Sep-25,388,,,,,,
,"$207,514 ",$0.00 ,,$68.50 ,"AFN 12,233,445",AFN 0,پرداخت برای شرکت زم زم استیل بابت خریداری سیخ گول به تعمیرللندر 5,,,6-Sep-25,389,,,,,,
,"$207,517 ",$2.19 ,,$68.50 ,"AFN 12,233,595",AFN 150,خریداری زلفی به تعمیرللندر 5,,,6-Sep-25,390,,,,,,
,"$207,573 ",$56.06 ,,$68.50 ,"AFN 12,237,435","AFN 3,840","خریداری پرزه جات به جنراتور از قبیل فلتر مبلایل , سرکی لیلیترو غیره به تعمیرللندر 5",,,6-Sep-25,391,,,,,,
,"$207,574 ",$1.31 ,,$68.50 ,"AFN 12,237,525",AFN 90,خریداری گچ خورد به تعمیرللندر 5,,,6-Sep-25,392,,,,,,
,"$207,588 ",$14.60 ,,$68.50 ,"AFN 12,238,525","AFN 1,000",خریداری تیل پطرول به موتر کرولا نقره ایی,,,6-Sep-25,393,,,,,,
,"$207,591 ",$2.54 ,,$68.50 ,"AFN 12,238,699",AFN 174,خریداری گاز مایع به تعمیرللندر 5,,,7-Sep-25,394,,,,,,
,"$207,593 ",$1.75 ,,$68.50 ,"AFN 12,238,819",AFN 120,خریداری گاز مایع به تعمیرللندر 5,,,7-Sep-25,395,,,,,,
,"$207,607 ",$14.60 ,,$68.50 ,"AFN 12,239,819","AFN 1,000",خریداری تیل پطرول به موتر کرولا نقره ایی,,,7-Sep-25,396,,,,,,
,"$207,652 ",$44.67 ,,$68.50 ,"AFN 12,242,879","AFN 3,060","خریداری مواد خوراکه به آشپزخانه کارته سه از قبیل کچالو, پیاز,روغن, نمک, روب,آچار,زردچوبه و مایع ظرفشویی بابت تعمیرللندر۵",,,10-Sep-25,397,,,,,,
,"$207,657 ",$4.60 ,,$68.50 ,"AFN 12,243,194",AFN 315,"خریداری یک بوتل روغن مایع , کچالو و گاز مایع به دفتر",,,10-Sep-25,398,,,,,,
,"$207,678 ",$21.02 ,,$68.50 ,"AFN 12,244,634","AFN 1,440",پرداخت برای خریداری نان خشک به دفترکارته سه بابت ماه آگست 2025,,,11-Sep-25,399,,,,,,
,"$207,685 ",$7.49 ,,$68.50 ,"AFN 12,245,147",AFN 513,پرداخت برای خبازی عبدالمطلب بغلانی بابت خریداری نان خشک به دفترکارته سه ,,,11-Sep-25,400,,,,,,
,"$207,750 ",$64.38 ,,$68.50 ,"AFN 12,249,557","AFN 4,410",پرداخت برای خبازی عبدالمطلب بغلانی بابت خریداری نان خشک به تعمیرللندر 5,,,11-Sep-25,401,,,,,,
,"$207,757 ",$7.30 ,,$68.50 ,"AFN 12,250,057",AFN 500,پرداخت برای انجنیر وحید الله صدیقی بابت فعال نمودن انترنت مبایل,,,11-Sep-25,402,,,,,,
,"$207,844 ",$87.59 ,,$68.50 ,"AFN 12,256,057","AFN 6,000",پیش پرداخت برای انجنیر وحید الله بابت ماه سنبله 1404,,,11-Sep-25,403,,,,,,
,"$207,990 ",$145.99 ,,$68.50 ,"AFN 12,266,057","AFN 10,000",پیش پرداخت برای محمد ابراهیم بابت گچ کاری تعمیرللندر 5,,,11-Sep-25,404,,,,,,
,"$208,024 ",$33.37 ,,$68.50 ,"AFN 12,268,343","AFN 2,286",پرداخت برای خبازی عصر بابت خریداری نان خشک به تعمیرللندر 5 بابت ماه آگست 2025,,,11-Sep-25,405,,,,,,
,"$208,322 ",$298.25 ,,$68.50 ,"AFN 12,288,773","AFN 20,430",پرداخت برای نورالدین بابت سیم تابی و قالبکاری تعمیرللندر 5,,,11-Sep-25,406,,,,,,
,"$208,978 ",$655.47 ,,$68.50 ,"AFN 12,333,673","AFN 44,900",پرداخت برای کاکا بادام گل بابت خریداری خشت اول و گل زرد به گچ کاری  تعمیرللندر 5 ,,,11-Sep-25,407,,,,,,
,"$209,021 ",$43.80 ,,$68.50 ,"AFN 12,336,673","AFN 3,000",پرداخت برای نعمان ولد عصمت الله بابت سیستم سرد کننده تعمیرللندر 5,,,11-Sep-25,408,,,,,,
,"$209,313 ",$291.97 ,,$68.50 ,"AFN 12,356,673","AFN 20,000",پرداخت برای عبدالله بابت خشت کاری تعمیرللندر 5,,,11-Sep-25,409,,,,,,
,"$209,386 ",$72.99 ,,$68.50 ,"AFN 12,361,673","AFN 5,000",پرداخت برای انجنیر جواد بابت سیستم برق تعمیرللندر 5 ,,,11-Sep-25,410,,,,,,
,"$211,811 ","$2,424.34 ","$1,855 ",$68.50 ,"AFN 12,400,673","AFN 39,000",پرداخت برای خریدای گچ سفید به تعمیرللندر 5,,,11-Sep-25,411,,,,,,
,"$211,824 ",$13.14 ,,$68.50 ,"AFN 12,401,573",AFN 900,خریداری چارچر type C برای کمپیوتر سمیرللندر,,,11-Sep-25,412,,,,,,
,"$211,889 ",$65.69 ,,$68.50 ,"AFN 12,406,073","AFN 4,500",خریداری تیل پطرول به موتر هایلکس,,,11-Sep-25,413,,,,,,
,"$211,948 ",$58.39 ,,$68.50 ,"AFN 12,410,073","AFN 4,000",خریداری تیل دیزل به جنراتور تعمیرللندر 5,,,11-Sep-25,414,,,,,,
,"$212,057 ",$109.49 ,,$68.50 ,"AFN 12,417,573","AFN 7,500",خریداری فلتر آب تصفه کن به دفتر,,,11-Sep-25,415,,,,,,
,"$212,060 ",$2.92 ,,$68.50 ,"AFN 12,417,773",AFN 200,خریداری گاز مایع به دفتر,,,11-Sep-25,416,,,,,,
,"$212,082 ",$21.75 ,,$68.50 ,"AFN 12,419,263","AFN 1,490","خریداری پنج بولت , ترموستات,سرش,واشر و غیره به ترمیم جنراتورتعمیرللندر 5",,,11-Sep-25,417,,,,,,
,"$212,082 ",$0.44 ,,$68.50 ,"AFN 12,419,293",AFN 30,خریداری عینک به تعمیرللندر 5,,,11-Sep-25,418,,,,,,
,"$212,095 ",$12.41 ,,$68.50 ,"AFN 12,420,143",AFN 850,خریداری رنگ پرنتر به دفتر,,,11-Sep-25,419,,,,,,
,"$212,102 ",$7.30 ,,$68.50 ,"AFN 12,420,643",AFN 500,خریداری کارت مبایل به رایگان نمودن سیم کارت تلفون فرید للندر,,,13-Sep-25,420,,,,,,
,"$212,136 ",$33.58 ,,$68.50 ,"AFN 12,422,943","AFN 2,300",پرداخت فیس انترنت واحد B19 تعمیرگذرگاه بخاطر مهمانان AIR BNB ,,,13-Sep-25,421,,,,,,
,"$212,161 ",$25.55 ,,$68.50 ,"AFN 12,424,693","AFN 1,750",خریداری سیم جستی 1.5 ملی به تعمیرللندر 5,,,13-Sep-25,422,,,,,,
,"$212,167 ",$5.84 ,,$68.50 ,"AFN 12,425,093",AFN 400,خریداری فیوز 20 امپیر به تعمیرللندر5,,,13-Sep-25,423,,,,,,
,"$212,170 ",$2.63 ,,$68.50 ,"AFN 12,425,273",AFN 180,خریداری گاز مایع به دفتر,,,13-Sep-25,424,,,,,,
,"$212,319 ",$149.26 ,,$68.50 ,"AFN 12,435,497","AFN 10,224",خریداری تیل دیزل به جنراتور تعمیرللندر 5,,,13-Sep-25,425,,,,,,
,"$212,322 ",$3.07 ,,$68.50 ,"AFN 12,435,707",AFN 210,"خریداری گوتک , انرژی و آب معدنی به دفتر",,,13-Sep-25,426,,,,,,
,"$212,344 ",$21.90 ,,$68.50 ,"AFN 12,437,207","AFN 1,500",پرداخت برای ترمیم جنراتور تعمیرللندر 5,,,14-Sep-25,427,,,,,,
,"$212,369 ",$24.82 ,,$68.50 ,"AFN 12,438,907","AFN 1,700",خریداری روتر به انترنت ,,,14-Sep-25,428,,,,,,
,"$212,380 ",$11.68 ,,$68.50 ,"AFN 12,439,707",AFN 800,پرداخت اجرت مزد دو روزه نورآغا بابت تعمیرللندر5,,,15-Sep-25,429,,,,,,
,"$212,383 ",$2.92 ,,$68.50 ,"AFN 12,439,907",AFN 200,"خریداری بادنجان رومی,مرچ تازه , بادرنگ و نارنج به دفتر",,,15-Sep-25,430,,,,,,
,"$212,413 ",$29.20 ,,$68.50 ,"AFN 12,441,907","AFN 2,000",خریداری تیل پطرول به موتر کرولا نقره ایی,,,15-Sep-25,431,,,,,,
,"$212,413 ",$0.73 ,,$68.50 ,"AFN 12,441,957",AFN 50,خریداری بوره به دفتر,,,15-Sep-25,432,,,,,,
,"$212,456 ",$42.92 ,,$68.50 ,"AFN 12,444,897","AFN 2,940","خریداری کیبل 3/6 فیوز, سه فاز 32 امپیر به تعمیرللندر5",,,15-Sep-25,433,,,,,,
,"$212,654 ",$197.66 ,,$68.50 ,"AFN 12,458,437","AFN 13,540","خریداری فلنج,کشی فلنج, سرش سلیکان,پیچ کاه دار, نوک پیچکش و توش به تعمیرللندر5",,,15-Sep-25,434,,,,,,
,"$214,574 ","$1,920.23 ","$1,856 ",$68.50 ,"AFN 12,462,837","AFN 4,400",خریداری آلیژن از جام الکتریک به تعمیرللندر5,,,15-Sep-25,435,,,,,,
,"$214,727 ",$153.28 ,,$68.50 ,"AFN 12,473,337","AFN 10,500",خریداری بست موتروسه فاز به ماشین سیخ قطع کن تعمیرللندر 5,,,15-Sep-25,436,,,,,,
,"$215,406 ",$678.83 ,,$68.50 ,"AFN 12,519,837","AFN 46,500",خریداری چینل المونیمی به نورخطی سیستم نوردهی آپارتمان های للندر 5,,,15-Sep-25,437,,,,,,
,"$215,471 ",$65.04 ,,$68.50 ,"AFN 12,524,292","AFN 4,455",خیرداری شیر تازه به خانه حاجی صاحب صبغت الله ,,,15-Sep-25,438,,,,,,
,"$216,048 ",$576.91 ,,$68.50 ,"AFN 12,563,810","AFN 39,518",پرداخت تعرفه 33 متر جایداد دولتی تعمیرباغ قاضی بابت ماه اسد 1404,,,15-Sep-25,439,,,,,,
,"$216,050 ",$1.68 ,,$68.50 ,"AFN 12,563,925",AFN 115,خریداری بامیه و بادنجان رومی به دفتر,,,16-Sep-25,440,,,,,,
,"$216,058 ",$7.74 ,,$68.50 ,"AFN 12,564,455",AFN 530,خریداری روغن مایع به آشپزخانه دفتر,,,16-Sep-25,441,,,,,,
,"$216,087 ",$29.20 ,,$68.50 ,"AFN 12,566,455","AFN 2,000",پرداخت برای مصراف غذا انجنران توسط حاجی صبغت الله ,,,16-Sep-25,442,,,,,,
,"$216,130 ",$43.07 ,,$68.50 ,"AFN 12,569,405","AFN 2,950",خریداری بطری 100 امپیر به موتر لکسس,,,16-Sep-25,443,,,,,,
,"$216,232 ",$102.19 ,,$68.50 ,"AFN 12,576,405","AFN 7,000",پرداخت برای محمد سالم بابت سرن نمودن ریگ های زمین دارلامان به تعمیرللندر5,,,,444,,,,,,
,"$216,292 ",$60.15 ,,$68.50 ,"AFN 12,580,525","AFN 4,120","خریداری اجاق , بالون گاز,پایپ گاز, کرایی,دیگ و گاز مایع به مهمانان واحد B19 تعمیرگذرگاه AIR BNB",,,16-Sep-25,445,,,,,,
,"$216,317 ",$25.11 ,,$68.50 ,"AFN 12,582,245","AFN 1,720","خریداری یک درجن گیلاس , ترموز چای و جک آب خوری به مهمانان تعمیرگذرگاه واحد B19 ARI BNB",,,17-Sep-25,446,,,,,,
,"$216,319 ",$1.90 ,,$68.50 ,"AFN 12,582,375",AFN 130,خریداری تار رجه به تعمیرللندر 5,,,17-Sep-25,447,,,,,,
,"$216,363 ",$43.80 ,,$68.50 ,"AFN 12,585,375","AFN 3,000",خریداری تیل پطرول به موتر لکسس,,,17-Sep-25,448,,,,,,
,"$216,465 ",$102.19 ,,$68.50 ,"AFN 12,592,375","AFN 7,000",پرداخت برای سفر برقی بابت حساب باقیمانده تعمیرگذرگاه للندر 3,,,17-Sep-25,449,,,,,,
,"$216,467 ",$1.75 ,,$68.50 ,"AFN 12,592,495",AFN 120,خریداری اسپری و مارکر به خط اندازی تعمیرللندر5,,,18-Sep-25,450,,,,,,
,"$216,474 ",$7.30 ,,$68.50 ,"AFN 12,592,995",AFN 500,خریداری گوشت مرغ به آشپزخانه دفترکارته سه,,,18-Sep-25,451,,,,,,
,"$216,487 ",$12.26 ,,$68.50 ,"AFN 12,593,835",AFN 840,"پرداخت برای کرای موتربه ریاست آبرسانی بابت سه روز,کرای تکسی به کنترول ساختمانها,فوتوکاپی اسناد پل سرخ ,کارت مبایل به رایگان نمودن سیم کارت و خریداری سگرت و لایتر به حاجی صبغت الله توسط معراج ",,,18-Sep-25,452,,,,,,
,"$216,545 ",$58.39 ,,$68.50 ,"AFN 12,597,835","AFN 4,000",پرداخت برای محمد ابراهیم بابت گچ کاری تعمیرللندر5,,,18-Sep-25,453,,,,,,
,"$216,691 ",$145.99 ,,$68.50 ,"AFN 12,607,835","AFN 10,000",پرداخت برای عبدالله بابب خشت کاری و پلسترکاری تعمیرللندر5,,,18-Sep-25,454,,,,,,
,"$217,159 ",$468.61 ,,$68.50 ,"AFN 12,639,935","AFN 32,100","پرداخت برای کاکا بادام گل بابت خریداری خشت اول به تعمیرللندر 5 بل نمبر های 214,215,219",,,18-Sep-25,455,,,,,,
,"$217,247 ",$87.59 ,,$68.50 ,"AFN 12,645,935","AFN 6,000",پیش پرداخت برای ادریس گارد تعمیرللندر 5 بابت ماه سنبله 1404,,,18-Sep-25,456,,,,,,
,"$218,269 ","$1,021.90 ",,$68.50 ,"AFN 12,715,935","AFN 70,000",پرداخت برای نورالدین بابت سیم تابی و قالبکاری تعمیرللندر 5,,,18-Sep-25,457,,,,,,
,"$218,415 ",$145.99 ,,$68.50 ,"AFN 12,725,935","AFN 10,000",پیش پرداخت برای انجنیر وحید الله بابت ماه سنبله 1404,,,18-Sep-25,458,,,,,,
,"$220,854 ","$2,438.90 ","$1,857 ",$68.50 ,"AFN 12,765,795","AFN 39,860",پرداخت قسط دوم بل خریداری جالی راویز به تعمیرللندر 5,,,18-Sep-25,459,,,,,,
,"$221,149 ",$294.74 ,,$68.50 ,"AFN 12,785,985","AFN 20,190",پرداخت برای ذکریا نلدوان از مجموع باقی مانده مبلغ 79000 مبلغ 20190 افغانی پرداخت گردید و مبلغ 58810 افغانی باقیمانده ,,,20-Sep-25,460,,,,,,
,"$221,178 ",$29.20 ,,$68.50 ,"AFN 12,787,985","AFN 2,000",پیش پرداخت برای شریف الله ولد فیض محمد بابت ماه سنبله 1404,,,20-Sep-25,461,,,,,,
,"$221,308 ",$130.66 ,,$68.50 ,"AFN 12,796,935","AFN 8,950",خریداری تیل دیزل به جنراتور تعمیرللندر 5,,,20-Sep-25,462,,,,,,
,"$221,374 ",$65.69 ,,$68.50 ,"AFN 12,801,435","AFN 4,500",خریداری تیل پطرول به موتر لکسس,,,20-Sep-25,463,,,,,,
,"$221,382 ",$8.03 ,,$68.50 ,"AFN 12,801,985",AFN 550,"خریداری کچالو, پیاز به دفتر",,,20-Sep-25,464,,,,,,
,"$221,621 ",$239.27 ,,$68.50 ,"AFN 12,818,375","AFN 16,390","خریداری مواد خوراکه از قبیل دال نخود, لوبیا, نخود , روغن,بوره,مرچ سیاه,زیره میده,مصاله دیگ,نمک,مایع ظرفشویی و زردچوبه و مرچ سرخ به آشپزخانه کارته سه ",,,20-Sep-25,465,,,,,,
,"$221,629 ",$7.30 ,,$68.50 ,"AFN 12,818,875",AFN 500,"خریداری بوره , لیموو غیره به تعمیرللندر5",,,20-Sep-25,466,,,,,,
,"$221,738 ",$109.64 ,,$68.50 ,"AFN 12,826,385","AFN 7,510",پرداخت فیس داخله مکتب سوفیا طلحه للندر و داخله مکتب و لباس طه للندر ,,,20-Sep-25,467,,,,,,
,"$221,914 ",$175.18 ,,$68.50 ,"AFN 12,838,385","AFN 12,000",پرداخت معاش شریف الله ولد فیض محمد بابت ماه سنبله 1404,,,21-Sep-25,468,,,,,,
,"$221,919 ",$5.84 ,,$68.50 ,"AFN 12,838,785",AFN 400,خریداری جوس به آمر کنترول ساختمانها بابت امر دو متر افزدی منزل نهم تعمیرللندر5,,,21-Sep-25,469,,,,,,
,"$221,942 ",$22.63 ,,$68.50 ,"AFN 12,840,335","AFN 1,550",خریداری گاز مایع به آشپزخانه دفتر کارته سه ,,,21-Sep-25,470,,,,,,
,"$221,949 ",$7.30 ,,$68.50 ,"AFN 12,840,835",AFN 500,"خریداری بوره ,چای خشک و لیمو به تعمیرللندر5",,,21-Sep-25,471,,,,,,
,"$221,988 ",$38.48 ,,$68.50 ,"AFN 12,843,471","AFN 2,636","خریداری سیخ ولدینگ ,دبل 10 ملی و نت و بولت به تعمیرللندر5",,,21-Sep-25,472,,,,,,
,"$221,991 ",$2.77 ,,$68.50 ,"AFN 12,843,661",AFN 190,"خریداری رومی , کچالو,پیاز,روب, گشنیز و مرچ تازه به دفتر",,,21-Sep-25,473,,,,,,
,"$222,224 ",$233.58 ,,$68.50 ,"AFN 12,859,661","AFN 16,000",پرداخت معاش باقیمانده احمد فرید للندر ولد علاالدین بابت ماه سنبله 1404,,,23-Sep-25,474,,,,,,
,"$222,230 ",$6.28 ,,$68.50 ,"AFN 12,860,091",AFN 430,"خریداری برنج شوله ایی , ماش, نوشابه, آب معدنی,ترکاری و مصاله دیگ به دفتر",,,23-Sep-25,475,,,,,,
,"$222,241 ",$10.22 ,,$68.50 ,"AFN 12,860,791",AFN 700,پرداخت اجرت ترمیم جنراتور و ماشین گدام کارته سه ,,,23-Sep-25,476,,,,,,
,"$222,268 ",$27.15 ,,$68.50 ,"AFN 12,862,651","AFN 1,860",خریداری غذا از رستورانت کفتریا به مهمانان تعمیرللندر 5,,,23-Sep-25,477,,,,,,
,"$222,760 ",$491.97 ,,$68.50 ,"AFN 12,896,351","AFN 33,700",پرداخت برای ساخت model house تعمیرللندر 5,,,23-Sep-25,478,,,,,,
,"$222,805 ",$45.55 ,,$68.50 ,"AFN 12,899,471","AFN 3,120",پرداخت برای مبلایل تبدیلی جنراتور تعمیرللندر 5 ,,,23-Sep-25,479,,,,,,
,"$222,856 ",$51.09 ,,$68.50 ,"AFN 12,902,971","AFN 3,500",خریداری تیل پطرول به موتر لکسس,,,24-Sep-25,480,,,,,,
,"$222,859 ",$2.48 ,,$68.50 ,"AFN 12,903,141",AFN 170,"خریداری سیر,مصاله بریانی,مرچ تازه و بادنجان رومی به آشپزخانه کارته سه",,,25-Sep-25,481,,,,,,
,"$222,874 ",$14.60 ,,$68.50 ,"AFN 12,904,141","AFN 1,000",خریداری چینج آور به تعمیرللندر5,,,25-Sep-25,482,,,,,,
,"$224,802 ","$1,928.07 ","$1,858 ",$68.50 ,"AFN 12,908,941","AFN 4,800",خریداری تیل پطرول به موتر هایلکس تعمیرللندر5,,,25-Sep-25,483,,,,,,
,"$224,813 ",$10.95 ,,$68.50 ,"AFN 12,909,691",AFN 750,خریداری گوشت مرغ به آشپزخانه دفترکارته سه,,,25-Sep-25,484,,,,,,
,"$224,882 ",$69.05 ,,$68.50 ,"AFN 12,914,421","AFN 4,730","پرداخت برای مصارف از تاریخ 21 سپتمبر الی 25 سپتمبر 2025 بابت کرای تکسی و کرای موتر به کنترول ساختمانها, مصارف نان چاشت,فوتوکاپی 4 جلد نقشه ها همراه با نقشه فاضلاب منزل نهم تعمیرللندر5 و رشوه برای مدیره اداری پیاده کنترول ساختمانها بابت منزل نهم تعمیرللندر5",,,25-Sep-25,485,,,,,,
,"$225,194 ",$312.41 ,,$68.50 ,"AFN 12,935,821","AFN 21,400",پرداخت برای کاکا بادام گل بابت خریداری خشت اول به تعمیرللندر5 بل نمبر های 220-221,,,25-Sep-25,486,,,,,,
,"$225,252 ",$58.39 ,,$68.50 ,"AFN 12,939,821","AFN 4,000",پرداخت معاش باقیمانده ادریس ولد دولت بابت ماه سنبله 1404,,,25-Sep-25,487,,,,,,
,"$225,544 ",$291.97 ,,$68.50 ,"AFN 12,959,821","AFN 20,000",پرداخت برای عبدالله بابت خشت کاری و پلستر کاری تعمیرللندر5,,,25-Sep-25,488,,,,,,
,"$225,982 ",$437.96 ,,$68.50 ,"AFN 12,989,821","AFN 30,000",پرداخت برای محمد ابراهیم بابت 20% گچ کاری سه منزل اول تعمیرللندر5,,,25-Sep-25,489,,,,,,
,"$226,362 ",$379.56 ,,$68.50 ,"AFN 13,015,821","AFN 26,000",پرداخت برای نورالدین بابت سیم تابی و قالبکاری تعمیرللندر 5,,,25-Sep-25,490,,,,,,
,"$226,508 ",$145.99 ,,$68.50 ,"AFN 13,025,821","AFN 10,000",پرداخت برای محمد شریف بابت سیستم نلدوانی عمومی تعمیرللندر5,,,25-Sep-25,491,,,,,,
,"$226,508 ",$0.00 ,,$68.50 ,"AFN 13,025,821",AFN 0,پرداخت برای شرکت زمزم استیل علی جان بابت خریداری سیخ گول به تعمیرللندر5,,,25-Sep-25,492,,,,,,
,"$226,727 ",$218.98 ,,$68.50 ,"AFN 13,040,821","AFN 15,000",پرداخت برای علی یاور بابت راویز کاری تعمیرللندر 5,,,25-Sep-25,493,براشت های علی یاور الی تاریخ 25 سپتمبر 2025 مبلغ 85000,,,,,
,"$226,858 ",$131.39 ,,$68.50 ,"AFN 13,049,821","AFN 9,000",پرداخت معاش باقیمانده انجنیر وحید الله ولد حبیب الله بابت ماه سنبله 1404,,,25-Sep-25,494,,,,,,
,"$226,882 ",$23.36 ,,$68.50 ,"AFN 13,051,421","AFN 1,600",پرداخت اجرت روز مزد کانکریت ریزی و اموار کاری کانکریت چت منزل هشتم تعمیرللندر5,,,25-Sep-25,495,,,,,,
,"$227,394 ",$512.41 ,,$68.50 ,"AFN 13,086,521","AFN 35,100",پرداخت برای شرکت تولیدی گچ قلب آسیاه بابت خریداری گچ بل نمبر 497 به تعمیرللندر5,,,25-Sep-25,496,,,,,,
,"$227,496 ",$102.19 ,,$68.50 ,"AFN 13,093,521","AFN 7,000",پرداخت برای انجنیر جواد بابت سیستم ویرینگ کاری تعمیرللندر5,,,25-Sep-25,497,,,,,,
,"$227,569 ",$72.99 ,,$68.50 ,"AFN 13,098,521","AFN 5,000",پیش پرداخت برای نعمان بابت ماه سنبله 1404 از درک سیستم سرد کننده تعمیرللندر5 بدست ثابت ,,,25-Sep-25,498,,,,,,
,"$227,569 ",$0.00 ,,$68.50 ,"AFN 13,098,521",AFN 0,پرداخت برای آمر کنترول ساختمانها بابت امر ارتفاع منزل نهم تعمیرللندر5,,,25-Sep-25,499,,,,,,
,"$227,784 ",$214.64 ,,$68.50 ,"AFN 13,113,224","AFN 14,703",پرداخت مصرف بل دفتر و واحد های تعمیرکارته سه بابت دوره 5 میترخوانی 1404,,,25-Sep-25,500,,,,,,
,"$227,822 ",$38.12 ,,$68.50 ,"AFN 13,115,835","AFN 2,611",پرداخت بل برق میتر تعمیرللندر5 بابت دوره میترخوانی 5 سال 1404,,,25-Sep-25,501,,,,,,
,"$227,823 ",$1.46 ,,$68.50 ,"AFN 13,115,935",AFN 100,"خریداری کچالو, رومی ,پیاز و مرچ تازه به دفتر",,,27-Sep-25,502,,,,,,
,"$229,575 ","$1,751.82 ",,$68.50 ,"AFN 13,235,935","AFN 120,000",پرداخت کرای جایداد مسلخ توسط رفیع الله للندر ماه میزان و عقرب 1404,,,27-Sep-25,503,,,,,,
,"$231,765 ","$2,189.78 ",,$68.50 ,"AFN 13,385,935","AFN 150,000",پرداخت تضمین قرارداد جایداد کرایی مسلخ توسط رفیع الله للندر,,,27-Sep-25,504,,,,,,
,"$231,768 ",$2.92 ,,$68.50 ,"AFN 13,386,135",AFN 200,"خریداری گاز مایع,بادنجان رومی و مرچ تازه به دفتر ",,,27-Sep-25,505,,,,,,
,"$231,768 ",$0.00 ,,$68.50 ,"AFN 13,386,135",AFN 0,پرداخت برای انجنیر شعیب رحمانی بابت دیزائین و تعدیل نقشه استرکچر منزل نهم تعمیرللندر5,,,27-Sep-25,506,,,,,,
,"$233,787 ","$2,018.85 ","$1,859 ",$68.50 ,"AFN 13,397,085","AFN 10,950",خریداری تیل دیزل به جنراتور تعمیرللندر 5,,,27-Sep-25,507,,,,,,
,"$233,788 ",$0.73 ,,$68.50 ,"AFN 13,397,135",AFN 50,خریداری بادنجان رومی و مرچ تازه به دفتر,,,27-Sep-25,508,,,,,,
,"$233,788 ",$0.00 ,,$68.50 ,"AFN 13,397,135",AFN 0,پرداخت و تصفیه حسابات باقیمانده شرکت جوتن بابت تعمیرگذرگاه و خانه گذرگاه ,,,27-Sep-25,509,,,,,,
,"$233,790 ",$2.55 ,,$68.50 ,"AFN 13,397,310",AFN 175,خریداری گاز مایع به تعمیرللندر5,,,29-Sep-25,510,,,,,,
,"$233,834 ",$43.80 ,,$68.50 ,"AFN 13,400,310","AFN 3,000",خریداری تیل پطرول به موتر لکسس,,,29-Sep-25,511,,,,,,
,"$233,836 ",$1.90 ,,$68.50 ,"AFN 13,400,440",AFN 130,خریاری گچ 25 کیلویی به تعمیرللندر5,,,29-Sep-25,512,,,,,,
,"$233,839 ",$3.65 ,,$68.50 ,"AFN 13,400,690",AFN 250,"خریداری دوسیه پلاستیکی ,عریضه سفید و کرای تکسی انتقال مواد از هرات الکریک به تعمیرللندر5",,,29-Sep-25,513,,,,,,
,"$233,839 ",$0.00 ,,$68.50 ,"AFN 13,400,690",AFN 0,پرداخت تصفیه حساب شرکت ساختمانی آریا ترک بابت کانکریت ریزی تعمیرللندر5,,,29-Sep-25,514,,,,,,
,"$234,032 ",$192.68 ,,$67.47 ,"AFN 13,413,690","AFN 13,000",پرداخت برای کاکا بادام گل توسط روز الدین بابت خریداری ریگ شسته به تعمیرللندر 5 بل نمبر 413,,,1-Oct-25,515,,,,,,
,"$234,051 ",$18.53 ,,$67.47 ,"AFN 13,414,940","AFN 1,250",برداشت شخصی حاجی صبغت الله و پرداخت کرای تکسی مواد نلدوانی شرکت پاور اطلس به تعمیرللندر 5,,,1-Oct-25,516,,,,,,
,"$234,073 ",$22.23 ,,$67.47 ,"AFN 13,416,440","AFN 1,500",پرداخت اجرت مستری بابت ترمیم جنراتور تعمیرللندر 5,,,1-Oct-25,517,,,,,,
,"$234,075 ",$2.30 ,,$67.47 ,"AFN 13,416,595",AFN 155,خریداری روب و مکرونی به دفتر,,,1-Oct-25,518,,,,,,
,"$234,100 ",$25.20 ,,$67.47 ,"AFN 13,418,295","AFN 1,700",خریاری سیم جستی به تعمیرللندر 5,,,1-Oct-25,519,,,,,,
,"$234,115 ",$14.82 ,,$67.47 ,"AFN 13,419,295","AFN 1,000",خریداری تیل پطرول به موتر کرولا نقره ایی,,,1-Oct-25,520,,,,,,
,"$234,139 ",$23.71 ,,$67.47 ,"AFN 13,420,895","AFN 1,600",پرداخت برای مبلایل تبدیلی جنراتور تعمیرللندر 5 ,,,1-Oct-25,521,,,,,,
,"$234,161 ",$22.23 ,,$67.47 ,"AFN 13,422,395","AFN 1,500",پرداخت برای خریداری هیت به جنراتور تعمیرللندر 5,,,1-Oct-25,522,,,,,,
,"$234,902 ",$741.07 ,,$67.47 ,"AFN 13,472,395","AFN 50,000",پرداخت برای نورالدین بابت سیم تابی و قالبکاری تعمیرللندر 5,,,2-Oct-25,523,,,,,,
,"$235,422 ",$520.23 ,,$67.47 ,"AFN 13,507,495","AFN 35,100",پرداخت برای خریداری گچ سفید به تعمیرللندر 5,,,2-Oct-25,524,,,,,,
,"$235,571 ",$148.21 ,,$67.47 ,"AFN 13,517,495","AFN 10,000",پرداخت معاش هارون ولد فضل الرحمن بابت ماه سنبله 1404,,,2-Oct-25,525,,,,,,
,"$235,729 ",$158.59 ,,$67.47 ,"AFN 13,528,195","AFN 10,700",پرداخت برای کاکا بادام گل توسط روزالدین بابت خریداری خشت اول به تعمیرللندر 5,,,2-Oct-25,526,,,,,,
,"$235,877 ",$148.21 ,,$67.47 ,"AFN 13,538,195","AFN 10,000",پرداخت معاش محمد سرور ولد طالب بابت ماه سنبله 1404,,,2-Oct-25,527,,,,,,
,"$236,322 ",$444.64 ,,$67.47 ,"AFN 13,568,195","AFN 30,000",پرداخت برای محمد ابراهیم بابت گچ خاک چهار منزل تعمیرللندر 5,,,2-Oct-25,528,,,,,,
,"$236,693 ",$370.54 ,,$67.47 ,"AFN 13,593,195","AFN 25,000",پرداخت برای علی یاور بابت راویز کاری الی منزل هفتم تعمیرللندر 5,,,2-Oct-25,529,,,,,,
,"$236,989 ",$296.43 ,,$67.47 ,"AFN 13,613,195","AFN 20,000",پرداخت برای عبدالله بابت خشت کاری و پلستر کاری الی منزل هفتم تعمیرللندر 5,,,2-Oct-25,530,,,,,,
,"$238,923 ","$1,934.11 ","$1,860 ",$67.47 ,"AFN 13,618,195","AFN 5,000",پیش پرداخت انجنیر وحید الله ولد حبیب الله بابت ماه میزان 1404,,,2-Oct-25,531,,,,,,
,"$238,928 ",$4.74 ,,$67.47 ,"AFN 13,618,515",AFN 320,"خریداری پیاز, مرچ تازه سیر و گشنیز به دفتر",,,2-Oct-25,532,,,,,,
,"$238,939 ",$11.12 ,,$67.47 ,"AFN 13,619,265",AFN 750,خریداری گوشت مرغ به دفتر کارته سه,,,2-Oct-25,533,,,,,,
,"$238,969 ",$29.64 ,,$67.47 ,"AFN 13,621,265","AFN 2,000",خریداری گوشت گوساله ,,,2-Oct-25,534,,,,,,
,"$238,972 ",$3.11 ,,$67.47 ,"AFN 13,621,475",AFN 210,خریداری کچالو و رومی به دفتر,,,2-Oct-25,535,,,,,,
,"$238,973 ",$1.63 ,,$67.47 ,"AFN 13,621,585",AFN 110,خریداری رومی و کشمش به دفتر,,,2-Oct-25,536,,,,,,
,"$238,977 ",$3.26 ,,$67.47 ,"AFN 13,621,805",AFN 220,"خریداری پیاز ,مصاله بریانی و مرچ تازه به دفتر",,,2-Oct-25,537,,,,,,
,"$238,980 ",$3.41 ,,$67.47 ,"AFN 13,622,035",AFN 230,خریداری کچالو بادنجان رومی به دفتر,,,2-Oct-25,538,,,,,,
,"$238,987 ",$7.26 ,,$67.47 ,"AFN 13,622,525",AFN 490,خریداری روب هدیه به دفتر,,,2-Oct-25,539,,,,,,
,"$238,990 ",$3.04 ,,$67.47 ,"AFN 13,622,730",AFN 205,"خریداری رومی گدوگگ , کچالو,پیاز و مرچ تازه به دفتر",,,2-Oct-25,540,,,,,,
,"$240,011 ","$1,020.75 ",,$67.47 ,"AFN 13,691,600","AFN 68,870","خریداری مواد نلدوانی از شرکت تولیدی وحدت از قبیل کلکتور,وال , پیوند,صندوق , کلمپ و نوار تفلون به تعمیرللندر 5",,,2-Oct-25,541,,,,,,
,"$240,013 ",$1.48 ,,$67.47 ,"AFN 13,691,700",AFN 100,خریداری جین کلفت به تعمیرللندر 5,,,2-Oct-25,542,,,,,,
,"$240,013 ",$0.00 ,,$67.00 ,"AFN 13,691,700",AFN 0,پرداختبرای شرکت زمزم استیل علی جان بابت خریداری سیخ گول به تعمیرللندر 5,,,4-Oct-25,543,,,,,,
,"$240,042 ",$29.85 ,,$67.00 ,"AFN 13,693,700","AFN 2,000",خریداری تیل پطرول به موتر ,,,4-Oct-25,544,,,,,,
,"$240,198 ",$155.22 ,,$67.00 ,"AFN 13,704,100","AFN 10,400",خریداری تیل دیزل به جنراتور تعمیرللندر 5,,,4-Oct-25,545,,,,,,
,"$240,216 ",$18.66 ,,$67.00 ,"AFN 13,705,350","AFN 1,250",خریداری تفون مایع به تعمیرللندر 5,,,4-Oct-25,546,,,,,,
,"$240,231 ",$14.93 ,,$67.00 ,"AFN 13,706,350","AFN 1,000",خریداری تیل پطرول به موتر ,,,4-Oct-25,547,,,,,,
,"$240,236 ",$5.07 ,,$67.00 ,"AFN 13,706,690",AFN 340,"خریداری مواد خوراکه از قبیل برنج ,خلال زردک و مصاله برنج ",,,4-Oct-25,548,,,,,,
,"$240,244 ",$7.46 ,,$67.00 ,"AFN 13,707,190",AFN 500,خریداری گوشت گوساله ,,,4-Oct-25,549,,,,,,
,"$240,245 ",$1.49 ,,$67.00 ,"AFN 13,707,290",AFN 100,خریداری شیر تازه ,,,4-Oct-25,550,,,,,,
,"$240,259 ",$13.73 ,,$67.00 ,"AFN 13,708,210",AFN 920,خریداری شکاستیب و توش به دفتر للندر5,,,4-Oct-25,551,,,,,,
,"$240,285 ",$26.42 ,,$67.00 ,"AFN 13,709,980","AFN 1,770",خریداری شیرتازه توسط حاجی صبغت الله,,,4-Oct-25,552,,,,,,
,"$240,300 ",$14.93 ,,$67.00 ,"AFN 13,710,980","AFN 1,000",خریداری تیل پطرول به موتر هایلکس,,,5-Oct-25,553,,,,,,
,"$240,304 ",$3.58 ,,$67.00 ,"AFN 13,711,220",AFN 240,خریداری کاغذ A4 به دفتر,,,5-Oct-25,554,,,,,,
,"$242,176 ","$1,871.60 ","$1,861 ",$67.00 ,"AFN 13,711,930",AFN 710,"خریداری انرژی الکوزی ,آب و سگرت حاجی صبغت",,,5-Oct-25,555,,,,,,
,"$242,181 ",$5.07 ,,$67.00 ,"AFN 13,712,270",AFN 340,"خریداری برس جاروب ,قفل مزاری به دفترللندر 5",,,5-Oct-25,556,,,,,,
,"$242,181 ",$0.00 ,,$67.00 ,"AFN 13,712,270",AFN 0,پرداخت برای خریداری 35 تن سمنت چرات به تعمیرللندر 5 توسط حاجی صبغت الله فی انت از قرار 130 $ دالر امریکایی و مبلغ 100$ پیش پرداخت گردیده بود,,,5-Oct-25,557,,,,,,
,"$244,080 ","$1,898.93 ",,$67.00 ,"AFN 13,839,498","AFN 127,228",پرداخت برای فروشگاه حاجی زاده پاور اطلس بابت خریداری مواد نلدوانی به تعمیرللندر 5 بابت بل نمبر های 364 -365- 366- 367,,,6-Oct-25,558,,,,,,
,"$244,083 ",$3.63 ,,$67.00 ,"AFN 13,839,741",AFN 243,پرداخت برای خبازی عبدالمطلب بغلانی بابت خریداری نان خشک ,,,6-Oct-25,559,,,,,,
,"$244,098 ",$15.31 ,,$67.00 ,"AFN 13,840,767","AFN 1,026",پرداخت برای خبازی عبدالمطلب بغلانی بابت خریداری نان خشک دفترکارته سه ,,,6-Oct-25,560,,,,,,
,"$244,138 ",$39.90 ,,$67.00 ,"AFN 13,843,440","AFN 2,673",پرداخت برای خبازی عبدالمطلب بابت خریداری نان خشک به دفتر تعمیر للندر 5,,,6-Oct-25,561,,,,,,
,"$244,206 ",$67.43 ,,$67.00 ,"AFN 13,847,958","AFN 4,518",پرداخت برای خبازی عبدالمطلب بابت خریداری نان خشک به  تعمیر للندر 5,,,6-Oct-25,562,,,,,,
,"$244,213 ",$7.46 ,,$67.00 ,"AFN 13,848,458",AFN 500,خریداری تیل دیزل به تعمیرللندر 5,,,6-Oct-25,563,,,,,,
,"$244,222 ",$8.36 ,,$67.00 ,"AFN 13,849,018",AFN 560,"پرداخت کرای موتر به شهرنو,کنترول ساختمانها, چاپ عکس ,کرای تکسی از باغ قاضی و خریداری کارت مبایل به معراج",,,6-Oct-25,564,,,,,,
,"$244,374 ",$152.15 ,,$67.00 ,"AFN 13,859,212","AFN 10,194",پرداخت برای نعمان ولد عصمت الله بابت سیستم سرد کننده تعمیرللندر 5 الی اخیر ماه سنبله 1404 مکمل تصفیه حساب گردیده از ماه میزان به بعد شامل راپور معاشات میگردد,,,7-Oct-25,565,,,,,,
,"$244,391 ",$17.16 ,,$67.00 ,"AFN 13,860,362","AFN 1,150",خریداری نان چاشت و نوشابه به کاریگران و کرن کار بابت انتفال کانتینر های گدام کارته سه,,,7-Oct-25,566,,,,,,
,"$244,585 ",$194.03 ,,$67.00 ,"AFN 13,873,362","AFN 13,000",پرداخت برای کرن کار بابت انتقال و جابه جایی کانیتنر های گدام کارته سه به تعداد 2 عدد 40 فت و 5 عدد 20 فت ,,,7-Oct-25,567,,,,,,
,"$249,898 ","$5,313.07 ",,$66.20 ,"AFN 14,225,087","AFN 351,725","پرداخت برای کاکا بادام گل بدست روز الدین بابت خریداری بل های خریداری مواد ساختمانی ,انتقال اموال و غیره به تعمیرللندر 5 (نوت: مبلغ هذا از فروش یک عراده موتر کرولا 2014 مجرا گرفته شده است )",,,8-Oct-25,568,,,,,,
,"$250,413 ",$515.41 ,,$66.20 ,"AFN 14,259,207","AFN 34,120","پرداخت برای کاکا بادام گل بدست روز الدین بابت خریداری بل های متفرقه به زمین گلباغ , باغ قاضی و تعمیرگذرگاه و خانه گذرگاه (نوت مبلغ هذا از فروش یک عراده موتر کرولا 2014 مجرا گرفته شده است)",,,8-Oct-25,569,,,,,,
,"$251,579 ","$1,165.79 ",,$66.20 ,"AFN 14,336,382","AFN 77,175",پرداخت برای کاکا بادام گل توسط روز الدین بابت کندن کاری تعمیرللندر 5 (نوت: مبلغ هذا از فروش یک عراده موتر کرولا 2014 مجرا گرفته شده است),,,8-Oct-25,570,,,,,,
,"$251,628 ",$48.34 ,,$66.20 ,"AFN 14,339,582","AFN 3,200",خریدایر گوشک به سیستم سرد کننده تعمیرللندر 5,,,8-Oct-25,571,,,,,,
,"$251,749 ",$121.60 ,,$66.20 ,"AFN 14,347,632","AFN 8,050",خریداری گوشک و نت و بولت 21 به سیستم سرد کننده تعمیرللندر 5,,,8-Oct-25,572,,,,,,
,"$251,901 ",$151.77 ,,$65.89 ,"AFN 14,357,632","AFN 10,000",پرداخت برای محمد شریف بابت سیستم نلدوانی عمومی تعمیرللندر5,,,9-Oct-25,573,,,,,,
,"$251,977 ",$75.88 ,,$65.89 ,"AFN 14,362,632","AFN 5,000",برداشت انجنیر وحید الله صدیقی ولد حبیب الله بابت ماه میزان 1404,,,9-Oct-25,574,,,,,,
,"$252,083 ",$106.24 ,,$65.89 ,"AFN 14,369,632","AFN 7,000",پرداخت برای محمد جواد بابت سیستم مکمل برق و ویرینگ کاری تعمیرللندر 5,,,9-Oct-25,575,,,,,,
,"$252,235 ",$151.77 ,,$65.89 ,"AFN 14,379,632","AFN 10,000",پرداخت برای محمد ابراهیم بابت گچ کاری مکمل و سفید کاری تعمیرللندر 5,,,9-Oct-25,576,,,,,,
,"$253,297 ","$1,062.38 ",,$65.89 ,"AFN 14,449,632","AFN 70,000",پرداخت برای نورالدین بابت سیستم تابی و قالبکاری تعمیرللندر 5 منزل هشتم و نهم ,,,9-Oct-25,577,,,,,,
,"$253,388 ",$91.06 ,,$65.89 ,"AFN 14,455,632","AFN 6,000",پیش پرداخت برای زین الله بابت ماه میزان 1404,,,9-Oct-25,578,,,,,,
,"$255,417 ","$2,028.94 ","$1,862 ",$65.89 ,"AFN 14,466,632","AFN 11,000",پیش پرداخت برای فرید للندر بابت ماه میزان 1404,,,9-Oct-25,579,,,,,,
,"$255,425 ",$7.59 ,,$65.89 ,"AFN 14,467,132",AFN 500,پرداخت برای فرید للندر بخاطرخریداری کارت مبایل به رایگان نمودن سیم کارت ,,,9-Oct-25,580,,,,,,
,"$256,320 ",$895.43 ,,$65.89 ,"AFN 14,526,132","AFN 59,000",خریداری مواد ضد نم از شرکت ایزومات به کانکریت ریزی چت منزل نهم تعمیرللندر 5 به تعداد 20 بوشکه ,,,9-Oct-25,581,,,,,,
,"$256,392 ",$71.94 ,,$65.89 ,"AFN 14,530,872","AFN 4,740",پرداخت برای تصفیه حساب فیس انترنت ماه دسمبر 2025 منزل هفتم کارته سه ,,,9-Oct-25,582,,,,,,
,"$256,992 ",$599.76 ,,$65.89 ,"AFN 14,570,390","AFN 39,518",پرداخت کرای 33 متر جایداد دولتی تعمیرباغ قاضی بابت ماه سنبله 1404,,,11-Oct-25,583,,,,,,
,"$257,029 ",$37.18 ,,$65.89 ,"AFN 14,572,840","AFN 2,450",خریدایر قطعی 4*4 به سویچ و ساکت های تعمیرللندر 5,,,11-Oct-25,584,,,,,,
,"$257,031 ",$1.67 ,,$65.89 ,"AFN 14,572,950",AFN 110,خریداری دو کیلو شیر به دفتر,,,12-Oct-25,585,,,,,,
,"$257,043 ",$12.14 ,,$65.89 ,"AFN 14,573,750",AFN 800,خریداری بوره به خانه,,,12-Oct-25,586,,,,,,
,"$257,048 ",$5.16 ,,$65.89 ,"AFN 14,574,090",AFN 340,"خریداری میخ فولادی میخ 4"" ومیخ 3"" به تعمیرللندر 5",,,12-Oct-25,587,,,,,,
,"$257,049 ",$0.76 ,,$65.89 ,"AFN 14,574,140",AFN 50,خریداری بادنجان رومی به دفتر ,,,12-Oct-25,588,,,,,,
,"$257,056 ",$7.44 ,,$65.89 ,"AFN 14,574,630",AFN 490,"خریداری مایع ظرفشویی , بوره و چای سبز به تعمیرللندر 5",,,12-Oct-25,589,,,,,,
,"$257,056 ",$0.00 ,,$65.89 ,"AFN 14,574,630",AFN 0,پرداخت برای خریداری 36 تن سمنت عسکری به تعمیرللندر 5 فی تن از قرار 146$ دالرامریکایی ,,,13-Oct-25,590,,,,,,
,"$257,132 ",$75.88 ,,$65.89 ,"AFN 14,579,630","AFN 5,000",خریداری تیل پطرول به متر لکسس ,,,13-Oct-25,591,,,,,,
,"$257,140 ",$7.59 ,,$65.89 ,"AFN 14,580,130",AFN 500,خریداری تیل پطرول به موتر کرولا نقره ایی,,,13-Oct-25,592,,,,,,
,"$257,311 ",$170.89 ,,$65.89 ,"AFN 14,591,390","AFN 11,260",خریداری تیل دیزل به جنراتور تعمیرللندر 5,,,13-Oct-25,593,,,,,,
,"$257,399 ",$88.03 ,,$65.89 ,"AFN 14,597,190","AFN 5,800",خریداری تیل پطرول به موتر هایلکس,,,13-Oct-25,594,,,,,,
,"$257,431 ",$32.78 ,,$65.89 ,"AFN 14,599,350","AFN 2,160",پرداخت برای اجرت تخلیه 720 خریطه سمنت خریداری شده به تعمیرللندر 5,,,13-Oct-25,595,,,,,,
,"$258,130 ",$698.13 ,,$65.89 ,"AFN 14,645,350","AFN 46,000","پرداخت برای کاکا بادام توسط روز الدین بابت خریداری خاک غربیل شده,جغل بادامی ,ریگ شسته و خشت اول به تعمیرللندر5 بل نمبر های 222-223-224-226-228-229",,,14-Oct-25,596,,,,,,
,"$258,226 ",$96.83 ,,$65.89 ,"AFN 14,651,730","AFN 6,380","خریداری قرطاسیه از قبیل , دوسیه , قلم , پلاستیک شیت ,کاغذ A4,کاتریچ پرنتر,استپلر,تاپه,کهاته کرای کراچی و کرای تکسی به دفتر",,,14-Oct-25,597,,,,,,
,"$258,229 ",$2.12 ,,$65.89 ,"AFN 14,651,870",AFN 140,پرداخت برای فوتوکاپی اسناد پل سرخ و کرای موتر به ناحیه اول بابت دو روز ,,,14-Oct-25,598,,,,,,
,"$258,235 ",$6.91 ,,$65.89 ,"AFN 14,652,325",AFN 455,پرداخت صفایی واحد B19 تعمیرللندر 3 بابت سال 1404,,,14-Oct-25,599,,,,,,
,"$258,259 ",$23.54 ,,$65.89 ,"AFN 14,653,876","AFN 1,551",پرداخت برای صفایی جایداد تعمیرللندر 3 بابت سال 1404,,,14-Oct-25,600,,,,,,
,"$258,839 ",$580.03 ,,$65.89 ,"AFN 14,692,094","AFN 38,218",پرداخت تعرفه 33 متر جایداد دولتی تعمیرباغ قاضی بابت ماه میزان 1404,,,14-Oct-25,601,,,,,,
,"$259,217 ",$377.90 ,,$65.89 ,"AFN 14,716,994","AFN 24,900",پرداخت برای شرکت هرات الکتریک بابت خریداری بل نمبر 1934 . 3923 به تعمیرللندر 5,,,14-Oct-25,602,,,,,,
,"$261,083 ","$1,866.47 ","$1,863 ",$66.30 ,"AFN 14,717,224",AFN 230,"خریداری بادنجان سیاه , رومی کچالو وماست به دفتر",,,15-Oct-25,603,,,,,,
,"$261,086 ",$2.26 ,,$66.30 ,"AFN 14,717,374",AFN 150,"خریداری مرچ تازه ,رومی و پیاز به دفتر",,,15-Oct-25,604,,,,,,
,"$261,184 ",$98.04 ,,$66.30 ,"AFN 14,723,874","AFN 6,500","پرداخت برای فعال نمودن انترنت افغان تلیکام بابت شماره دیجیتال ,لین ,روتر و فیس انترنت به دفتر",,,15-Oct-25,605,,,,,,
,"$261,195 ",$11.31 ,,$66.30 ,"AFN 14,724,624",AFN 750,خریدای گوشت مرغ به دفتر,,,15-Oct-25,606,,,,,,
,"$261,210 ",$15.08 ,,$66.30 ,"AFN 14,725,624","AFN 1,000","خریداری چاکلیت , چای سبز,بوره , سیمک,مایع ظرفشویی و دستمال کاغذی به دفتر",,,15-Oct-25,607,,,,,,
,"$261,248 ",$37.71 ,,$66.30 ,"AFN 14,728,124","AFN 2,500",پرداخت فیس انترنت واحد 22 کارته سه از تاریخ 16 اکتوبر الی 16 نوامبر 2025,,,15-Oct-25,608,,,,,,
,"$261,254 ",$6.18 ,,$66.30 ,"AFN 14,728,534",AFN 410,پرداخت برای نان چاشت مطیع الله و رحیم و کرای پارکینگ موتر میدان هوایی بابت اسناد های پاسپورت حاجی رفیع الله ,,,15-Oct-25,609,,,,,,
,"$261,257 ",$3.02 ,,$66.30 ,"AFN 14,728,734",AFN 200,خریداری گاز مایع به دفتر,,,15-Oct-25,610,,,,,,
,"$262,313 ","$1,055.81 ",,$66.30 ,"AFN 14,798,734","AFN 70,000",پرداخت برای علی داد مکسر کار بابت کانکریت ریزی چت منزل نهم تعمیرللندر 5 و تصفیه حساب مکمل ,,,15-Oct-25,611,,,,,,
,"$262,314 ",$1.51 ,,$66.30 ,"AFN 14,798,834",AFN 100,خریداری مصاله بریانی به دفتر,,,15-Oct-25,612,,,,,,
,"$262,317 ",$2.41 ,,$66.30 ,"AFN 14,798,994",AFN 160,خریداری کچالو به دفتر,,,15-Oct-25,613,,,,,,
,"$262,947 ",$630.65 ,,$66.40 ,"AFN 14,840,869","AFN 41,875",پرداخت برای کاکا بادام گل توسط روزالدین بابت تصفیه مکمل کندن کاری تهکوی تعمیرللندر 5,,,15-Oct-25,614,,,,,,
,"$262,947 ",$0.00 ,,$66.40 ,"AFN 14,840,869",AFN 0,پرداخت برای شرکت زمزم استیل علی جان بابت خریداری سیخ گول به تعمیرللندر5,,,16-Oct-25,615,,,,,,
,"$263,023 ",$75.30 ,,$66.40 ,"AFN 14,845,869","AFN 5,000",پرداخت برای انجنیر وحید الله صدیقی ولد حبیب الله بابت ماه میزان 1404,,,16-Oct-25,616,,,,,,
,"$263,551 ",$528.61 ,,$66.40 ,"AFN 14,880,969","AFN 35,100",پرداخت برای شرکت تولیدی گچ قلب آسیاه بابت بل نمبر 545 به تعمیرللندر 5,,,16-Oct-25,617,,,,,,
,"$263,777 ",$225.90 ,,$66.40 ,"AFN 14,895,969","AFN 15,000",پرداخت برای محمد ابراهیم بابت گچ کاری تعمیرللندر 5,,,16-Oct-25,618,,,,,,
,"$263,928 ",$150.60 ,,$66.40 ,"AFN 14,905,969","AFN 10,000",پرداخت برای علی یاور بابت راویز کاری تعمیرللندر 5,,,16-Oct-25,619,,,,,,
,"$264,229 ",$301.20 ,,$66.40 ,"AFN 14,925,969","AFN 20,000",پرداخت برای نورالدین بابت سیم تابی و قالبکاری تعمیرللندر 5 بدست عزیز الله,,,16-Oct-25,620,,,,,,
,"$264,380 ",$150.60 ,,$66.40 ,"AFN 14,935,969","AFN 10,000",پیش پرداخت برای شریف الله ولد فیض الله بابت ماه میزان 1404,,,16-Oct-25,621,,,,,,
,"$264,530 ",$150.60 ,,$66.40 ,"AFN 14,945,969","AFN 10,000",پرداخت برای عبدالله بابت خشت کاری و پلستر کاری تعمیرللندر5,,,16-Oct-25,622,,,,,,
,"$265,532 ","$1,001.51 ",,$66.40 ,"AFN 15,012,469","AFN 66,500",پرداخت برای فروشگاه مواد تعمیراتی و تخنیکی سید حسن موسوی بابت خریداری Black steel به سیستم مرکز گرمی تعمیرللندر 5 از خرید بل نمبر 491,,,16-Oct-25,623,,,,,,
,"$265,534 ",$2.41 ,,$66.40 ,"AFN 15,012,629",AFN 160,خریداری مصاله بریانی و زردچوبه به تعمیرللندر 5,,,16-Oct-25,624,,,,,,
,"$265,535 ",$0.90 ,,$66.40 ,"AFN 15,012,689",AFN 60,خریداری دالنخود به تعمیرللندر 5,,,16-Oct-25,625,,,,,,
,"$265,546 ",$11.30 ,,$66.40 ,"AFN 15,013,439",AFN 750,خریداری گوشت مرغ به آشپزخانه دفترکارته سه,,,16-Oct-25,626,,,,,,
,"$267,419 ","$1,873.04 ","$1,864 ",$66.40 ,"AFN 15,014,039",AFN 600,پرداخت کرای موتر مواد Black steel به تعمیرللندر 5,,,16-Oct-25,627,,,,,,
,"$267,425 ",$6.17 ,,$66.40 ,"AFN 15,014,449",AFN 410,خریداری تیل پطرول به موتر ,,,16-Oct-25,628,,,,,,
,"$267,470 ",$44.13 ,,$66.40 ,"AFN 15,017,379","AFN 2,930","خریداری نت و بولت , سنگ چرخ و سیخ ولدینگ به تعمیرللندر 5",,,16-Oct-25,629,,,,,,
,"$267,474 ",$4.37 ,,$66.40 ,"AFN 15,017,669",AFN 290,"خریداری متر 5 متره,میخ سیاه , نت و بولت و غیره به خانه ",,,16-Oct-25,630,,,,,,
,"$267,549 ",$75.30 ,,$66.40 ,"AFN 15,022,669","AFN 5,000",پیش پرداخت برای احمد فرید للندر بابت ماه میزان 1404,,,16-Oct-25,631,,,,,,
,"$267,629 ",$79.82 ,,$66.40 ,"AFN 15,027,969","AFN 5,300",خریداری تیل پطرول به موتر هایلکس,,,18-Oct-25,632,,,,,,
,"$267,785 ",$156.17 ,,$66.40 ,"AFN 15,038,339","AFN 10,370",خریداری تیل دیزل به جنراتور تعمیرللندر 5,,,18-Oct-25,633,,,,,,
,"$267,837 ",$52.11 ,,$66.40 ,"AFN 15,041,799","AFN 3,460",خریداری سامی به سایز های مختلف از شرکت بلک استیل به تعمیرللندر 5,,,19-Oct-25,634,,,,,,
,"$267,839 ",$1.51 ,,$66.40 ,"AFN 15,041,899",AFN 100,"خریداری پل 4"" برای برش کاری به تعمیرللندر 5",,,19-Oct-25,635,,,,,,
,"$267,839 ",$0.27 ,,$66.40 ,"AFN 15,041,917",AFN 18,پرداخت برای خبازی عبدالمطلب بابت خریداری نان خشک به تعمیرللندر 2,,,19-Oct-25,636,,,,,,
,"$267,850 ",$10.84 ,,$66.40 ,"AFN 15,042,637",AFN 720,پرداخت برای خبازی عبدالمطلب بابت خریداری نان خشک به تعمیرللندر 1,,,19-Oct-25,637,,,,,,
,"$267,861 ",$11.30 ,,$66.40 ,"AFN 15,043,387",AFN 750,خریداری تخته آهنی به تعمیرللندر 5,,,19-Oct-25,638,,,,,,
,"$267,864 ",$2.86 ,,$66.40 ,"AFN 15,043,577",AFN 190,"خریداری بامیه ,رومی و مرچ تازه به دفتر",,,19-Oct-25,639,,,,,,
,"$267,924 ",$60.24 ,,$66.40 ,"AFN 15,047,577","AFN 4,000",خریداری تیل پطرول به موتر هایلکس تعمیرللندر5,,,19-Oct-25,640,,,,,,
,"$267,955 ",$30.77 ,,$66.40 ,"AFN 15,049,620","AFN 2,043",پرداخت خبازی عبدالمطلب بابت خریداری نان خشک به تعمیرللندر 5,,,19-Oct-25,641,,,,,,
,"$268,000 ",$45.18 ,,$66.40 ,"AFN 15,052,620","AFN 3,000","پرداخت برای مبلایل تبدیلی , خرید فلترمبلایل , فلتر تیل به جنراتور تعمیرللندر 5",,,19-Oct-25,642,,,,,,
,"$268,006 ",$5.72 ,,$66.40 ,"AFN 15,053,000",AFN 380,خریداری بوره و چای خشک به تعمیرللندر 5,,,19-Oct-25,643,,,,,,
,"$268,038 ",$31.99 ,,$66.40 ,"AFN 15,055,124","AFN 2,124",پرداخت برای خبازی عبدالمطلب بابت خریداری نان خشک دفتر ,,,19-Oct-25,644,,,,,,
,"$268,128 ",$90.36 ,,$66.40 ,"AFN 15,061,124","AFN 6,000",پرداخت برای احمد سالم بابت سرن کاری ریگ های زمین دارالامان به تعمیرللندر 5,,,20-Oct-25,646,,,,,,
,"$268,151 ",$22.59 ,,$66.40 ,"AFN 15,062,624","AFN 1,500",پرداخت کرای موتر بابت خرید کاشی به تعیمرللندر 5,,,20-Oct-25,647,,,,,,
,"$268,166 ",$15.06 ,,$66.40 ,"AFN 15,063,624","AFN 1,000",خریداری تیل پطرول به موتر فرونر بخاطر استفاده دفتر ,,,21-Oct-25,648,,,,,,
,"$268,175 ",$9.04 ,,$66.40 ,"AFN 15,064,224",AFN 600,خریداری غذا از رستورانت به کارمندانن صفایی للندر 1,,,21-Oct-25,649,,,,,,
,"$268,184 ",$8.89 ,,$66.40 ,"AFN 15,064,814",AFN 590,"پرداخت برای وکیل کارته چهار بابت اسناد پل سرخ ,فوتوکاپی اسناد صفایی للندر 1 ",,,21-Oct-25,650,,,,,,
,"$270,061 ","$1,877.05 ","$1,865 ",$66.40 ,"AFN 15,065,614",AFN 800,پرداخت برای چاپ بل بوک به نان خشک دفتر ,,,21-Oct-25,651,,,,,,
,"$270,061 ",$0.00 ,,$66.40 ,"AFN 15,065,614",AFN 0,پرداخت برای شرکت تولیدی فراژ آژمان بابت خریداری کاک سقفی به تعمیرللندر 5,,,21-Oct-25,652,,,,,,
,"$270,086 ",$24.59 ,,$66.30 ,"AFN 15,067,244","AFN 1,630",خریداری روغن جامد 16 کیلویی به آشپزخانه,,,21-Oct-25,653,,,,,,
,"$270,229 ",$142.92 ,,$66.40 ,"AFN 15,076,734","AFN 9,490",خریداری چسپ سنگ و مواد کاشی کاری به تعمیرللندر 5 از شرکت کابل ترید,,,22-Oct-25,654,,,,,,
,"$270,232 ",$3.92 ,,$66.40 ,"AFN 15,076,994",AFN 260,خریداری پیاز و کچالو به دفتر ,,,22-Oct-25,655,,,,,,
,"$270,240 ",$7.53 ,,$66.40 ,"AFN 15,077,494",AFN 500,خریداری گاز مایع به دفتر,,,22-Oct-25,656,,,,,,
,"$270,242 ",$2.41 ,,$66.40 ,"AFN 15,077,654",AFN 160,خریداری کچالو به دفتر,,,22-Oct-25,657,,,,,,
,"$270,266 ",$23.54 ,,$66.40 ,"AFN 15,079,217","AFN 1,563",پرداخت به مصرف بل برق میتر های تعمیرللندر 5 بابت ماه سنبله 1404,,,22-Oct-25,658,,,,,,
,"$270,274 ",$7.68 ,,$66.40 ,"AFN 15,079,727",AFN 510,"خریداری مواد ضد زنگ , برس و غیره به تعمیرللندر 5",,,22-Oct-25,659,,,,,,
,"$270,422 ",$148.70 ,,$66.40 ,"AFN 15,089,601","AFN 9,874",پرداخت بل های برق دفتر و خانه های کارته سه بابت ماه سنبله 1404,,,22-Oct-25,660,,,,,,
,"$270,434 ",$12.07 ,,$66.30 ,"AFN 15,090,401",AFN 800,خریداری گوشت مرغ و مصاله بریانی به دفتر,,,23-Oct-25,661,,,,,,
,"$270,583 ",$148.27 ,,$66.30 ,"AFN 15,100,231","AFN 9,830",خریداری تیل دیزل به جنراتور تعمیرللندر 5,,,23-Oct-25,662,,,,,,
,"$270,586 ",$3.02 ,,$66.30 ,"AFN 15,100,431",AFN 200,خریداری کیک ساده به مهمانان للندر 5,,,23-Oct-25,663,,,,,,
,"$270,601 ",$15.08 ,,$66.30 ,"AFN 15,101,431","AFN 1,000",خریداری گاز مایع به دفتر,,,23-Oct-25,664,,,,,,
,"$270,631 ",$30.17 ,,$66.30 ,"AFN 15,103,431","AFN 2,000",پرداخت برای فروشگاه تعمیراتی و تخنیکی سید حسن موسوی بابت خریداری بلک استیل به سیستم مرکزگرمی تعمیرللندر 5 بدون بل توسط حاجی عاشق الله ,,,23-Oct-25,665,,,,,,
,"$270,782 ",$150.83 ,,$66.30 ,"AFN 15,113,431","AFN 10,000",پرداخت برای عبدالله بابت خشت کاری و پلستر کاری تعمیرللندر5,,,23-Oct-25,666,,,,,,
,"$270,789 ",$7.54 ,,$66.30 ,"AFN 15,113,931",AFN 500,پرداخت برای انجنیر وحید الله بابت خریداری کارت مبایل به فعال نمودن انترنت ,,,23-Oct-25,667,,,,,,
,"$270,865 ",$75.41 ,,$66.30 ,"AFN 15,118,931","AFN 5,000",پرداخت برای محمد شریف بابت سیستم نلدوانی عمومی تعمیرللندر5,,,23-Oct-25,668,,,,,,
,"$271,497 ",$632.35 ,,$66.30 ,"AFN 15,160,856","AFN 41,925",پرداخت برای آغا ضیا سادات بابت خریداری ایزوگام به تعمیرچهلستون ,,,23-Oct-25,669,,,,,,
,"$271,648 ",$150.83 ,,$66.30 ,"AFN 15,170,856","AFN 10,000",پرداخت معاش باقیمانده وحید الله ولد حبیب الله بابت ماه میزان 1404,,,23-Oct-25,670,,,,,,
,"$271,874 ",$226.24 ,,$66.30 ,"AFN 15,185,856","AFN 15,000",پیش پرداخت برای رسول نظری بابت شفته کاری و کاشی کاری تعمیرللندر 5,,,23-Oct-25,671,,,,,,
,"$272,025 ",$150.83 ,,$66.30 ,"AFN 15,195,856","AFN 10,000",پرداخت معاش ادریس ولد دولت بابت ماه میزان 1404,,,23-Oct-25,672,,,,,,
,"$272,025 ",$0.00 ,,$66.30 ,"AFN 15,195,856",AFN 0,پرداخت برای شرکت زمزم استیل علی جان بابت خریداری سیخ گول به تعمیرللندر5,,,23-Oct-25,673,,,,,,
,"$272,643 ",$618.40 ,,$66.30 ,"AFN 15,236,856","AFN 41,000",پرداخت برای شرکت تولیدی گچ قلب آسیا بابت خریداری گچ به تعمیرللندر 5,,,23-Oct-25,674,,,,,,
,"$276,087 ","$3,443.68 ","$1,866 ",$66.30 ,"AFN 15,341,456","AFN 104,600",پرداخت برای کاکا بادام گل توسط روز الدین بابت خریداری ریگ شسته و جغل بادامی به تعمیرللندر 5 بل نمبر های 230-231-232-233-234-235-236-237-238-239-240-241-242-243-244-245-246-247-248-249-250,,,23-Oct-25,675,,,,,,
,"$276,841 ",$754.15 ,,$66.30 ,"AFN 15,391,456","AFN 50,000",پرداخت برای نورالدین بابت سیم تابی و قالبکاری منزل نهم تعمیرللندر 5,,,23-Oct-25,676,,,,,,
,"$277,822 ",$980.69 ,,$66.30 ,"AFN 15,456,476","AFN 65,020",پرداخت برای فروشگاه تعمیراتی و تخنیکی سید حسن موسوی بابت خریداری بلک استیل به سیستم مرکزگرمی تعمیرللندر 5 ,,,23-Oct-25,677,,,,,,
,"$277,867 ",$44.98 ,,$66.70 ,"AFN 15,459,476","AFN 3,000",خریداری تیل پطرول به موتر لکسس,,,29-Oct-25,678,,,,,,
,"$277,870 ",$3.00 ,,$66.70 ,"AFN 15,459,676",AFN 200,خریداری پیچ نوکه برمه به تعمیرللندر 5,,,29-Oct-25,679,,,,,,
,"$277,897 ",$27.29 ,,$66.70 ,"AFN 15,461,496","AFN 1,820","خریداری روغن , مصاله و زردچوبه به آشپزخانه کارته سه ",,,29-Oct-25,680,,,,,,
,"$277,987 ",$89.96 ,,$66.70 ,"AFN 15,467,496","AFN 6,000",پرداخت معاش باقیمانده احمد فرید للندر ولد علاالدین بابت ماه میزان 1403,,,29-Oct-25,681,,,,,,
,"$277,991 ",$4.05 ,,$66.70 ,"AFN 15,467,766",AFN 270,خریداری گروپ و سویچ به دفتر ,,,29-Oct-25,682,,,,,,
,"$278,066 ",$74.96 ,,$66.70 ,"AFN 15,472,766","AFN 5,000",پیش پرداخت برای فرید للندر بابت ماه عقرب 1404,,,30-Oct-25,683,,,,,,
,"$278,072 ",$6.02 ,,$66.40 ,"AFN 15,473,166",AFN 400,خریداری گلگل موتر به  للندر 5,,,3-Nov-25,684,,,,,,
,"$278,098 ",$25.60 ,,$66.40 ,"AFN 15,474,866","AFN 1,700",خریداری سیم جستی به تعمیرللندر 5,,,3-Nov-25,685,,,,,,
,"$278,207 ",$109.34 ,,$66.40 ,"AFN 15,482,126","AFN 7,260","خریداری سیخ ولدینگ , پل کتر, رجه کلان و تایر و توب و ویل به کراچی تعمیرللندر 5",,,3-Nov-25,686,,,,,,
,"$278,215 ",$7.53 ,,$66.40 ,"AFN 15,482,626",AFN 500,خریداری گوشت سرخی به خانه ,,,3-Nov-25,687,,,,,,
,"$278,233 ",$18.07 ,,$66.40 ,"AFN 15,483,826","AFN 1,200",پرداخت برای ترمیم و خریداری پایپ به چاه آب تعمیرباغ قاضی,,,3-Nov-25,688,,,,,,
,"$279,326 ","$1,093.37 ",,$66.40 ,"AFN 15,556,426","AFN 72,600",پرداخت برای فروشگاه اطلس پاور بابت خریداری مواد نلدوانی به تعمیرللندر 5,,,3-Nov-25,689,,,,,,
,"$279,331 ",$5.38 ,,$65.00 ,"AFN 15,556,776",AFN 350,خریداری غرغز گلان به پروژه للندر 5,,,4-Nov-25,690,,,,,,
,"$279,382 ",$50.77 ,,$65.00 ,"AFN 15,560,076","AFN 3,300",خریداری جالی ۵ میلی مقدار ۱۳ کیلو به  پروژه للندر 5,,,4-Nov-25,691,,,,,,
,"$279,449 ",$66.68 ,,$65.00 ,"AFN 15,564,410","AFN 4,334",پرداخت برای قیس بن عبدلمجید به للندر 5,,,4-Nov-25,692,,,,,,
,"$279,518 ",$69.00 ,,$65.00 ,"AFN 15,568,895","AFN 4,485",پرداخت برای سهراب ولد دار مخمد به للندر 5,,,4-Nov-25,693,,,,,,
,"$279,531 ",$12.88 ,,$65.00 ,"AFN 15,569,732",AFN 837,پرداخت برای یک تن سیخ گول 8 ملی به تعمیر للندر 5 ,,,4-Nov-25,694,,,,,,
,"$279,582 ",$50.77 ,,$65.00 ,"AFN 15,573,032","AFN 3,300",خریداری پطرول 92-A به پروژه للندر 5,,,4-Nov-25,695,,,,,,
,"$279,587 ",$5.54 ,,$65.00 ,"AFN 15,573,392",AFN 360,خریداری دست کش و سک کیتر به پروژه للندر 5,,,4-Nov-25,696,,,,,,
,"$279,602 ",$15.08 ,,$66.30 ,"AFN 15,574,392","AFN 1,000",پیش پرداخت برای ادریس ولد دولت بابت ماه عقرب 1404 به للندر 5,,,4-Nov-25,697,,,,,,
,"$279,802 ",$200.30 ,,$66.40 ,"AFN 15,587,692","AFN 13,300",پیش پرداخت برای فرید للندر بابت ماه عقرب 1404,,,4-Nov-25,698,,,,,,
,"$283,669 ","$3,867.00 ","$1,867 ",$66.60 ,"AFN 15,720,892","AFN 133,200",خریداری مواد نلدوانی به سیستم مرکز گرمی  و پرداخت از مجموع خریداری بل نمبر هذا  تعمیر للندر 5,,,5-Nov-25,699,,,,,,
,"$284,019 ",$349.70 ,,$66.30 ,"AFN 15,744,077","AFN 23,185","خریداری مواد خوراکه از قبیل برنج, روغن, لوبیا, دال , نخود , روب, بوره  و غیره به للندر 5",,,5-Nov-25,700,,,,,,
,"$284,170 ",$150.75 ,,$66.40 ,"AFN 15,754,087","AFN 10,010",خریداری تیل پطرول به جنراتور تعمیر للندر 5,,,5-Nov-25,701,,,,,,
,"$284,215 ",$45.25 ,,$66.30 ,"AFN 15,757,087","AFN 3,000","خریداری مبلایل , فلتر مبلابل  به جنراتور تعمیرللندر 5",,,5-Nov-25,702,,,,,,
,"$284,218 ",$3.01 ,,$66.40 ,"AFN 15,757,287",AFN 200,خریداری گاز مایع به للندر 5 ,,,5-Nov-25,703,,,,,,
,"$284,221 ",$2.71 ,,$66.40 ,"AFN 15,757,467",AFN 180,خریداری گاز مایع به دفتر للندر 5,,,5-Nov-25,704,,,,,,
,"$284,235 ",$13.78 ,,$66.40 ,"AFN 15,758,382",AFN 915,پرداخت تعرفه صفایی جایداد تعمیرللندر 5 بابت سال 1404,,,5-Nov-25,705,,,,,,
,"$284,334 ",$99.02 ,,$66.60 ,"AFN 15,764,977","AFN 6,595",پرداخت تعرفه صفایی تعمیرپنج منزله گذرگاه بابت سال 1404,,,5-Nov-25,706,,,,,,
,"$284,465 ",$130.83 ,,$66.60 ,"AFN 15,773,690","AFN 8,713",پرداخت صفایی جایداد دارالامان (عین الدین ولد غوث الدین)همراه با کمیشن بانکی سال 1404,,,5-Nov-25,707,,,,,,
,"$284,480 ",$15.41 ,,$66.60 ,"AFN 15,774,716","AFN 1,026",پرداخت برای خبازی عبدالمطلب بابت خریداری نان خشک به دفتر تعمیر للندر 5,,,5-Nov-25,708,,,,,,
,"$284,508 ",$27.70 ,,$66.60 ,"AFN 15,776,561","AFN 1,845","پرداخت برای خبازی عبدالمطلب بابت خریداری نان خشک به دفترکارته سه ,للندر1 و للندر 2",,,5-Nov-25,709,,,,,,
,"$284,604 ",$95.95 ,,$66.60 ,"AFN 15,782,951","AFN 6,390",پرداخت برای خبازی عبدالمطلب بابت خریداری نان خشک به تعمیرللندر 5,,,5-Nov-25,710,,,,,,
,"$284,614 ",$10.53 ,,$66.50 ,"AFN 15,783,651",AFN 700,خریداری دبل 10ملی و متر اصلی به تعمیرللندر 5,,,6-Nov-25,711,,,,,,
,"$285,734 ","$1,120.30 ",,$66.50 ,"AFN 15,858,151","AFN 74,500",خریداری تخته خوازه به تعمیرللندر 5,,,6-Nov-25,712,,,,,,
,"$285,748 ",$13.83 ,,$66.50 ,"AFN 15,859,071",AFN 920,"خریداری سیخ 3 ملی , سنگ پالش به تعمیرللندر 5",,,6-Nov-25,713,,,,,,
,"$285,787 ",$38.65 ,,$66.50 ,"AFN 15,861,641","AFN 2,570",خریداری قطعی پاکستانی 4/4 به نصب سویچ و ساکت تعمیر للندر 5,,,6-Nov-25,714,,,,,,
,"$285,790 ",$3.01 ,,$66.50 ,"AFN 15,861,841",AFN 200,خریداری نوک پیچکش به تعمیرللندر 5,,,6-Nov-25,715,,,,,,
,"$285,815 ",$24.81 ,,$66.50 ,"AFN 15,863,491","AFN 1,650",خریداری سیم جستی به تعمیرللندر 5,,,6-Nov-25,716,,,,,,
,"$285,843 ",$28.33 ,,$66.50 ,"AFN 15,865,375","AFN 1,884",خریداری گردبر به سایز های مختلف به تعمیرللندر 5,,,6-Nov-25,717,,,,,,
,"$285,873 ",$30.08 ,,$66.50 ,"AFN 15,867,375","AFN 2,000",خریداری تیل پطرول به موتر لکسس,,,6-Nov-25,718,,,,,,
,"$285,888 ",$15.04 ,,$66.50 ,"AFN 15,868,375","AFN 1,000",خریداری تیل پطرول به موتر کرولا نقره ایی,,,6-Nov-25,719,,,,,,
,"$287,662 ","$1,773.47 ",,$66.50 ,"AFN 15,986,311","AFN 117,936",پرداخت برای شرکت تجارتی آخندزاده بابت خریداری کاشی 60/20 به تعمیرللندر5,,,6-Nov-25,720,,,,,,
,"$287,692 ",$30.08 ,,$66.50 ,"AFN 15,988,311","AFN 2,000",پیش پرداخت برای شریف الله ولد فیض محمد بابت ماه عقرب 1404,,,6-Nov-25,721,,,,,,
,"$287,692 ",$0.00 ,,$66.50 ,"AFN 15,988,311",AFN 0,پرداخت راپور معاش شریف الله ولد فیض محمد بابت ماه میزان 1404 (نوت:معاش شریف ماه مذکور برای شریف الله قبلا پیش پرداخت گردیده بود ,,,6-Nov-25,722,,,,,,
,"$289,710 ","$2,018.38 ","$1,868 ",$66.50 ,"AFN 15,998,311","AFN 10,000",پرداخت برای عبدالله بابت خشت کاری و پلسترکاری تعمیرللندر 5,,,6-Nov-25,723,,,,,,
,"$289,860 ",$150.38 ,,$66.50 ,"AFN 16,008,311","AFN 10,000",پرداخت برای محمد شریف بابت سیستم نلدوانی عمومی تعمیرللندر5,,,6-Nov-25,724,,,,,,
,"$290,011 ",$150.38 ,,$66.50 ,"AFN 16,018,311","AFN 10,000",پرداخت برای محمد ابراهیم بابت گچ کاری تعمیرللندر 5 به هدایت حاجی صبغت الله,,,6-Nov-25,725,,,,,,
,"$291,214 ","$1,203.01 ",,$66.50 ,"AFN 16,098,311","AFN 80,000","پرداخت برای کاکا بادام گل توسط روزالدین بابت خریداری مواد ساختمانی از قبیل جغل بادامی,ریگ شسته,انتقال ریگ از دارالامان ,ریگ خاکه و خشت اول به تعمیرللندر 5 از درک بل نمبر های 71-72-73-74-75-76-77-78-79-80-81-82-83-84-85-86-87-88-89",,,6-Nov-25,726,,,,,,
,"$291,221 ",$7.52 ,,$66.50 ,"AFN 16,098,811",AFN 500,پرداخت برای انجنیر وحید الله بابت خریداری کارت مبایل به فعال نمودن انترنت ,,,6-Nov-25,727,,,,,,
,"$291,402 ",$180.45 ,,$66.50 ,"AFN 16,110,811","AFN 12,000",پرداخت برای رسول نظری بابت شفته کاری و کاشی کاری تعمیرللندر 5 به هدایت حاجی عاشق الله ,,,6-Nov-25,728,,,,,,
,"$291,405 ",$3.31 ,,$66.50 ,"AFN 16,111,031",AFN 220,خریداری میخ فولادی به تعمیرللندر 5,,,6-Nov-25,729,,,,,,
,"$291,409 ",$4.21 ,,$66.50 ,"AFN 16,111,311",AFN 280,خریداری میخ فولادی و لابرتیپ به تعمیرللندر 5,,,6-Nov-25,730,,,,,,
,"$291,426 ",$16.84 ,,$66.50 ,"AFN 16,112,431","AFN 1,120",خریداری بیل و دستکش به تعمیرللندر 5,,,6-Nov-25,731,,,,,,
,"$291,449 ",$22.59 ,,$66.40 ,"AFN 16,113,931","AFN 1,500",خریداری تیل پطرول به موتر کرولا,,,8-Nov-25,732,,,,,,
,"$292,571 ","$1,121.99 ",,$66.40 ,"AFN 16,188,431","AFN 74,500",خریداری تخته خوازه به تعمیرللندر 5,,,8-Nov-25,733,,,,,,
,"$292,573 ",$1.96 ,,$66.40 ,"AFN 16,188,561",AFN 130,"خریداری لابرتیپ ترکی 1"" به تعمیرللندر 5",,,8-Nov-25,734,,,,,,
,"$292,607 ",$34.64 ,,$66.40 ,"AFN 16,190,861","AFN 2,300","خریداری چاقو,کتر,متر5 متره,قلف , آب ترازو,عینک, و پیچکش به تعمیرللندر 5",,,8-Nov-25,735,,,,,,
,"$292,620 ",$12.20 ,,$66.40 ,"AFN 16,191,671",AFN 810,"خریداری توپ, ریگمال و تایتر به تعمیرللندر 5",,,8-Nov-25,736,,,,,,
,"$292,620 ",$0.00 ,,$66.40 ,"AFN 16,191,671",AFN 0,خریداری شیر خشک اپتامیل به خانه ,,,8-Nov-25,737,,,,,,
,"$292,670 ",$50.30 ,,$66.40 ,"AFN 16,195,011","AFN 3,340","خریداری سامان آلات برقی از قبیل کلمپ 20 ملی ,کلمپ 10 ملی و غیره به تعمیرللندر5",,,8-Nov-25,738,,,,,,
,"$292,670 ",$0.00 ,,$66.50 ,"AFN 16,195,011",AFN 0,پرداخت و تصفیه حساب باقیمانده خریداری اجناس به لفت تعمیر کارته چهار,,,8-Nov-25,739,,,,,,
,"$292,715 ",$45.18 ,,$66.40 ,"AFN 16,198,011","AFN 3,000",خریداری تراز لایزری به تعمیرللندر 5,,,9-Nov-25,740,,,,,,
,"$292,727 ",$12.07 ,,$66.30 ,"AFN 16,198,811",AFN 800,"خریداری اسلوپ , سفید و سیاه به کاشی کاری تعمیرللندر 5",,,9-Nov-25,741,,,,,,
,"$292,739 ",$12.07 ,,$66.30 ,"AFN 16,199,611",AFN 800,پرداخت چاپ بل بوک های ساحوی به تعیمرللندر 5,,,9-Nov-25,742,,,,,,
,"$292,777 ",$37.71 ,,$66.30 ,#REF!,"AFN 2,500",پرداخت برای شرکت BMGS بابت تست 6 سلندر کانکریت تعمیرللندر 5,,,9-Nov-25,745,,,,,,
,"$292,781 ",$4.52 ,,$66.40 ,#REF!,AFN 300,خریداری مایع ظرفشویی و چای خشک به تعمیرللندر 5,,,10-Nov-25,746,,,,,,
,"$294,815 ","$2,033.67 ","$1,869 ",$66.40 ,#REF!,"AFN 10,934",خریداری تیل دیزل به جنراتور تعمیرللندر 5,,,10-Nov-25,747,,,,,,
,"$294,816 ",$0.75 ,,$66.40 ,#REF!,AFN 50,خریداری میخ فولادی به تعمیرللندر 5,,,10-Nov-25,748,,,,,,
,"$294,819 ",$2.71 ,,$66.40 ,#REF!,AFN 180,"خریداری میخ فولادی 6"" و 5"" به تعمیرللندر 5",,,10-Nov-25,749,,,,,,
,"$296,513 ","$1,694.28 ",,$66.40 ,#REF!,"AFN 112,500",پرداخت برای شرکت برادران صمدی بابت خریداری کاشی 100/100 و چسپ کاشی به تعمیرللندر 5,,,11-Nov-25,750,,,,,,
,"$296,558 ",$45.18 ,,$66.40 ,#REF!,"AFN 3,000",خریداری تیل پطرول به موتر لکسس,,,11-Nov-25,751,,,,,,
,"$296,612 ",$54.07 ,,$66.40 ,#REF!,"AFN 3,590","خریداری رنگ 85% ,برس,لورو غیره به واحد A19 تعمیرللندر4 گذرگاه ",,,11-Nov-25,752,,,,,,
,"$296,615 ",$2.71 ,,$66.40 ,#REF!,AFN 180,خریداری سرش فرش به دفتر,,,11-Nov-25,753,,,,,,
,"$296,633 ",$18.07 ,,$66.40 ,#REF!,"AFN 1,200",خریداری دریچه 20/40 به تعمیرللندر 5,,,11-Nov-25,754,,,,,,
,"$296,649 ",$16.27 ,,$66.40 ,#REF!,"AFN 1,080","خریداری لوازم آشپرخانه از قبیل قاب,کاسه, قاشق و غیره به دفتر",,,11-Nov-25,755,,,,,,
,"$296,767 ",$117.47 ,,$66.40 ,#REF!,"AFN 7,800","خریداری فلنج 5 ملی ترکی ,کنجی به تعمیرللندر 5",,,11-Nov-25,756,,,,,,
,"$296,887 ",$120.48 ,,$66.40 ,#REF!,"AFN 8,000",خریداری دو پایه جاروب برقی به خانه و دفتر,,,11-Nov-25,757,,,,,,
,"$296,891 ",$4.22 ,,$66.40 ,#REF!,AFN 280,"خریداری پیچ 2.5"" و دبل 10 ملی همراه با فلز 6 ملی به تعمیرللندر 5",,,11-Nov-25,758,,,,,,
,"$296,952 ",$60.36 ,,$66.40 ,#REF!,"AFN 4,008",خریداری یک چرخ آهن چادر 0.35 ملی به سیستم سرد کننده به تعمیرللندر 5,,,11-Nov-25,759,,,,,,
,"$297,087 ",$135.54 ,,$66.40 ,#REF!,"AFN 9,000",خریداری سیف 350 کیلویی به دفتر ,,,11-Nov-25,760,,,,,,
,"$297,116 ",$28.46 ,,$66.40 ,#REF!,"AFN 1,890","خریداری چرخ , پل چرخ به تعمیرللندر 5",,,11-Nov-25,761,,,,,,
,"$297,122 ",$6.02 ,,$66.40 ,#REF!,AFN 400,"خریداری نت و بولت , رنج و غیره به تعمیرللندر 5",,,11-Nov-25,762,,,,,,
,"$297,161 ",$39.01 ,,$66.40 ,#REF!,"AFN 2,590","خریداری مواد بهداشتی از قبیل پمپرز, بوی گیر, شامپو و غیره به خانه ",,,11-Nov-25,763,,,,,,
,"$297,167 ",$5.87 ,,$66.40 ,#REF!,AFN 390,"خریداری جرم گیرخورد,مایع شیشه پاکن,صافی و سرش به دفتر",,,11-Nov-25,764,,,,,,
,"$297,292 ",$125.30 ,,$66.40 ,#REF!,"AFN 8,320",خریداری پلیت 10 ملی 20/30 بخ تعمیرللندر 5,,,11-Nov-25,765,,,,,,
,"$297,292 ",$0.00 ,,$66.50 ,#REF!,AFN 0,پرداخت برای شرکت فراز آژمان بابتخریداری کاک سقفی به تعمیرللندر 5,,,13-Nov-25,766,,,,,,
,"$297,442 ",$150.38 ,,$66.50 ,#REF!,"AFN 10,000",پرداخت برای گل احمد ولد نور احمد بدست حسین پسرش به هدایت حاجی صبغت الله بخاطر وفات مادرش,,,13-Nov-25,767,,,,,,
,"$297,908 ",$466.17 ,,$66.50 ,#REF!,"AFN 31,000",پرداخت برای محمد ابراهیم بابت گچ کاری تعمیرللندر 5,,,13-Nov-25,768,,,,,,
,"$298,209 ",$300.75 ,,$66.50 ,#REF!,"AFN 20,000",پرداخت برای عبدلله بابت خشت کاری و پلستر کاری تعمیرللندر 5,,,13-Nov-25,769,,,,,,
,"$298,231 ",$21.84 ,,$66.40 ,#REF!,"AFN 1,450","پرداخت برای مصارفات عبدالرحیم بابت کرای موتر ,کارت مبایل و غیره",,,13-Nov-25,770,,,,,,
,"$300,116 ","$1,885.06 ","$1,870 ",$66.40 ,#REF!,"AFN 1,000",خریداری تیل پطرول به موتر کرولا,,,13-Nov-25,771,,,,,,
,"$300,143 ",$27.11 ,,$66.40 ,#REF!,"AFN 1,800",خریداری غذا از رستورانت به مهمانان دفتر,,,13-Nov-25,772,,,,,,
,"$300,181 ",$37.76 ,,$66.20 ,#REF!,"AFN 2,500",پرداخت فیس انترنت واحد 22 کارته سه از تاریخ 15 نوامبر الی 15 دسمبر 2025,,,15-Nov-25,773,,,,,,
,"$300,187 ",$6.34 ,,$66.20 ,#REF!,AFN 420,خریداری بوره به تعمیرللندر 5,,,15-Nov-25,774,,,,,,
,"$300,195 ",$8.16 ,,$66.20 ,#REF!,AFN 540,خریداری چاینک المونیمی و مایع ظرفشویی به تعمیرللندر 5,,,15-Nov-25,775,,,,,,
,"$300,199 ",$4.08 ,,$66.20 ,#REF!,AFN 270,خریداری پل اره به تعمیرللندر 5,,,15-Nov-25,776,,,,,,
,"$300,202 ",$2.64 ,,$66.20 ,#REF!,AFN 175,خریداری چای سبزماش دانه به دفتر ,,,15-Nov-25,777,,,,,,
,"$300,212 ",$9.82 ,,$66.20 ,#REF!,AFN 650,خریداری غذا از رستورانت به مهمانی دفتر,,,15-Nov-25,778,,,,,,
,"$300,212 ",$0.00 ,,$66.20 ,#REF!,AFN 0,پرداخت کرای آپارتمان نمبر 25 تعمیرللندر 2 جهت استفاده حاجی صاحب خلیل الله به هدایت حاجی رفییع الله از 15 عقرب 1404 الی 15 حوت 1404 فی ما ماه از قرار 400$ دالر امریکایی,,,15-Nov-25,779,,,,,,
,"$300,257 ",$45.32 ,,$66.20 ,#REF!,"AFN 3,000",پیش پرداخت برای فرید للندر بابت ماه عقرب 1404,,,15-Nov-25,780,,,,,,
,"$300,332 ",$75.19 ,,$66.50 ,#REF!,"AFN 5,000",پرداخت برای رسول نظری بابت شفته کاری و کاشی کاری تعمیرللندر 5 به هدایت حاجی عاشق الله ,,,15-Nov-25,781,,,,,,
,"$300,337 ",$4.51 ,,$66.50 ,#REF!,AFN 300,پرداخت برای فرید للندر بابت خریداری کارت به رایگان نمودن سیم کارت اش ,,,15-Nov-25,782,,,,,,
,"$300,370 ",$33.08 ,,$66.50 ,#REF!,"AFN 2,200",پرداخت فیس انترنت دفتر از تاریخ 15 نوامبر الی 15 دسمبر 2025 همراه با کرای موتر,,,15-Nov-25,783,,,,,,
,"$300,421 ",$51.25 ,,$66.20 ,#REF!,"AFN 3,393",پرداخت برای خبازی عبدالمطلب بابت خریداری نان خشک به دفترو تعمیرللندر 5,,,16-Nov-25,784,,,,,,
,"$300,501 ",$79.38 ,,$66.20 ,#REF!,"AFN 5,255",پرداخت تعرفه جواز سیر موتر کرولا نقره ایی به اسم قیام الدین ولد سید جلال الدین همراه باکمیشن بانکی ,,,16-Nov-25,785,,,,,,
,"$300,561 ",$60.42 ,,$66.20 ,#REF!,"AFN 4,000",پرداخت برای محمد سالم بابت سرن نمودن ریگ های زمین دارلامان به تعمیرللندر5,,,16-Nov-25,786,,,,,,
,"$300,596 ",$34.89 ,,$66.20 ,#REF!,"AFN 2,310","خریداری کیک به مهمانان دفتر,ترمیم بطری کمپیوتر ,ترمیم بطری بایوس کمپیوتر ,خریداری کتابچه صفایی به تعمیرپنج منزله گذرگاه,کارت مبایل به مدیر صفایی ,کچالو , آب گرمی , رومی تازه و مرچ تازه به دفتر ",,,16-Nov-25,787,,,,,,
,"$300,602 ",$5.57 ,,$66.20 ,#REF!,AFN 369,پرداخت برای خبازی عبدالمطلب بابت خریداری نان خشک به تعمیرللندر 1,,,16-Nov-25,788,,,,,,
,"$300,607 ",$5.28 ,,$66.50 ,#REF!,AFN 351,پرداخت برای خبازی عبدالمطلب بابت خریداری نان خشک به تعمیرللندر 2,,,16-Nov-25,789,,,,,,
,"$300,615 ",$8.39 ,,$66.50 ,#REF!,AFN 558,پرداخت برای خبازی عبدالمطلب بابت خریداری نان خشک به تعمیرللندر 3,,,16-Nov-25,790,,,,,,
,"$300,620 ",$5.27 ,,$66.40 ,#REF!,AFN 350,خریداری گوشت مرغ به دفتر کارته سه,,,17-Nov-25,791,,,,,,
,"$300,637 ",$16.57 ,,$66.40 ,#REF!,"AFN 1,100","خریداری لابرتیب کاغذی,فیوز63 امپیر به تعمیرللندر 5",,,17-Nov-25,792,,,,,,
,"$300,650 ",$13.40 ,,$66.40 ,#REF!,AFN 890,"خریداری پل چرخ,پل برمه,امبور,ترمینل و غیره به تعمیرللندر 5",,,17-Nov-25,793,,,,,,
,"$300,653 ",$2.11 ,,$66.40 ,#REF!,AFN 140,خریداری برشنگ و سامی اشتت به تعمیرلللندر 5,,,17-Nov-25,794,,,,,,
,"$302,527 ","$1,874.01 ","$1,871 ",$66.40 ,#REF!,AFN 200,خریداری نوشابه الکوزی به کارمندان ریاست برشنا بابت تعمیرللندر 5,,,17-Nov-25,795,,,,,,
,"$302,534 ",$7.53 ,,$66.40 ,#REF!,AFN 500,خریداری تیل پطرول به ماشین های ویبراتور تعمیرللندر 5,,,17-Nov-25,796,,,,,,
,"$302,568 ",$33.89 ,,$66.40 ,#REF!,"AFN 2,250",خریداری سیم جستی و سیخ ولدینگ به تعمیرللندر 5,,,17-Nov-25,797,,,,,,
,"$302,634 ",$66.27 ,,$66.40 ,#REF!,"AFN 4,400",پرداخت معاش عبدالرحیم ولد عبدالغفور بابت ماه میزان 1404,,,17-Nov-25,798,,,,,,
,"$302,785 ",$150.60 ,,$66.40 ,#REF!,"AFN 10,000",پیش پرداخت برای عبدالرحیم ولد عبدالغفور بابت ماه عقرب 1404,,,17-Nov-25,799,,,,,,
,"$302,785 ",$0.00 ,,$66.40 ,#REF!,AFN 0,پرداخت برای وکیل مدافع بابت جایداد عبدالله ولد عبدالحبیب ,,,17-Nov-25,800,,,,,,
,"$302,830 ",$45.18 ,,$66.40 ,#REF!,"AFN 3,000",خریداری مکسر بخاطر مکس کردن دوغ آب به کاشی های تعمیرللندر 5,,,17-Nov-25,801,,,,,,
,"$302,840 ",$9.94 ,,$66.40 ,#REF!,AFN 660,"پرداخت برای مصارف کرای موتر عبدالرحیم به صدور مجوز,شرکت تست خاک و شهرنو",,,17-Nov-25,802,,,,,,
,"$302,845 ",$5.12 ,,$66.40 ,#REF!,AFN 340,"خریداری برنج ,کچالو,زردک و شلغم به دفتر",,,17-Nov-25,803,,,,,,
,"$302,875 ",$30.12 ,,$66.40 ,#REF!,"AFN 2,000",خریداری تیل پطرول به موترلکسس,,,17-Nov-25,804,,,,,,
,"$303,018 ",$143.07 ,,$66.40 ,#REF!,"AFN 9,500",خریداری آب بازک کمیرشل 2.2 کیلوات به تعمیرللندر 5,,,17-Nov-25,805,,,,,,
,"$303,078 ",$59.94 ,,$66.40 ,#REF!,"AFN 3,980","خریداری سه ساکته,رنج,دستکش,نتو بولت, ریسمان,دولچه,دسته بیل و صندوق آب بازک به تعمیرللندر 5",,,17-Nov-25,806,,,,,,
,"$303,181 ",$102.26 ,,$66.40 ,#REF!,"AFN 6,790","خریداری دبل شیت هیلتی 12/120 ,چکش کلان ,رنج 19,پل برمه 12 ملی,پل پالش, پل برش 7"",دستکش , سیخ ولدینگ,شش رخی و متر 6 متره به تعمیرللندر 5",,,17-Nov-25,807,,,,,,
,"$303,233 ",$52.71 ,,$66.40 ,#REF!,"AFN 3,500",خریداری پلیت 8 ملی 10/20 به تعمیرللندر 5,,,17-Nov-25,808,,,,,,
,"$303,253 ",$20.03 ,,$66.40 ,#REF!,"AFN 1,330",خریداری صلیب و مواد کاشی کاری به تعمیرللندر 5,,,17-Nov-25,809,,,,,,
,"$303,301 ",$48.19 ,,$66.40 ,#REF!,"AFN 3,200",پرداخت سهم مصرف برق دوکان پل سرخ ,,,17-Nov-25,810,,,,,,
,"$303,316 ",$14.91 ,,$66.40 ,#REF!,AFN 990,خریداری گاز مایع به آشپزخانه دفتر کارته سه ,,,17-Nov-25,811,,,,,,
,"$303,536 ",$219.58 ,,$66.40 ,#REF!,"AFN 14,580",خریداری جالی راویز 9 کیلویی به تعمیرللندر 5,,,17-Nov-25,812,,,,,,
,"$303,663 ",$127.56 ,,$66.40 ,#REF!,"AFN 8,470",خریداری تیل دیزل به جنراتور تعمیرللندر 5,,,17-Nov-25,813,,,,,,
,"$303,694 ",$30.12 ,,$66.40 ,#REF!,"AFN 2,000",برداشت حاجی عاشق الله از سمیرللندر,,,18-Nov-25,814,,,,,,
,"$303,754 ",$60.24 ,,$66.40 ,#REF!,"AFN 4,000",برداشت حاجی عاشق الله از سمیرللندر,,,18-Nov-25,815,,,,,,
,"$306,099 ","$2,345.18 ",,$66.40 ,#REF!,"AFN 155,720",پرداخت فیس مکتب کادان اطفال خانه ,,,18-Nov-25,816,,,,,,
,"$306,171 ",$72.44 ,,$66.40 ,#REF!,"AFN 4,810",خریداری تیل پطرول به موتر هایلکس,,,18-Nov-25,817,,,,,,
,"$306,174 ",$3.01 ,,$66.40 ,#REF!,AFN 200,پرداخت برای مطیع الله بخاطر شستشوی موتر هایلکس,,,18-Nov-25,818,,,,,,
,"$308,053 ","$1,878.02 ","$1,872 ",$66.40 ,#REF!,AFN 400,خریداری مواد ضد زنگ به تعمیرللندر 5,,,18-Nov-25,819,,,,,,
,"$308,082 ",$29.22 ,,$66.40 ,#REF!,"AFN 1,940",خریداری بل نمبر 306,,,18-Nov-25,820,,,,,,
,"$308,142 ",$60.24 ,,$66.40 ,#REF!,"AFN 4,000",خریداری گوشت به خانه ,,,18-Nov-25,821,,,,,,
,"$308,158 ",$15.81 ,,$66.40 ,#REF!,"AFN 1,050",خریداری آبگرمی و سویچ به خانه ,,,18-Nov-25,822,,,,,,
,"$308,213 ",$55.72 ,,$66.40 ,#REF!,"AFN 3,700",خریداری میوه تازه از قبیل انار و انگور به خانه ,,,18-Nov-25,823,,,,,,
,"$308,217 ",$3.77 ,,$66.40 ,#REF!,AFN 250,خریداری سجی به انجنیران ناحیه سوم بخاطر تعمیرللندر 5,,,18-Nov-25,824,,,,,,
,"$308,223 ",$5.27 ,,$66.40 ,#REF!,AFN 350,خریداری میخ فولادی به تعمیرللندر 5,,,19-Nov-25,825,,,,,,
,"$308,294 ",$71.54 ,,$66.40 ,#REF!,"AFN 4,750",خریداری تیل پطرول به موتر هایلکس به تعمیرللندر 5 جلال آباد,,,19-Nov-25,826,,,,,,
,"$308,303 ",$9.04 ,,$66.40 ,#REF!,AFN 600,خریداری نان چاشت به انجنیران ناحیه سوم بخاطر ژورنال تعمیرللندر 5,,,19-Nov-25,827,,,,,,
,"$308,311 ",$8.13 ,,$66.40 ,#REF!,AFN 540,خریداری میخ فولادی به تعمیرللندر 5,,,19-Nov-25,828,,,,,,
,"$308,314 ",$2.41 ,,$66.40 ,#REF!,AFN 160,خریداری پل برمه به تعمیرللندر 5,,,19-Nov-25,829,,,,,,
,"$308,340 ",$26.05 ,,$66.40 ,#REF!,"AFN 1,730","خریداری چینل روک میز , قفلک الماری , کرای تکسی و نوار تخته الماری دفتر جدید",,,19-Nov-25,830,,,,,,
,"$308,362 ",$22.59 ,,$66.40 ,#REF!,"AFN 1,500",پرداخت برای پالش کاری موتر لکسس ,,,19-Nov-25,831,,,,,,
,"$308,370 ",$7.23 ,,$66.40 ,#REF!,AFN 480,خریداری قفل به دروازه دفتر جدید,,,19-Nov-25,832,,,,,,
,"$308,371 ",$1.51 ,,$66.40 ,#REF!,AFN 100,خریداری گاز مایع به دفتر,,,19-Nov-25,833,,,,,,
,"$308,372 ",$1.20 ,,$66.40 ,#REF!,AFN 80,"خریداری رومی , بادرنگ و پیاز به دفتر",,,19-Nov-25,834,,,,,,
,"$308,380 ",$7.53 ,,$66.40 ,#REF!,AFN 500,خریداری گوشت به دفتر,,,19-Nov-25,835,,,,,,
,"$308,386 ",$6.63 ,,$66.40 ,#REF!,AFN 440,"پرداخت برای مصارفات بیرونی عبدالرحیم بابت صدور مجوز,شاروالی ,ریاست محیط  و بانک ",,,19-Nov-25,836,,,,,,
,"$309,761 ","$1,374.25 ",,$66.40 ,#REF!,"AFN 91,250",پرداخت برای شرکت هرات الکتریک بابت بل نمبر 287 به تعمیرللندر 5,,,19-Nov-25,837,,,,,,
,"$309,763 ",$2.71 ,,$66.40 ,#REF!,AFN 180,پرداخت کرای تکسی معراج از دفتر به خانه و کرای موتر به ریاست محیط زیست شاروالی کرای یکطرفه ,,,19-Nov-25,838,,,,,,
,"$309,769 ",$5.42 ,,$66.40 ,#REF!,AFN 360,"خریداری گروپ , سویچ و دبل به دفتر",,,19-Nov-25,839,,,,,,
,"$311,918 ","$2,149.32 ",,$66.30 ,#REF!,"AFN 142,500",خریداری 250 خریطه سمنت ایرانی به تعمیرللندر 5,,,20-Nov-25,840,,,,,,
,"$311,921 ",$3.02 ,,$66.30 ,#REF!,AFN 200,پرداخت برای ادریس چوکیدار به هدایت حاجی عاشق الله ,,,20-Nov-25,841,,,,,,
,"$311,924 ",$3.02 ,,$66.30 ,#REF!,AFN 200,خریداری گاز به جنراتور 5 کیلوات به تعمیرللندر 5,,,20-Nov-25,842,,,,,,
,"$313,940 ","$2,015.53 ","$1,873 ",$66.30 ,#REF!,"AFN 9,450",خریداری تیل دیزل به جنراتور تعمیرللندر 5,,,20-Nov-25,843,,,,,,
,"$313,942 ",$2.26 ,,$66.30 ,#REF!,AFN 150,خریداری پل چرخ به تعمیرللندر 5,,,20-Nov-25,844,,,,,,
,"$313,943 ",$1.51 ,,$66.30 ,#REF!,AFN 100,خریداری پیاز به دفتر ,,,20-Nov-25,845,,,,,,
,"$313,945 ",$1.51 ,,$66.30 ,#REF!,AFN 100,خریداری مصاله بریانی به دفتر,,,20-Nov-25,846,,,,,,
,"$313,948 ",$2.71 ,,$66.30 ,#REF!,AFN 180,خریداری کچالو به دفتر ,,,20-Nov-25,847,,,,,,
,"$313,959 ",$11.76 ,,$66.30 ,#REF!,AFN 780,خریداری گوشت مرغ به دفتر,,,20-Nov-25,848,,,,,,
,"$313,966 ",$6.94 ,,$66.30 ,#REF!,AFN 460,خریداری پیاز و کچالو به دفتر,,,20-Nov-25,849,,,,,,
,"$314,419 ",$452.49 ,,$66.30 ,#REF!,"AFN 30,000",پرداخت برای محمد ابراهیم گچ کار بابت منزل ششم تعمیرللندر5,,,20-Nov-25,850,,,,,,
,"$315,173 ",$754.15 ,,$66.30 ,#REF!,"AFN 50,000",پرداخت برای عبدالله بابت خشت کاری و پلستر کاری تعمیرللندر 5,,,20-Nov-25,851,,,,,,
,"$315,393 ",$219.91 ,,$66.30 ,#REF!,"AFN 14,580",پرداخت برای خریداری جالی راویز به تعمیرللند 5,,,20-Nov-25,852,,,,,,
,"$315,544 ",$150.83 ,,$66.30 ,#REF!,"AFN 10,000","پرداخت برای محمد شریف نلدوان بابت سیستم نلدوانی آبرسانی , فاضلاب و مرکز گرمی تعمیرللندر 5",,,20-Nov-25,853,,,,,,
,"$315,996 ",$452.49 ,,$66.30 ,#REF!,"AFN 30,000",پرداخت برای رسول نظری بابت شفته ریزی و کانکریت تعمیرللندر 5,,,20-Nov-25,854,,,,,,
,"$316,147 ",$150.83 ,,$66.30 ,#REF!,"AFN 10,000",پرداخت برای سفر برقی بابت حساب باقیمانده تعمیرللندر 3 گذرگاه,,,20-Nov-25,855,,,,,,
,"$316,247 ",$100.15 ,,$66.30 ,#REF!,"AFN 6,640",پیش پرداخت برای علی جمعه ولد محمد باقر بابت ماه عقرب 1404,,,20-Nov-25,856,,,,,,
,"$316,292 ",$45.25 ,,$66.30 ,#REF!,"AFN 3,000",پیش پرداخت برای معراج بابت ماه میزان 1404,,,20-Nov-25,857,,,,,,
,"$317,095 ",$802.41 ,,$66.30 ,#REF!,"AFN 53,200",پرداخت برای کاکا بادام گل توسط روز الدین بابت خریداری مواد ساختمانی و انتقال ریگ از دارالمان به تعمیرللندر 5,,,20-Nov-25,858,,,,,,
,"$318,792 ","$1,696.83 ",,$66.30 ,#REF!,"AFN 112,500",پرداخت برای شرکت برادران صمدی بابت خریداری کاشی به تعمیرللندر 5,,,20-Nov-25,859,,,,,,
,"$318,860 ",$67.87 ,,$66.30 ,#REF!,"AFN 4,500",خریداری تیل پطرول به متر لکسس,,,20-Nov-25,860,,,,,,
,"$318,860 ",$0.75 ,,$66.30 ,#REF!,AFN 50,پرداخت کرای تکسی عرش از ورکشاب الی دفتر کارته چهار,,,20-Nov-25,861,,,,,,
,"$318,890 ",$30.17 ,,$66.30 ,#REF!,"AFN 2,000",برداشت عرش الله از دفتر,,,20-Nov-25,862,,,,,,
,"$318,921 ",$30.17 ,,$66.30 ,#REF!,"AFN 2,000",برداشت سمیر للندر از دفتر,,,20-Nov-25,863,,,,,,
,"$318,926 ",$5.14 ,,$66.20 ,#REF!,AFN 340,خریداری مایع ظرفشویی و بوره به تعمیرللندر 5,,,22-Nov-25,864,,,,,,
,"$318,980 ",$54.38 ,,$66.20 ,#REF!,"AFN 3,600","پرداخت برای مبلایل تبدیلی ,فلتر تیل ,فلتر مبلایل و آب انتر فریز به جنراتور تعمیرللندر5",,,22-Nov-25,865,,,,,,
,"$318,988 ",$8.16 ,,$66.20 ,#REF!,AFN 540,"پرداخت برای عبدالرحیم بابت مصارف کرای موتر به ریاست برشنا , صدور مجوز,چمن حضوری و دهمزنگ ",,,22-Nov-25,866,,,,,,
,"$320,877 ","$1,889.11 ","$1,874 ",$66.20 ,#REF!,"AFN 1,000",خریداری پتو به سمیر للندر,,,22-Nov-25,867,,,,,,
,"$320,885 ",$7.55 ,,$66.20 ,#REF!,AFN 500,پرداخت برای خریداری جالی برای سرن کاری ریگ های زمین دارلامان به للندر 5,,,22-Nov-25,868,,,,,,
,"$320,935 ",$49.85 ,,$66.20 ,#REF!,"AFN 3,300",پرداخت معاش باقیمانده ماه عقرب 1404 عبدالرحیم ولد عبدالغفور,,,22-Nov-25,869,,,,,,
,"$320,942 ",$7.55 ,,$66.20 ,#REF!,AFN 500,پیش پرداخت برای فرید للندر بابت ماه عقرب 1404,,,22-Nov-25,870,,,,,,
,"$321,214 ",$271.90 ,,$66.20 ,#REF!,"AFN 18,000",پرداخت معاش باقیمانده ماه میزان 1404 معراج الدین ولد دادالله,,,22-Nov-25,871,,,,,,
,"$321,343 ",$128.40 ,,$66.20 ,#REF!,"AFN 8,500",پرداخت معاش باقیمانده ادریس ولد دولت بابت ماه عقرب 1404,,,22-Nov-25,872,,,,,,
,"$321,396 ",$52.87 ,,$66.20 ,#REF!,"AFN 3,500",پرداخت معاش باقیمانده زین الله بابت ماه عقرب 1404,,,22-Nov-25,873,,,,,,
,"$321,432 ",$36.25 ,,$66.20 ,#REF!,"AFN 2,400",پرداخت معاش 6 روزه ماه عقرب صابر ولد عصمت الله بابت تعمیرللندر 5,,,22-Nov-25,874,,,,,,
,"$321,583 ",$151.06 ,,$66.20 ,#REF!,"AFN 10,000",پرداخت معاش هارون ولد فیض محمد بابت ماه عقرب 1404,,,22-Nov-25,875,,,,,,
,"$321,583 ",$0.00 ,,$66.20 ,#REF!,AFN 0,پرداخت برای شرکت زمزم استیل و تصفیه حساب خریداری سیخ گول به تعمیرللندر 5,22-Nov-25,پرداخت برای شرکت زمزم استیل و تصفیه حساب خریداری سیخ گول به تعمیرللندر 5,22-Nov-25,876,,,,,,
,"$321,585 ",$2.26 ,,$66.30 ,#REF!,AFN 150,خریداری یک کیلو متر به دفتر,,,23-Nov-25,877,,,,,,
,"$321,588 ",$2.41 ,,$66.30 ,#REF!,AFN 160,"خریداری کچالو,زردک,شلغم و رومی به دفتر",,,23-Nov-25,878,,,,,,
,"$321,629 ",$41.09 ,,$66.30 ,#REF!,"AFN 2,724",پرداخت بل های برق تعمیرللندر 5 بابت ماه میزان 1404,,,23-Nov-25,879,,,,,,
,"$321,779 ",$150.83 ,,$66.30 ,#REF!,"AFN 10,000",پرداخت برای ابراهیم گچ کار بابت تعمیرللندر 5 به هدایت حاجی صبغت الله ,,,23-Nov-25,880,,,,,,
,"$321,850 ",$70.89 ,,$66.30 ,#REF!,"AFN 4,700",خریداری تیل پطرول به موتر هایلکس ,24-Nov-25,خریداری تیل پطرول به موتر هایلکس ,24-Nov-25,881,,,,,,
,"$321,853 ",$2.71 ,,$66.30 ,#REF!,AFN 180,خریداری گاز مایع به دفتر,24-Nov-25,خریداری گاز مایع به دفتر,24-Nov-25,882,,,,,,
,"$321,855 ",$1.81 ,,$66.30 ,#REF!,AFN 120,خریداری خلال زردک و کشمش به دفتر,24-Nov-25,خریداری خلال زردک و کشمش به دفتر,24-Nov-25,883,,,,,,
,"$321,862 ",$7.54 ,,$66.30 ,#REF!,AFN 500,خریداری گوشت به دفتر ,24-Nov-25,خریداری گوشت به دفتر ,24-Nov-25,884,,,,,,
,"$321,864 ",$1.36 ,,$66.30 ,#REF!,AFN 90,"خریداری بادنجان رومی , بادرنگ و مرچ تازه به دفتر ",24-Nov-25,"خریداری بادنجان رومی , بادرنگ و مرچ تازه به دفتر ",24-Nov-25,885,,,,,,
,"$321,874 ",$10.06 ,,$66.30 ,#REF!,AFN 667,پرداخت معاش محمد نوید ولد محمد عالم بابت دو روزه ماه میزان 1404,24-Nov-25,پرداخت معاش محمد نوید ولد محمد عالم بابت دو روزه ماه میزان 1404,24-Nov-25,886,,,,,,
,"$321,987 ",$113.12 ,,$66.30 ,#REF!,"AFN 7,500",پرداخت معاش باقیمانده محمد نوید ولد محمد عالم بابت دو روزه ماه عقرب 1404 بابت تعمیرللندر 4,24-Nov-25,پرداخت معاش باقیمانده محمد نوید ولد محمد عالم بابت دو روزه ماه عقرب 1404 بابت تعمیرللندر 4,24-Nov-25,887,,,,,,
,"$322,002 ",$15.08 ,,$66.30 ,#REF!,"AFN 1,000",پرداخت فیس کلپ سمیرللندر بابت ماه قوس 1404,24-Nov-25,پرداخت فیس کلپ سمیرللندر بابت ماه قوس 1404,24-Nov-25,888,,,,,,
,"$322,077 ",$75.41 ,,$66.30 ,#REF!,"AFN 5,000",پرداخت معاش باقیمانده شریف الله ولد فیض محمد بابت ماه عقرب 1404,24-Nov-25,پرداخت معاش باقیمانده شریف الله ولد فیض محمد بابت ماه عقرب 1404,24-Nov-25,889,,,,,,
,"$322,098 ",$20.66 ,,$66.30 ,#REF!,"AFN 1,370","خریداری پل برش , رجه ,پلاس به تعمیرللندر 5",24-Nov-25,"خریداری پل برش , رجه ,پلاس به تعمیرللندر 5",24-Nov-25,890,,,,,,
,"$323,991 ","$1,892.50 ","$1,875 ",$66.30 ,#REF!,"AFN 1,160","خریداری بوری ,دسته کلند , پل برمه و پیچکش به تعمیرللندر 5",24-Nov-25,"خریداری بوری ,دسته کلند , پل برمه و پیچکش به تعمیرللندر 5",24-Nov-25,891,,,,,,
,"$324,011 ",$20.66 ,,$66.30 ,#REF!,"AFN 1,370","خریداری پل برش, رجه , میخ, پلاس, امبور و پلک به تعمیری للندر 5",,,24-Nov-25,892,,,,,,
,"$324,034 ",$22.59 ,,$66.40 ,#REF!,"AFN 1,500",پیش پرداخت ادریس ولد دولت بابت ماه قوس 1404,,,24-Nov-25,893,,,,,,
,"$324,036 ",$2.41 ,,$66.30 ,#REF!,AFN 160,خریداری آب گرمی به تعمیر للندر 5,,,24-Nov-25,894,,,,,,
,"$324,070 ",$33.94 ,,$66.30 ,#REF!,"AFN 2,250",خریداری سیم جستی و  سیخ ولدینگ به تعمیرللندر 5,24-Nov-25,خریداری سیم جستی و  سیخ ولدینگ به تعمیرللندر 5,24-Nov-25,895,,,,,,
,"$324,077 ",$7.09 ,,$66.30 ,#REF!,AFN 470,"خریداری پل چرخ , چپ راست به تعمیرللندر 5",24-Nov-25,"خریداری پل چرخ , چپ راست به تعمیرللندر 5",24-Nov-25,896,,,,,,
,"$324,092 ",$15.08 ,,$66.30 ,#REF!,"AFN 1,000",پرداخت فیس مسجد اطفال خانه ,24-Nov-25,پرداخت فیس مسجد اطفال خانه ,24-Nov-25,897,,,,,,
,"$324,115 ",$22.62 ,,$66.30 ,#REF!,"AFN 1,500",پرداخت اجرت نصب سیستم سولر دفتر ,24-Nov-25,پرداخت اجرت نصب سیستم سولر دفتر ,24-Nov-25,898,,,,,,
,"$324,122 ",$6.94 ,,$66.30 ,#REF!,AFN 460,"پراخت برای مصارف کرای موتر عبدالرحیم بابت نان چاشت , کرای موتر به دهمزنگ و فوتوکاپی اسناد ها",26-Nov-25,"پراخت برای مصارف کرای موتر عبدالرحیم بابت نان چاشت , کرای موتر به دهمزنگ و فوتوکاپی اسناد ها",26-Nov-25,899,,,,,,
,"$324,139 ",$17.50 ,,$66.30 ,#REF!,"AFN 1,160","پرداخت برای عبدالرحیم بابت پرداخت به وکیل کارته چهار , نان چاشت مطیع الله و عبدالرحیم و چاپ عکس و فوتوکاپی اسناد ",26-Nov-25,"پرداخت برای عبدالرحیم بابت پرداخت به وکیل کارته چهار , نان چاشت مطیع الله و عبدالرحیم و چاپ عکس و فوتوکاپی اسناد ",26-Nov-25,900,,,,,,
,"$324,142 ",$2.41 ,,$66.30 ,#REF!,AFN 160,خریداری پل چرخ به تعمیرللندر 5,26-Nov-25,خریداری پل چرخ به تعمیرللندر 5,26-Nov-25,901,,,,,,
,"$324,144 ",$2.11 ,,$66.30 ,#REF!,AFN 140,خریداری رومی و روب به دفتر,26-Nov-25,خریداری رومی و روب به دفتر,26-Nov-25,902,,,,,,
,"$324,159 ",$15.38 ,,$66.30 ,#REF!,"AFN 1,020",خریداری گاز مایع به دفتر,26-Nov-25,خریداری گاز مایع به دفتر,26-Nov-25,903,,,,,,
,"$324,177 ",$18.10 ,,$66.30 ,#REF!,"AFN 1,200",خریداری شرینی از قبیل کلچه به خانه ,26-Nov-25,خریداری شرینی از قبیل کلچه به خانه ,26-Nov-25,904,,,,,,
,"$324,509 ",$331.83 ,,$66.30 ,#REF!,"AFN 22,000",خریداری مواد ایزوگام به تشناب های تعمیرللندر 5 ,26-Nov-25,خریداری مواد ایزوگام به تشناب های تعمیرللندر 5 ,26-Nov-25,905,,,,,,
,"$324,539 ",$30.17 ,,$66.30 ,#REF!,"AFN 2,000",پیش پرداخت برای احمد فرید للندر بابت ماه قوس 1404,26-Nov-25,پیش پرداخت برای احمد فرید للندر بابت ماه قوس 1404,26-Nov-25,906,,,,,,
,"$324,562 ",$22.62 ,,$66.30 ,#REF!,"AFN 1,500",پرداخت برای خریداری گاز مایع به ایزوگام کار و برداشت عرش از حاجی عاشق الله ,26-Nov-25,پرداخت برای خریداری گاز مایع به ایزوگام کار و برداشت عرش از حاجی عاشق الله ,26-Nov-25,907,,,,,,
,"$324,572 ",$9.80 ,,$66.30 ,#REF!,AFN 650,خریداری ماهی به حاجی صاحب کلان ,25-Nov-25,خریداری ماهی به حاجی صاحب کلان ,25-Nov-25,908,,,,,,
,"$324,594 ",$22.62 ,,$66.30 ,#REF!,"AFN 1,500",برداشت عرش الله بخاطر خریداری گوشت به خانه ,25-Nov-25,برداشت عرش الله بخاطر خریداری گوشت به خانه ,25-Nov-25,909,,,,,,
,"$324,745 ",$150.83 ,,$66.30 ,#REF!,"AFN 10,000",پرداخت برای استاد خانه گی بخاطر تدریس اطفال خانه,25-Nov-25,پرداخت برای استاد خانه گی بخاطر تدریس اطفال خانه,25-Nov-25,910,,,,,,
,"$324,815 ",$69.38 ,,$66.30 ,#REF!,"AFN 4,600",خریداری تیل پطرول به موتر لکسس,25-Nov-25,خریداری تیل پطرول به موتر لکسس,25-Nov-25,911,,,,,,
,"$324,963 ",$147.81 ,,$66.30 ,#REF!,"AFN 9,800",خریداری تیل دیزل به جنراتور تعمیرللندر 5,25-Nov-25,خریداری تیل دیزل به جنراتور تعمیرللندر 5,25-Nov-25,912,,,,,,
,"$324,969 ",$6.03 ,,$66.30 ,#REF!,AFN 400,خریداری گاز مایع به ایزوگام کار توسط حاجی عاشق الله للندر 5,25-Nov-25,خریداری گاز مایع به ایزوگام کار توسط حاجی عاشق الله للندر 5,25-Nov-25,913,,,,,,
,"$324,978 ",$9.05 ,,$66.30 ,#REF!,AFN 600,خریداری گاز مایع به ایزوگام کارللندر 5,25-Nov-25,خریداری گاز مایع به ایزوگام کارللندر 5,25-Nov-25,914,,,,,,
,"$326,856 ","$1,878.71 ","$1,876 ",$66.30 ,#REF!,AFN 180,خریداری گاز مایع به جنراتور خورد للندر 5,25-Nov-25,خریداری گاز مایع به جنراتور خورد للندر 5,25-Nov-25,915,,,,,,
,"$326,861 ",$4.98 ,,$66.30 ,#REF!,AFN 330,"خریداری بادنجان سیاه, رومی ,چکه و مرچ تازه به دفتر",25-Nov-25,"خریداری بادنجان سیاه, رومی ,چکه و مرچ تازه به دفتر",25-Nov-25,916,,,,,,
,"$326,864 ",$3.02 ,,$66.30 ,#REF!,AFN 200,پرداخت معاش باقیمانده احمد فرید للندر بابت ماه عقرب 1404,25-Nov-25,پرداخت معاش باقیمانده احمد فرید للندر بابت ماه عقرب 1404,25-Nov-25,917,,,,,,
,"$326,864 ",$0.00 ,,$66.30 ,#REF!,AFN 0,پرداخت برای عمران تکت فروش بابت تکت حاجی رفیع الله و بریالی از امریکا به کابل,25-Nov-25,,25-Nov-25,918,,,,,,
,"$326,958 ",$93.66 ,,$66.20 ,#REF!,"AFN 6,200",پرداخت برای شرکت تجارتی اتحاد بابت مواد واپس شده توسط حاجی عاشق الله ,,,27-Nov-25,919,,,,,,
,"$328,254 ","$1,296.37 ",,$66.20 ,#REF!,"AFN 85,820",پرداخت برای شرکت تجارتی اتحاد بابت مواد مرکزگرمی به تعمیرللندر 5,,,27-Nov-25,920,,,,,,
,"$328,255 ",$0.76 ,,$66.20 ,#REF!,AFN 50,خریداری پل برش به تعمیرللندر 5,,,27-Nov-25,921,,,,,,
,"$328,264 ",$9.06 ,,$66.20 ,#REF!,AFN 600,خریداری گاز به ایزوگام تشنابهای تعمیرللندر 5,,,27-Nov-25,922,,,,,,
,"$328,266 ",$1.81 ,,$66.20 ,#REF!,AFN 120,خریداری قلفک الماری به تعمیرللندر 5,,,27-Nov-25,923,,,,,,
,"$328,269 ",$3.02 ,,$66.20 ,#REF!,AFN 200,خریداری قلفک الماری به تعمیرللندر 5,,,27-Nov-25,924,,,,,,
,"$328,298 ",$28.70 ,,$66.20 ,#REF!,"AFN 1,900","خریداری پایپ خرطومی ,قطعی 4/4 به تعمیرللندر 5",,,27-Nov-25,925,,,,,,
,"$328,316 ",$18.13 ,,$66.20 ,#REF!,"AFN 1,200",خریداری نل جوتنی به تعمیرللندر 5,,,27-Nov-25,926,,,,,,
,"$328,323 ",$7.55 ,,$66.20 ,#REF!,AFN 500,خریداری جوس تازه به مهمانان دفتر ,,,27-Nov-25,927,,,,,,
,"$328,881 ",$557.40 ,,$66.20 ,#REF!,"AFN 36,900",پرداخت برای شرکت قلب آسیا بابت خریداری گچ سفید به تعمیرللندر 5,,,27-Nov-25,928,,,,,,
,"$328,883 ",$2.42 ,,$66.20 ,#REF!,AFN 160,"خریداری بالتی لایزر , توش به تعمیرللندر 5",,,27-Nov-25,929,,,,,,
,"$330,583 ","$1,699.40 ",,$66.20 ,#REF!,"AFN 112,500",پرداخت برای شرکت تجارتی برادران صمدی بابت خریداری گرانیت سفید به تعمیرللندر 5,,,27-Nov-25,930,,,,,,
,"$330,721 ",$138.60 ,,$66.20 ,#REF!,"AFN 9,175",خریداری مواد کاشی کاری از شرکت کابل ترید توسط رسول نظری به تعمیرللندر 5,,,27-Nov-25,931,,,,,,
,"$330,749 ",$27.64 ,,$66.20 ,#REF!,"AFN 1,830",خریداری مواد کاشی کاری از شرکت کابل ترید توسط رسول نظری به تعمیرللندر 5,,,27-Nov-25,932,,,,,,
,"$331,102 ",$353.47 ,,$66.20 ,#REF!,"AFN 23,400",خریداری چسپ به کاشی کاری تعمیرللندر 5,,,27-Nov-25,933,,,,,,
,"$331,117 ",$15.11 ,,$66.20 ,#REF!,"AFN 1,000",پرداخت کرای موتر بابت انتقال چسپ کاشی به تعمیرللندر 5,,,27-Nov-25,934,,,,,,
,"$331,344 ",$226.59 ,,$66.20 ,#REF!,"AFN 15,000",پرداخت برای عبدالرسول بابت کاشی کاری و شفته ریزی تعمیرللندر 5,,,27-Nov-25,935,,,,,,
,"$331,797 ",$453.17 ,,$66.20 ,#REF!,"AFN 30,000",پرداخت برای محمد ابراهیم گچ کار بابت تعمیرللندر 5,,,27-Nov-25,936,,,,,,
,"$332,335 ",$537.76 ,,$66.20 ,#REF!,"AFN 35,600",پرداخت برای روز الدین بابت تعمیرللندر 5,,,27-Nov-25,937,,,,,,
,"$332,338 ",$2.87 ,,$66.20 ,#REF!,AFN 190,خریداری وال به تعمیرللندر 5,,,27-Nov-25,938,,,,,,
,"$334,216 ","$1,878.51 ","$1,877 ",$66.20 ,#REF!,AFN 100,خریداری میخ فولادی به تعمیرللندر 5,,,27-Nov-25,939,,,,,,
,"$334,216 ",$0.00 ,,$66.20 ,#REF!,AFN 0,پرداخت برای حاجی شریف بابت خریداری مواد فلزکاری به تعمیرللندر 5 ,27-Nov-25,,27-Nov-25,940,,,,,,
,"$334,216 ",$0.00 ,,$66.20 ,#REF!,AFN 0,پرداخت برای درواز بدخشان بابت خریداری مواد نلدوانی به تعمیرللندر 5,27-Nov-25,پرداخت برای درواز بدخشان بابت خریداری مواد نلدوانی به تعمیرللندر 5,27-Nov-25,941,,,,,,
,"$334,224 ",$7.55 ,,$66.20 ,#REF!,AFN 500,پیش پرداخت برای زین الله بابت ماه قوس 1404,28-Nov-25,پیش پرداخت برای زین الله بابت ماه قوس 1404,28-Nov-25,942,,,,,,
,"$334,229 ",$5.14 ,,$66.20 ,#REF!,AFN 340,"پرداخت برای مصرف کرای موتر عبدالرحیم صدور مجوز , دهمزنگ و غیره ",28-Nov-25,"پرداخت برای مصرف کرای موتر عبدالرحیم صدور مجوز , دهمزنگ و غیره ",28-Nov-25,943,,,,,,
,"$334,237 ",$7.55 ,,$66.20 ,#REF!,AFN 500,پیش پرداخت برای شریف الله بابت ماه قوس 1404,28-Nov-25,پیش پرداخت برای شریف الله بابت ماه قوس 1404,28-Nov-25,944,,,,,,
,"$334,238 ",$1.51 ,,$66.20 ,#REF!,AFN 100,برداخت برای سفر برقی بابخاطر خریداری کلفت به تعمیرللندر 5,28-Nov-25,برداخت برای سفر برقی بابخاطر خریداری کلفت به تعمیرللندر 5,28-Nov-25,945,,,,,,
,"$334,268 ",$30.21 ,,$66.20 ,#REF!,"AFN 2,000",برداشت سمیر للندر از دفتر,28-Nov-25,برداشت سمیر للندر از دفتر,28-Nov-25,946,,,,,,
,"$334,298 ",$30.21 ,,$66.20 ,#REF!,"AFN 2,000",برداشت عرش الله از دفتر,28-Nov-25,برداشت عرش الله از دفتر,28-Nov-25,947,,,,,,
,"$334,344 ",$45.32 ,,$66.20 ,#REF!,"AFN 3,000",خریداری 50 پاکت چینل سیاه به کاشی کاری تعمیرللندر 5,29-Nov-25,خریداری 50 پاکت چینل سیاه به کاشی کاری تعمیرللندر 5,29-Nov-25,948,,,,,,
,"$334,380 ",$35.80 ,,$66.20 ,#REF!,"AFN 2,370",خریداری چسپ کاشی به تعمیرللندر 5,29-Nov-25,خریداری چسپ کاشی به تعمیرللندر 5,29-Nov-25,949,,,,,,
,"$334,443 ",$63.44 ,,$66.20 ,#REF!,"AFN 4,200",خریداری تیل پطرول به موتر هایلکس,29-Nov-25,خریداری تیل پطرول به موتر هایلکس,29-Nov-25,950,,,,,,
,"$334,447 ",$4.38 ,,$66.20 ,#REF!,AFN 290,پرداخت کرای موتر عبدالرحیم بابت طی مراحل اسناد مالیتاتی و صدور مجوز ,29-Nov-25,پرداخت کرای موتر عبدالرحیم بابت طی مراحل اسناد مالیتاتی و صدور مجوز ,29-Nov-25,951,,,,,,
,"$334,454 ",$6.50 ,,$66.20 ,#REF!,AFN 430,خریداری موز پت و فلش  به دفتر,29-Nov-25,خریداری موز پت و فلش  به دفتر,29-Nov-25,952,,,,,,
,"$334,457 ",$3.02 ,,$66.20 ,#REF!,AFN 200,خریداری دو کواتر مبلایل به جنراتور تعمیرللندر 5,29-Nov-25,خریداری دو کواتر مبلایل به جنراتور تعمیرللندر 5,29-Nov-25,953,,,,,,
,"$334,472 ",$15.11 ,,$66.20 ,#REF!,"AFN 1,000",پیش پرداخت برای علی احمد توسط حاجی عاشق الله,29-Nov-25,پیش پرداخت برای علی احمد توسط حاجی عاشق الله,29-Nov-25,954,,,,,,
,"$334,475 ",$3.02 ,,$66.30 ,#REF!,AFN 200,خریداری چای سبز به تعمیرللندر 5,30-Nov-25,خریداری چای سبز به تعمیرللندر 5,30-Nov-25,955,,,,,,
,"$334,494 ",$19.31 ,,$66.30 ,#REF!,"AFN 1,280",خریداری گوشت مرغ به دفتر کارته سه ,30-Nov-25,خریداری گوشت مرغ به دفتر کارته سه ,30-Nov-25,956,,,,,,
,"$334,495 ",$0.75 ,,$66.30 ,#REF!,AFN 50,خریداری کچالو به دفتر,30-Nov-25,خریداری کچالو به دفتر,30-Nov-25,957,,,,,,
,"$334,497 ",$1.51 ,,$66.30 ,#REF!,AFN 100,خریداری مصاله بریانی به دفتر,30-Nov-25,خریداری مصاله بریانی به دفتر,30-Nov-25,958,,,,,,
,"$334,512 ",$15.08 ,,$66.30 ,#REF!,"AFN 1,000",خریداری گاز مایع به دفتر,30-Nov-25,خریداری گاز مایع به دفتر,30-Nov-25,959,,,,,,
,"$334,521 ",$9.05 ,,$66.30 ,#REF!,AFN 600,خریداری چنیج آور به سیستم سولری برق خانه ,30-Nov-25,خریداری چنیج آور به سیستم سولری برق خانه ,30-Nov-25,960,,,,,,
,"$334,527 ",$6.64 ,,$66.30 ,#REF!,AFN 440,خریداری سیخ ولدینگ به تعمیرللندر 5,30-Nov-25,خریداری سیخ ولدینگ به تعمیرللندر 5,30-Nov-25,961,,,,,,
,"$334,535 ",$7.24 ,,$66.30 ,#REF!,AFN 480,خریداری پلک برق به تعمیرللندر 5,30-Nov-25,خریداری پلک برق به تعمیرللندر 5,30-Nov-25,962,,,,,,
,"$336,420 ","$1,884.94 ","$1,878 ",$66.30 ,#REF!,AFN 460,خریداری پیاز و کچالو به دفتر,30-Nov-25,خریداری پیاز و کچالو به دفتر,30-Nov-25,963,,,,,,
,"$336,429 ",$9.65 ,,$66.30 ,#REF!,AFN 640,خریداری روغن مایع 5 لیتره به دفتر,30-Nov-25,خریداری روغن مایع 5 لیتره به دفتر,30-Nov-25,964,,,,,,
,"$336,432 ",$3.02 ,,$66.30 ,#REF!,AFN 200,خریداری روغن خورد به دفتر,30-Nov-25,خریداری روغن خورد به دفتر,30-Nov-25,965,,,,,,
,"$336,441 ",$9.05 ,,$66.30 ,#REF!,AFN 600,خریداری دو کیلن مواد ضد زنگ توسط حاجی عاشق الله به تعمیرللندر 5,30-Nov-25,خریداری دو کیلن مواد ضد زنگ توسط حاجی عاشق الله به تعمیرللندر 5,30-Nov-25,966,,,,,,
,"$336,471 ",$30.17 ,,$66.30 ,#REF!,"AFN 2,000",خریداری تیل پطرول به موتر لکسس توسط عرش الله,30-Nov-25,خریداری تیل پطرول به موتر لکسس توسط عرش الله,30-Nov-25,967,,,,,,
,"$336,481 ",$9.05 ,,$66.30 ,#REF!,AFN 600,خریداری گاز مایع به ایزوگام تشنابهای تعمیرللندر 5,30-Nov-25,خریداری گاز مایع به ایزوگام تشنابهای تعمیرللندر 5,30-Nov-25,968,,,,,,
,"$336,655 ",$174.96 ,,$66.30 ,#REF!,"AFN 11,600",خریداری چسپ کاشی سفید به تعمیرللندر 5,30-Nov-25,خریداری چسپ کاشی سفید به تعمیرللندر 5,30-Nov-25,969,,,,,,
,"$336,867 ",$211.16 ,,$66.30 ,#REF!,"AFN 14,000",پرداخت معاش مطیع الله سهاک بابت ماه عقرب 1404,30-Nov-25,پرداخت معاش مطیع الله سهاک بابت ماه عقرب 1404,30-Nov-25,970,,,,,,
,"$336,882 ",$15.08 ,,$66.30 ,#REF!,"AFN 1,000",خریداری کارت مبایل برای حاجی رفیع الله توسط مطیع الله,30-Nov-25,خریداری کارت مبایل برای حاجی رفیع الله توسط مطیع الله,30-Nov-25,971,,,,,,
,"$336,887 ",$4.83 ,,$66.30 ,#REF!,AFN 320,"خریداری مواد خوراکه مطر , کچالو, زردک و شلغم",30-Nov-25,"خریداری مواد خوراکه مطر , کچالو, زردک و شلغم",30-Nov-25,972,,,,,,
,"$336,887 ",$0.00 ,,$66.30 ,#REF!,AFN 0,پرداخت برای شرکت ALTON بابت نصب PVC تعمیرللندر 5,30-Nov-25,پرداخت برای شرکت ALTON بابت نصب PVC تعمیرللندر 5,30-Nov-25,973,,,,,,
,"$337,068 ",$181.00 ,,$66.30 ,#REF!,"AFN 12,000",پرداخت برای خریداری خشت اول به تعمیرللندر 5,1-Dec-25,پرداخت برای خریداری خشت اول به تعمیرللندر 5,1-Dec-25,974,,,,,,
,"$337,213 ",$145.70 ,,$66.30 ,#REF!,"AFN 9,660",پرداخت برای خریداری تیل جنراتور به تعمیرللندر 5,1-Dec-25,پرداخت برای خریداری تیل جنراتور به تعمیرللندر 5,1-Dec-25,975,,,,,,
,"$337,216 ",$3.02 ,,$66.30 ,#REF!,AFN 200,پرداخت برای خریداری کارت مبایل به ادریس چوکیدار للندر 5,1-Dec-25,پرداخت برای خریداری کارت مبایل به ادریس چوکیدار للندر 5,1-Dec-25,976,,,,,,
,"$337,218 ",$1.51 ,,$66.30 ,#REF!,AFN 100,خریداری کچالو و واشل دیگ به دفتر کارته سه ,1-Dec-25,خریداری کچالو و واشل دیگ به دفتر کارته سه ,1-Dec-25,977,,,,,,
,"$339,160 ","$1,941.93 ",,$66.30 ,#REF!,"AFN 128,750",پرداخت برای حاجی عبدالکریم بابت خریداری سمنت به تعمیرللندر 5,1-Dec-25,پرداخت برای حاجی عبدالکریم بابت خریداری سمنت به تعمیرللندر 5,1-Dec-25,978,,,,,,
,"$339,461 ",$301.66 ,,$66.30 ,#REF!,"AFN 20,000",پرداخت برای عرش الله بخاطر مصارف خانه به هدایت حاجی عاشق الله,1-Dec-25,پرداخت برای عرش الله بخاطر مصارف خانه به هدایت حاجی عاشق الله,1-Dec-25,979,,,,,,
,"$339,560 ",$98.79 ,,$66.30 ,#REF!,"AFN 6,550",برداشت حاجی عاشق الله از دفتر ,1-Dec-25,برداشت حاجی عاشق الله از دفتر ,1-Dec-25,980,,,,,,
,"$339,612 ",$52.04 ,,$66.30 ,#REF!,"AFN 3,450",خریداری چسپ کاشی توسط حاجی عاشق الله ,1-Dec-25,خریداری چسپ کاشی توسط حاجی عاشق الله ,1-Dec-25,981,,,,,,
,"$339,877 ",$264.71 ,,$66.30 ,#REF!,"AFN 17,550",پردخت برای شرکت آغا ضیا سادات بابت ایزوگام تشنابهای تعمیرللندر 5,1-Dec-25,پردخت برای شرکت آغا ضیا سادات بابت ایزوگام تشنابهای تعمیرللندر 5,1-Dec-25,982,,,,,,
,"$339,899 ",$21.87 ,,$66.30 ,#REF!,"AFN 1,450",خریداری پل چرخ به سایز مختلف هب تعمیرللندر 5,1-Dec-25,خریداری پل چرخ به سایز مختلف هب تعمیرللندر 5,1-Dec-25,983,,,,,,
,"$340,011 ",$111.92 ,,$66.30 ,#REF!,"AFN 7,420","خریداری پل چرخ نازک , پل کانکریت و سنگ پالش به تعمیرللندر 5",1-Dec-25,"خریداری پل چرخ نازک , پل کانکریت و سنگ پالش به تعمیرللندر 5",1-Dec-25,984,,,,,,
,"$340,162 ",$151.17 ,,$66.15 ,#REF!,"AFN 10,000",پرداخت برای محمد شریف نلدوان بابت تعمیرللندر 5,1-Dec-25,پرداخت برای محمد شریف نلدوان بابت تعمیرللندر 5,1-Dec-25,985,,,,,,
,"$340,206 ",$43.99 ,,$66.15 ,#REF!,"AFN 2,910",خریداری مواد مرکزگرمی به تعمیرللندر 5,2-Dec-25,خریداری مواد مرکزگرمی به تعمیرللندر 5,2-Dec-25,986,,,,,,
,"$342,169 ","$1,963.05 ","$1,879 ",$66.15 ,#REF!,"AFN 5,560",خریداری فوم 8 ملی دو بره به زیر پایپ های مرکزگرمی تعمیرللندر 5,2-Dec-25,خریداری فوم 8 ملی دو بره به زیر پایپ های مرکزگرمی تعمیرللندر 5,2-Dec-25,987,,,,,,
,"$342,207 ",$37.79 ,,$66.15 ,#REF!,"AFN 2,500",پرداخت کرای موتر بابت انتقال مواد کاشی به تعمیرللندر 5,2-Dec-25,پرداخت کرای موتر بابت انتقال مواد کاشی به تعمیرللندر 5,2-Dec-25,988,,,,,,
,"$345,171 ","$2,964.79 ",,$66.20 ,#REF!,"AFN 196,269",پرداخت تعرفه 1% جایداد تعمیرللندر 5 حاجی خلیل الله فروشنده و حاجی رفیع الله خریدار,3-Dec-25,پرداخت تعرفه 1% جایداد تعمیرللندر 5 حاجی خلیل الله فروشنده و حاجی رفیع الله خریدار,3-Dec-25,989,,,,,,
,"$352,568 ","$7,396.04 ",,$66.20 ,#REF!,"AFN 489,618",پرداخت تعرفه گمرکی دو عراده موتر فرونر از کشور امریکا ,3-Dec-25,پرداخت تعرفه گمرکی دو عراده موتر فرونر از کشور امریکا ,3-Dec-25,990,,,,,,
,"$352,570 ",$2.27 ,,$66.20 ,#REF!,AFN 150,پرداخت کرای تکسی عبدالرحیم بابت انتقال پول به بانک ,3-Dec-25,پرداخت کرای تکسی عبدالرحیم بابت انتقال پول به بانک ,3-Dec-25,991,,,,,,
,"$352,572 ",$1.81 ,,$66.20 ,#REF!,AFN 120,خریداری یک بوتل روغن خورد به دفتر,3-Dec-25,خریداری یک بوتل روغن خورد به دفتر,3-Dec-25,992,,,,,,
,"$352,960 ",$388.07 ,,$66.20 ,#REF!,"AFN 25,690","خریداری مواد خوراکه از قبیل برنج , لوبیا, نخود,روغن , مصاله جات و غیره به تعمیرللندر 5",3-Dec-25,"خریداری مواد خوراکه از قبیل برنج , لوبیا, نخود,روغن , مصاله جات و غیره به تعمیرللندر 5",3-Dec-25,993,,,,,,
,"$353,141 ",$181.27 ,,$66.20 ,#REF!,"AFN 12,000",پرداخت برای خریداری یک موتر خشت اول به تعمیرللندر 5,3-Dec-25,پرداخت برای خریداری یک موتر خشت اول به تعمیرللندر 5,3-Dec-25,994,,,,,,
,"$353,179 ",$37.76 ,,$66.20 ,#REF!,"AFN 2,500",پرداخت کرای موتر انتقال مواد کاشی به تعمیرللندر 5,3-Dec-25,پرداخت کرای موتر انتقال مواد کاشی به تعمیرللندر 5,3-Dec-25,995,,,,,,
,"$353,284 ",$105.14 ,,$66.20 ,#REF!,"AFN 6,960",خریداری چسپ کاشی به تعمیرللندر 5,3-Dec-25,خریداری چسپ کاشی به تعمیرللندر 5,3-Dec-25,996,,,,,,
,"$353,286 ",$2.57 ,,$66.20 ,#REF!,AFN 170,خریداری غذا از رستورانت به مطیع الله و عرش الله,3-Dec-25,خریداری غذا از رستورانت به مطیع الله و عرش الله,3-Dec-25,997,,,,,,
,"$353,308 ",$21.15 ,,$66.20 ,#REF!,"AFN 1,400",پرداخت اجرت مزد دو روزه ذکریا نلدوان بابت واحد 23 هفتم و تعمیرللندر 2,3-Dec-25,پرداخت اجرت مزد دو روزه ذکریا نلدوان بابت واحد 23 هفتم و تعمیرللندر 2,3-Dec-25,998,,,,,,
,"$353,338 ",$30.51 ,,$66.20 ,#REF!,"AFN 2,020",خریداری سامان آلات نلدوانی به واحد نمبر 23 کارته سه منزل هفتم ,3-Dec-25,خریداری سامان آلات نلدوانی به واحد نمبر 23 کارته سه منزل هفتم ,3-Dec-25,999,,,,,,
,"$353,393 ",$55.14 ,,$66.20 ,#REF!,"AFN 3,650",خریداری پمپ فشار 0.35 به واحد نمبر 23 کارته سه منزل هفتم,3-Dec-25,خریداری پمپ فشار 0.35 به واحد نمبر 23 کارته سه منزل هفتم,3-Dec-25,1000,,,,,,
,"$353,455 ",$61.45 ,,$66.20 ,#REF!,"AFN 4,068",پرداخت برای خبازی عبدالمطلب بابت نان خشک به تعمیرللندر 5,3-Dec-25,پرداخت برای خبازی عبدالمطلب بابت نان خشک به تعمیرللندر 5,3-Dec-25,1001,,,,,,
,"$353,485 ",$30.21 ,,$66.20 ,#REF!,"AFN 2,000",پیش پرداخت برای ادریس چوکیدار تعمیرللندر 5 بابت ماه قوس 1404,3-Dec-25,پیش پرداخت برای ادریس چوکیدار تعمیرللندر 5 بابت ماه قوس 1404,3-Dec-25,1002,,,,,,
,"$353,486 ",$0.76 ,,$66.20 ,#REF!,AFN 50,خریداری فیوز به دیگ بخار دفتر,3-Dec-25,خریداری فیوز به دیگ بخار دفتر,3-Dec-25,1003,,,,,,
,"$353,497 ",$11.33 ,,$66.20 ,#REF!,AFN 750,خریداری گوشت گوساله به دفتر,3-Dec-25,خریداری گوشت گوساله به دفتر,3-Dec-25,1004,,,,,,
,"$353,500 ",$3.02 ,,$66.20 ,#REF!,AFN 200,"خریداری ترکاری , لیمو,مصاله و بادرنگ به دفتر",3-Dec-25,"خریداری ترکاری , لیمو,مصاله و بادرنگ به دفتر",3-Dec-25,1005,,,,,,
,"$353,515 ",$15.11 ,,$66.20 ,#REF!,"AFN 1,000",پرداخت برای مصارفات کرای موتر عبدالرحیم بابت چندین روز,3-Dec-25,پرداخت برای مصارفات کرای موتر عبدالرحیم بابت چندین روز,3-Dec-25,1006,,,,,,
,"$353,516 ",$1.21 ,,$66.20 ,#REF!,AFN 80,خریداری عریضه و نان چاشت ذکریا نلدوان ,3-Dec-25,خریداری عریضه و نان چاشت ذکریا نلدوان ,3-Dec-25,1007,,,,,,
,"$353,519 ",$2.27 ,,$66.20 ,#REF!,AFN 150,پرداخت کرای تکسی حاجی عاشق الله بخاطر سودا به دفتر,3-Dec-25,پرداخت کرای تکسی حاجی عاشق الله بخاطر سودا به دفتر,3-Dec-25,1008,,,,,,
,"$353,519 ",$0.76 ,,$66.20 ,#REF!,AFN 50,خریداری بن برگر به حاجی عاشق الله ,3-Dec-25,خریداری بن برگر به حاجی عاشق الله ,3-Dec-25,1009,,,,,,
,"$353,716 ",$197.13 ,,$66.20 ,#REF!,"AFN 13,050","خریداری تکه , تخم مرغ,کرای کراچی ,گروپ ,چاینک  به دفتر",3-Dec-25,"خریداری تکه , تخم مرغ,کرای کراچی ,گروپ ,چاینک  به دفتر",3-Dec-25,1010,,,,,,
,"$355,824 ","$2,107.27 ","$1,880 ",$66.00 ,#REF!,"AFN 15,000",پرداخت برای رمضان فلز کار نما بیرونی تعمیرللندر 5,4-Dec-25,پرداخت برای رمضان فلز کار نما بیرونی تعمیرللندر 5,4-Dec-25,1011,,,,,,
,"$355,930 ",$106.06 ,,$66.00 ,#REF!,"AFN 7,000",پرداخت برای احمد سالم بابت سرن کاری ریگ های زمین دارالمان به تعمیرللندر 5,4-Dec-25,پرداخت برای احمد سالم بابت سرن کاری ریگ های زمین دارالمان به تعمیرللندر 5,4-Dec-25,1012,,,,,,
,"$356,040 ",$110.61 ,,$66.00 ,#REF!,"AFN 7,300",پرداخت برای کاکا بادام گل بدست حضرت نور بابت تعمیرللندر 5,4-Dec-25,پرداخت برای کاکا بادام گل بدست حضرت نور بابت تعمیرللندر 5,4-Dec-25,1013,,,,,,
,"$356,162 ",$121.21 ,,$66.00 ,#REF!,"AFN 8,000",پرداخت معاش گل احمد ولد نور احمد بابت ماه عقرب 1404,4-Dec-25,پرداخت معاش گل احمد ولد نور احمد بابت ماه عقرب 1404,4-Dec-25,1014,,,,,,
,"$356,321 ",$159.09 ,,$66.00 ,#REF!,"AFN 10,500",پرداخت برای خریداری تیل دیز ل به جنراتور تعمیرللندر 5,4-Dec-25,پرداخت برای خریداری تیل دیز ل به جنراتور تعمیرللندر 5,4-Dec-25,1015,,,,,,
,"$356,325 ",$3.94 ,,$66.00 ,#REF!,AFN 260,خریداری مصاله بریانی و پیاز به دفتر,4-Dec-25,خریداری مصاله بریانی و پیاز به دفتر,4-Dec-25,1016,,,,,,
,"$356,340 ",$15.15 ,,$66.00 ,#REF!,"AFN 1,000",خریداری گوشت مرغ به دفتر,4-Dec-25,خریداری گوشت مرغ به دفتر,4-Dec-25,1017,,,,,,
,"$357,225 ",$885.61 ,,$66.00 ,#REF!,"AFN 58,450",پرداخت برای شرکت تجارتی صمدی بابت خریداری کاشی و چسپ کاشی به تعمیرللندر 5,4-Dec-25,پرداخت برای شرکت تجارتی صمدی بابت خریداری کاشی و چسپ کاشی به تعمیرللندر 5,4-Dec-25,1018,,,,,,
,"$357,680 ",$454.55 ,,$66.00 ,#REF!,"AFN 30,000",پرداخت برای محمد ابراهیم گچ کار بابت تعمیرللندر 5,4-Dec-25,پرداخت برای محمد ابراهیم گچ کار بابت تعمیرللندر 5,4-Dec-25,1019,,,,,,
,"$358,239 ",$559.09 ,,$66.00 ,#REF!,"AFN 36,900",پرداخت برای شرکت قلب آسیا بابت خریداری گچ به تعمیرللندر 5,4-Dec-25,پرداخت برای شرکت قلب آسیا بابت خریداری گچ به تعمیرللندر 5,4-Dec-25,1020,,,,,,
,"$359,448 ","$1,209.09 ",,$66.00 ,#REF!,"AFN 79,800",پرداخت برای عبدالله بابت پلستر کاری تعمیرللندر 5,4-Dec-25,پرداخت برای عبدالله بابت پلستر کاری تعمیرللندر 5,4-Dec-25,1021,,,,,,
,"$359,569 ",$121.21 ,,$66.00 ,#REF!,"AFN 8,000",پیش پرداخت برای احمد فرید للندر بابت ماه قوس 1404,4-Dec-25,پیش پرداخت برای احمد فرید للندر بابت ماه قوس 1404,4-Dec-25,1022,,,,,,
,"$359,832 ",$262.62 ,,$66.00 ,#REF!,"AFN 17,333",پرداخت معاش محمد سفر ولد محمد باقر بابت ماه عقرب 1404,4-Dec-25,پرداخت معاش محمد سفر ولد محمد باقر بابت ماه عقرب 1404,4-Dec-25,1023,,,,,,
,"$359,904 ",$71.97 ,,$66.00 ,#REF!,"AFN 4,750",خریداری تیل پطرول به موتر لکسس توسط سمیرللندر,4-Dec-25,خریداری تیل پطرول به موتر لکسس توسط سمیرللندر,4-Dec-25,1024,,,,,,
,"$359,948 ",$43.94 ,,$66.00 ,#REF!,"AFN 2,900",پرداخت برای مبلایل تبدیلی جنراتور تعمیرللندر 5,4-Dec-25,پرداخت برای مبلایل تبدیلی جنراتور تعمیرللندر 5,4-Dec-25,1025,,,,,,
,"$359,948 ",$0.00 ,,$66.00 ,#REF!,AFN 0,خریداری تحفه توسط حاجی رفیع الله بابت تعمیرللندر 5,4-Dec-25,خریداری تحفه توسط حاجی رفیع الله بابت تعمیرللندر 5,4-Dec-25,1026,,,,,,
,"$360,099 ",$151.29 ,,$66.10 ,#REF!,"AFN 10,000",پیش پرداخت برای زین الله ولد محمد ظاهر بابت ماه قوس 1404,,,6-Dec-25,1027,,,,,,
,"$360,205 ",$105.90 ,,$66.10 ,#REF!,"AFN 7,000",پرداخت رسول نظری بابت کاشی کاری تعمیرللندر 5,,,6-Dec-25,1028,,,,,,
,"$360,211 ",$6.05 ,,$66.10 ,#REF!,AFN 400,خریداری تشت به گچ کاری تعمیرللندر 5,,,6-Dec-25,1029,,,,,,
,"$360,218 ",$7.26 ,,$66.10 ,#REF!,AFN 480,خریداری یک بسته دستکش به کاریگران تعمیرللندر 5,,,6-Dec-25,1030,,,,,,
,"$360,224 ",$5.30 ,,$66.10 ,#REF!,AFN 350,خریداری سنگ برش به تعمیرللندر 5,,,6-Dec-25,1031,,,,,,
,"$360,375 ",$151.29 ,,$66.10 ,#REF!,"AFN 10,000",پرداخت محمد سرور ولد طالب جان بابت ماه عقرب 1404,,,6-Dec-25,1032,,,,,,
,"$360,829 ",$453.86 ,,$66.10 ,#REF!,"AFN 30,000",پرداخت برای عبدالله بابت پلسترکاری تعمیرللندر 5 بدست اسد الله برادش,,,6-Dec-25,1033,,,,,,
,"$360,830 ",$1.51 ,,$66.10 ,#REF!,AFN 100,خریداری لابرتیپ به تعمیرللندر 5,,,7-Dec-25,1034,,,,,,
,"$362,730 ","$1,899.91 ","$1,881 ",$66.10 ,#REF!,"AFN 1,250",پرداخت برای خریداری سیخ گول 10 ملی به تعمیرللندر 5,,,7-Dec-25,1035,,,,,,
,"$362,799 ",$68.84 ,,$66.10 ,#REF!,"AFN 4,550",خریداری تیل پطرول به موتر هایلکس,,,7-Dec-25,1036,,,,,,
,"$363,254 ",$454.55 ,,$66.00 ,#REF!,"AFN 30,000",پرداخت برای رسول نظری کاشی کار تعمیرللندر 5 به هدایت حاجی عاشق الله,,,7-Dec-25,1037,,,,,,
,"$363,278 ",$24.24 ,,$66.00 ,#REF!,"AFN 1,600",خریداری مواد کاشی از قبیل کلفت به تعمیرللندر 5,,,7-Dec-25,1038,,,,,,
,"$363,596 ",$318.18 ,,$66.00 ,#REF!,"AFN 21,000",پرداخت معاش معراج الدین ولد دادالله بابت ماه عقرب 1404,,,7-Dec-25,1039,,,,,,
,"$363,615 ",$18.94 ,,$66.00 ,#REF!,"AFN 1,250","خریداری چینچ آور ,فیوز و غیره خانه عرش الله",,,7-Dec-25,1040,,,,,,
,"$363,645 ",$30.30 ,,$66.00 ,#REF!,"AFN 2,000",پرداخت برای تداوی پلسترکار تعمیرللندر5,,,7-Dec-25,1041,,,,,,
,"$363,721 ",$75.76 ,,$66.00 ,#REF!,"AFN 5,000",برداشت حاجی صبغت الله بخاطر مسجد,,,7-Dec-25,1042,,,,,,
,"$363,724 ",$2.73 ,,$66.00 ,#REF!,AFN 180,خریداری گاز مایع به آشپزخانه دفتر,,,7-Dec-25,1043,,,,,,
,"$363,725 ",$1.21 ,,$66.00 ,#REF!,AFN 80,خریداری رومی و مرچ تازه به دفتر,,,7-Dec-25,1044,,,,,,
,"$363,740 ",$15.15 ,,$66.00 ,#REF!,"AFN 1,000",خریداری تیل پطرول به موتر هایلکس,,,7-Dec-25,1045,,,,,,
,"$363,746 ",$5.91 ,,$66.00 ,#REF!,AFN 390,خریداری گاز مایع به بخاری دفتر,,,7-Dec-25,1046,,,,,,
,"$363,748 ",$2.42 ,,$66.00 ,#REF!,AFN 160,خریداری ترکاری به دفتر,,,7-Dec-25,1047,,,,,,
,"$363,760 ",$11.36 ,,$66.00 ,#REF!,AFN 750,خریداری گوشت گوساله به دفتر,,,7-Dec-25,1048,,,,,,
,"$363,775 ",$15.15 ,,$66.00 ,#REF!,"AFN 1,000",خریداری میوه تازه به مهمانان دفتر,,,7-Dec-25,1049,,,,,,
,"$363,785 ",$10.11 ,,$66.00 ,#REF!,AFN 667,پرداخت معاش دو روزه عنایت الله بابت ماه میزان 1404,,,7-Dec-25,1050,,,,,,
,"$363,785 ",$0.00 ,,$66.00 ,#REF!,AFN 0,پرداخت برای خریداری سیخ گول 10 ملی به تعمیرللندر5,,,7-Dec-25,1051,,,,,,
,"$363,937 ",$151.52 ,,$66.00 ,#REF!,"AFN 10,000",پرداخت برای رمضان فلز کار بابت نما بیرونی تعمیرللندر ,,,8-Dec-25,1052,,,,,,
,"$363,967 ",$30.30 ,,$66.00 ,#REF!,"AFN 2,000",برداشت سمیر للندر بخاطر شفاخانه ,,,8-Dec-25,1053,,,,,,
,"$364,027 ",$60.61 ,,$66.00 ,#REF!,"AFN 4,000",خریداری تیل پطرول به موتر لکسس,,,8-Dec-25,1054,,,,,,
,"$364,031 ",$3.33 ,,$66.00 ,#REF!,AFN 220,"خریداری فیوز , گروپ و جین کلفت به دفتر ",,,8-Dec-25,1055,,,,,,
,"$364,033 ",$2.27 ,,$66.00 ,#REF!,AFN 150,خریدار گاز مایع به دفتر,,,8-Dec-25,1056,,,,,,
,"$364,036 ",$2.73 ,,$66.00 ,#REF!,AFN 180,خریدار گاز مایع به بخاری دفتر,,,8-Dec-25,1057,,,,,,
,"$364,041 ",$4.85 ,,$66.00 ,#REF!,AFN 320,"خریداری بادنجان سیاه, رومی ,مرچ تازه و روب ",,,8-Dec-25,1058,,,,,,
,"$365,924 ","$1,883.06 ","$1,882 ",$66.00 ,#REF!,AFN 70,خریداری چکه به دفتر,,,8-Dec-25,1059,,,,,,
,"$366,075 ",$151.52 ,,$66.00 ,#REF!,"AFN 10,000",پرداخت معاش هارون ولد فضل الرحمن بابت ماه عقرب 1404,,,8-Dec-25,1060,,,,,,
,"$366,077 ",$1.36 ,,$66.00 ,#REF!,AFN 90,خریداری سرکی گاز به تعمیرللندر 5,,,8-Dec-25,1061,,,,,,
,"$366,182 ",$105.30 ,,$66.10 ,#REF!,"AFN 6,960",خریداری چسپ کاشی به تعمیرللندر 5,,,9-Dec-25,1062,,,,,,
,"$366,348 ",$166.41 ,,$66.10 ,#REF!,"AFN 11,000","خریداری بخاطر,پایپ , بالون گاز به دفتر ",,,9-Dec-25,1063,,,,,,
,"$366,517 ",$168.61 ,,$66.10 ,#REF!,"AFN 11,145",خریداری مواد کاشی به تعمیرللندر 5 ,,,9-Dec-25,1064,,,,,,
,"$366,657 ",$139.79 ,,$66.10 ,#REF!,"AFN 9,240",خریداری تیل دیزل به جنراتور تعمیرللندر 5,,,9-Dec-25,1065,,,,,,
,"$366,673 ",$16.64 ,,$66.10 ,#REF!,"AFN 1,100","پرداخت برای عبدالرحیم بابت کرای موتر بخاطر طی مراحل اسناد دولتی ریاست صدور مجوز, حوزه مالیاتی سوم و مسلخ ",,,9-Dec-25,1066,,,,,,
,"$366,688 ",$15.13 ,,$66.10 ,#REF!,"AFN 1,000",خریداری گاز مایع به آشپزخانه تعمیرکارته سه ,,,9-Dec-25,1067,,,,,,
,"$366,690 ",$1.51 ,,$66.10 ,#REF!,AFN 100,خریداری کچالو به آشپزخانه تعمیرکارته سه ,,,9-Dec-25,1068,,,,,,
,"$366,696 ",$5.75 ,,$66.10 ,#REF!,AFN 380,خریداری کچالو و پیاز به آشپزخانه تعمیرکارته سه ,,,9-Dec-25,1069,,,,,,
,"$366,752 ",$56.48 ,,$66.10 ,#REF!,"AFN 3,733",پرداخت معاش عبدالقدیر ولد جمعه خان بابت ماه عقرب 1404,,,9-Dec-25,1070,,,,,,
,"$366,775 ",$22.69 ,,$66.10 ,#REF!,"AFN 1,500",خریداری قطعی 4/4 به تعمیرللندر5,,,10-Dec-25,1071,,,,,,
,"$366,807 ",$31.77 ,,$66.10 ,#REF!,"AFN 2,100",پرداخت اجرت گلکار محمد عارف بابت خشت کاری خانه بی بی حاجی همسایه تعمیرللندر5,,,10-Dec-25,1072,,,,,,
,"$366,815 ",$7.94 ,,$66.10 ,#REF!,AFN 525,"خریداری مکرونی ,لوبیا,نخود,ماست و چاکلیت به دفتر",,,10-Dec-25,1073,,,,,,
,"$366,843 ",$28.74 ,,$66.10 ,#REF!,"AFN 1,900",خریداری مواد ایزومات به تعمیرللندر5 توسط حاجی عاشق الله,,,11-Dec-25,1074,,,,,,
,"$366,954 ",$110.14 ,,$66.10 ,#REF!,"AFN 7,280",خریداری پایشویه به تشنابهای تعمیرللندر5,,,11-Dec-25,1075,,,,,,
,"$366,957 ",$3.03 ,,$66.10 ,#REF!,AFN 200,خریداری مصاله بریانی به دفتر,,,11-Dec-25,1076,,,,,,
,"$366,970 ",$13.62 ,,$66.10 ,#REF!,AFN 900,خریداری گوشت مرغ به دفتر,,,11-Dec-25,1077,,,,,,
,"$367,065 ",$94.55 ,,$66.10 ,#REF!,"AFN 6,250","خریداری هاردسک ,کیبورد به دفتر ",,,11-Dec-25,1078,,,,,,
,"$367,067 ",$2.27 ,,$66.10 ,#REF!,AFN 150,خریداری ادپتر کمره به گدام کارته سه ,,,11-Dec-25,1079,,,,,,
,"$367,297 ",$229.95 ,,$66.10 ,#REF!,"AFN 15,200",پرداخت برای کاکا بادام گل بابت خریداری خشت اول و انتقال ریگ از زمین دارالامان به تعمیرللندر 5,,,11-Dec-25,1080,,,,,,
,"$367,301 ",$3.78 ,,$66.10 ,#REF!,AFN 250,خریداری گاز مایع به دفتر,,,11-Dec-25,1081,,,,,,
,"$367,724 ",$423.60 ,,$66.10 ,#REF!,"AFN 28,000",پرداخت برای قاضی دیان  بخاطر دعوی جایداد عبدالله توسط بریالی,,,11-Dec-25,1082,,,,,,
,"$369,638 ","$1,913.26 ","$1,883 ",$66.10 ,#REF!,"AFN 2,000",پیش پرداخت علی احمد ولد محممد باقر بابت ماه قوس 1404,,,11-Dec-25,1083,,,,,,
,"$370,738 ","$1,100.83 ",,$66.10 ,#REF!,"AFN 72,765",پرداخت برای عبدالله بابت پلستر کاری بیرونی تعمیرللندر5,,,11-Dec-25,1084,,,,,,
,"$370,769 ",$30.26 ,,$66.10 ,#REF!,"AFN 2,000",پیش پرداخت برای شریف الله ولد فیض محمد بابت ماه قوس 1404,,,11-Dec-25,1085,,,,,,
,"$370,965 ",$196.67 ,,$66.10 ,#REF!,"AFN 13,000",پرداخت برای رسول نظری بابت شفته ریزی منزل هفتم تعمیرللندر5,,,11-Dec-25,1086,,,,,,
,"$370,971 ",$5.45 ,,$66.10 ,#REF!,AFN 360,خریداری شورمه به خانه ,,,11-Dec-25,1087,,,,,,
,"$371,080 ",$108.93 ,,$66.10 ,#REF!,"AFN 7,200",خریداری فراشوت و کرای موتر به تعمیرللندر5,,,11-Dec-25,1088,,,,,,
,"$371,087 ",$7.56 ,,$66.10 ,#REF!,AFN 500,خریداری میوه تازه به مهمانان دفتر ,,,11-Dec-25,1089,,,,,,
,"$371,098 ",$10.59 ,,$66.10 ,#REF!,AFN 700,خریداری مواد بهداشتی و میوه تازه خانه,,,11-Dec-25,1090,,,,,,
,"$371,121 ",$22.69 ,,$66.10 ,#REF!,"AFN 1,500",خریداری تیل پطرول به موتر لکسس ,,,11-Dec-25,1091,,,,,,
,"$371,151 ",$30.26 ,,$66.10 ,#REF!,"AFN 2,000",خریداری غذا از رستوانت بخاطر مهمانان دفتر,,,11-Dec-25,1092,,,,,,
,"$371,196 ",$45.39 ,,$66.10 ,#REF!,"AFN 3,000",برداشت حاجی عاشق الله از دفتر,,,11-Dec-25,1093,,,,,,
,"$371,226 ",$30.26 ,,$66.10 ,#REF!,"AFN 2,000",خریداری گاز مایع به دفتر,,,11-Dec-25,1094,,,,,,
,"$371,253 ",$26.82 ,,$66.00 ,#REF!,"AFN 1,770",پرداخت کرای کرای انتقال و بارگیری کاشی به تعمیرللندر5,,,13-Dec-25,1095,,,,,,
,"$371,263 ",$9.85 ,,$66.00 ,#REF!,AFN 650,خریداری ماهی به تعمیرللندر 5,,,13-Dec-25,1096,,,,,,
,"$371,268 ",$5.30 ,,$66.00 ,#REF!,AFN 350,خریداری مواد ضد زنگ به تعمیرللندر 5,,,13-Dec-25,1097,,,,,,
,"$371,402 ",$133.43 ,,$66.10 ,#REF!,"AFN 8,820",خریداری تیل دیزل به جنراتور تعمیرللندر 5,,,14-Dec-25,1098,,,,,,
,"$371,455 ",$52.95 ,,$66.10 ,#REF!,"AFN 3,500",پیش پرداخت برای ادریس چوکیدار تعمیرللندر 5,,,14-Dec-25,1099,,,,,,
,"$371,606 ",$151.29 ,,$66.10 ,#REF!,"AFN 10,000",پرداخت برای نقیب الله بابت گچ کاری منزل هشتم تعمیرللندر 5,,,14-Dec-25,1100,,,,,,
,"$371,651 ",$45.39 ,,$66.10 ,#REF!,"AFN 3,000",پرداخت برای رسول نظری بابت کاشی کاری تعمیرللندر 5,,,14-Dec-25,1101,,,,,,
,"$371,654 ",$3.03 ,,$66.10 ,#REF!,AFN 200,پرداخت برای ادریس بابت خریداری مبلایل به کمبودی جنراتور تعمیرللندر 5,,,14-Dec-25,1102,,,,,,
,"$371,664 ",$9.08 ,,$66.10 ,#REF!,AFN 600,خریداری گاز مایع به دفتر بخاطر بخاری ,,,14-Dec-25,1103,,,,,,
,"$371,668 ",$4.24 ,,$66.10 ,#REF!,AFN 280,"خریداری لوبیا, رومی , ماست ,مرچ تازه ,بادرنگ به دفتر",,,14-Dec-25,1104,,,,,,
,"$372,406 ",$738.28 ,,$66.10 ,#REF!,"AFN 48,800","پرداخت برای خیاطی لباس بابت خریداری و تهیه لباس برای انجنیر حیات همسایه للندر 5 ,حاجی عاشق الله,سمیرللندر,عرش الله,خسرو,انجنیر فرید کارمند ناحیه سه,حاجی جاویدالله,حاجی صاحب کلان و طه ",,,14-Dec-25,1105,,,,,,
,"$372,447 ",$41.00 ,,$66.10 ,#REF!,"AFN 2,710",خریداری تیل پطرول به موتر لکسس ,,,15-Dec-25,1106,,,,,,
,"$374,643 ","$2,195.65 ","$1,884 ",$66.10 ,#REF!,"AFN 20,600",پرداخت برای شرکت قلب آسیا بابت خریداری گچ به تعمیرللندر 5,,,15-Dec-25,1107,,,,,,
,"$374,748 ",$105.14 ,,$66.10 ,#REF!,"AFN 6,950",خریداری چسپ عقیق به کاشی کاری تعمیرللندر 5,,,15-Dec-25,1108,,,,,,
,"$374,751 ",$3.03 ,,$66.10 ,#REF!,AFN 200,پرداخت برای شستشوی موتر هایلکس ,,,15-Dec-25,1109,,,,,,
,"$374,784 ",$33.23 ,,$66.20 ,#REF!,"AFN 2,200",پرداخت فیس انترنت دفتر بابت 16 دسمبر الی 15 جنوری 2026,,,16-Dec-25,1110,,,,,,
,"$374,806 ",$21.90 ,,$66.20 ,#REF!,"AFN 1,450",خریداری فیوز 125 امپیر همراه با  کرای موتر به تعمیرللندر 5,,,16-Dec-25,1111,,,,,,
,"$374,814 ",$7.55 ,,$66.20 ,#REF!,AFN 500,"خریداری چای سبز, مایع ظرفشویی و غیره به دفتر",,,17-Dec-25,1112,,,,,,
,"$374,814 ",$0.91 ,,$66.20 ,#REF!,AFN 60,خریداری کلفت به تعمیرللندر5,,,17-Dec-25,1113,,,,,,
,"$374,817 ",$2.42 ,,$66.20 ,#REF!,AFN 160,خریداری جاروب و برس به تعمیرللندر5,,,17-Dec-25,1114,,,,,,
,"$375,059 ",$241.69 ,,$66.20 ,#REF!,"AFN 16,000",پرداخت برای کاکا بادام گل بابت خریداری ریگ شسته و خشت اول به تعمیرللندر5,,,17-Dec-25,1115,,,,,,
,"$375,081 ",$22.66 ,,$66.20 ,#REF!,"AFN 1,500",خریداری تیل پطرول به موتر لکسس ,,,17-Dec-25,1116,,,,,,
,"$375,096 ",$15.11 ,,$66.20 ,#REF!,"AFN 1,000",خریداری گاز مایع به آشپزخانه دفترکارته سه ,,,17-Dec-25,1117,,,,,,
,"$375,104 ",$7.55 ,,$66.20 ,#REF!,AFN 500,خریداری کارت مبایل به حاجی عاشق الله ,,,17-Dec-25,1118,,,,,,
,"$375,115 ",$11.33 ,,$66.20 ,#REF!,AFN 750,"خریداری هوس پیپ لیلیتر , کلفت و صافی به للندر 5",,,17-Dec-25,1119,,,,,,
,"$375,478 ",$362.54 ,,$66.20 ,#REF!,"AFN 24,000",خریداری چسپ کاشی و کرای موتر به تعمیرللندر 5,,,17-Dec-25,1120,,,,,,
,"$375,500 ",$22.62 ,,$66.30 ,#REF!,"AFN 1,500",خریداری قطعی 4/4 به تعمیرللندر 5,,,18-Dec-25,1121,,,,,,
,"$375,515 ",$15.08 ,,$66.30 ,#REF!,"AFN 1,000",پیش پرداخت برای محمد سرور ولد طالب بابت ماه قوس 1404,,,18-Dec-25,1122,,,,,,
,"$375,573 ",$57.32 ,,$66.30 ,#REF!,"AFN 3,800",پرداخت برای مبلایل تبدیلی موتر لکسس,,,18-Dec-25,1123,,,,,,
,"$375,578 ",$5.28 ,,$66.30 ,#REF!,AFN 350,پرداخت برای موتر شویی و پالشکاری موتر لکسس,,,18-Dec-25,1124,,,,,,
,"$375,592 ",$13.57 ,,$66.30 ,#REF!,AFN 900,خریداری گوشت مرغ به آشپزخانه کارته سه ,,,18-Dec-25,1125,,,,,,
,"$375,592 ",$0.75 ,,$66.30 ,#REF!,AFN 50,خریداری رجه به تعمیرللندر 5,,,18-Dec-25,1126,,,,,,
,"$375,594 ",$1.51 ,,$66.30 ,#REF!,AFN 100,خریداری رجه به تعمیرللندر 5,,,18-Dec-25,1127,,,,,,
,"$377,502 ","$1,907.99 ",,$66.30 ,#REF!,"AFN 126,500",پرداخت برای حاجی عبدالکریم بابت خریداری سمنت ایرانی به تعمیرللندر 5,,,18-Dec-25,1128,,,,,,
,"$377,804 ",$301.66 ,,$66.30 ,#REF!,"AFN 20,000",پرداخت برای نقیب الله گچ کار بابت تعمیرللندر 5,,,18-Dec-25,1129,,,,,,
,"$378,052 ",$248.87 ,,$66.30 ,#REF!,"AFN 16,500",پرداخت برای آغا صاحب ضیا بابت خریداری مواد ایزوگام به تعمیرللندر 5,,,18-Dec-25,1130,,,,,,
,"$380,141 ","$2,088.62 ","$1,885 ",$66.30 ,#REF!,"AFN 13,500",پرداخت برای کاکا بادام گل بدست روزالدین بابت خریداری خشت اول و انتقال ریگ از دارالامان به للندر 5,,,18-Dec-25,1131,,,,,,
,"$380,292 ",$150.83 ,,$66.30 ,#REF!,"AFN 10,000",پرداخت برای محمد شریف نلدوان بابت تعمیرللندر 5,,,18-Dec-25,1132,,,,,,
,"$382,630 ","$2,337.86 ",,$66.30 ,#REF!,"AFN 155,000",پرداخت برای شرکت برادران صمدی بابت خریداری کاشی به تعمیرللندر 5,,,18-Dec-25,1133,,,,,,
,"$385,256 ","$2,625.85 ",,$66.30 ,#REF!,"AFN 174,094",پرداخت برای شرکت تجارتی آخندزاده بابت خریداری گرانیت به تعمیرللندر 5,,,18-Dec-25,1134,,,,,,
,"$385,557 ",$301.66 ,,$66.30 ,#REF!,"AFN 20,000",پرداخت برای رسول نظری بابت کاشی کاری تعمیرللندر 5,,,18-Dec-25,1135,,,,,,
,"$385,582 ",$24.49 ,,$66.30 ,#REF!,"AFN 1,624",پرداخت برای خریداری مواد کاشی کاری به تعمیرللندر5,,,18-Dec-25,1136,,,,,,
,"$385,585 ",$3.02 ,,$66.30 ,#REF!,AFN 200,پرداخت معاش باقیمانده علی احمد ولد محمد باقر بابت ماه عقرب 1404,,,18-Dec-25,1137,,,,,,
,"$385,630 ",$45.25 ,,$66.30 ,#REF!,"AFN 3,000",پیش پرداخت برای علی احمد ولد محمد باقر بابت ماه قوس 1404,,,18-Dec-25,1138,,,,,,
,"$385,644 ",$14.35 ,,$66.20 ,#REF!,AFN 950,"خریداری مبلایل , فلتر و آب انتر فریز به جنراتور تعمیرللندر 5",,,19-Dec-25,1139,,,,,,
,"$385,649 ",$4.53 ,,$66.20 ,#REF!,AFN 300,خریداری ویس پلاس به تعمیرللندر 5,,,19-Dec-25,1140,,,,,,
,"$385,679 ",$29.91 ,,$66.20 ,#REF!,"AFN 1,980","خریداری پلاس , رنج و غیره به مبلایل تبدیلی جنراتور",,,19-Dec-25,1141,,,,,,
,"$385,779 ",$100.00 ,,$66.20 ,#REF!,"AFN 6,620",برداشت شخصی فرید للندر بابت ماه قوس ,,,20-Dec-25,1142,,,,,,
,"$385,922 ",$142.75 ,,$66.20 ,#REF!,"AFN 9,450",خریداری تیل دیزل به جنراتور تعمیرللندر5,,,20-Dec-25,1143,,,,,,
,"$385,990 ",$67.98 ,,$66.20 ,#REF!,"AFN 4,500",خریداری تیل پطرول به موتر لکسس,,,20-Dec-25,1144,,,,,,
,"$387,808 ","$1,818.85 ",,$66.30 ,#REF!,"AFN 120,590",خریداری تخته پلایود به قالبکاری تعمیرللندر 4,,,21-Dec-25,1145,,,,,,
,"$387,811 ",$2.26 ,,$66.30 ,#REF!,AFN 150,خریداری پل کانکریت به تعمیرللندر5,,,21-Dec-25,1146,,,,,,
,"$389,630 ","$1,819.68 ",,$66.27 ,#REF!,"AFN 120,590",خریداری تخته پلایوت 18 میلی بابت للندر 4,,,21-Dec-25,1147,,,,,,
,"$389,632 ",$1.51 ,,$66.30 ,#REF!,AFN 100,خریداری دبل به تعمیرللندر 5,,,21-Dec-25,1148,,,,,,
,"$389,633 ",$1.51 ,,$66.30 ,#REF!,AFN 100,پرداخت برای ادریس بطور بخشش,,,21-Dec-25,1149,,,,,,
,"$389,673 ",$39.97 ,,$66.30 ,#REF!,"AFN 2,650",پرداخت اجرت بارگیری و کرای موتر کاشی به تعمیرللندر5,,,21-Dec-25,1150,,,,,,
,"$389,707 ",$33.18 ,,$66.30 ,#REF!,"AFN 2,200",پرداخت برای بارگیری و کرای انتقال کاشی به تعمیرللندر 5,,,21-Dec-25,1151,,,,,,
,"$389,712 ",$5.28 ,,$66.30 ,#REF!,AFN 350,خریداری مواد کاشی از شرکت کابل ترید به تعمیرللندر5,,,21-Dec-25,1152,,,,,,
,"$389,793 ",$81.45 ,,$66.30 ,#REF!,"AFN 5,400",خریداری مواد کاشی از شرکت کابل ترید به تعمیرللندر5,,,21-Dec-25,1153,,,,,,
,"$390,028 ",$234.33 ,,$66.30 ,#REF!,"AFN 15,536",خریداری مواد کاشی از شرکت کابل ترید به تعمیرللندر5,,,21-Dec-25,1154,,,,,,
,"$391,919 ","$1,891.13 ","$1,886 ",$66.30 ,#REF!,AFN 340,خریداری سیخ ولدینگ به تعمیرللندر5,,,21-Dec-25,1155,,,,,,
,"$391,979 ",$60.33 ,,$66.30 ,#REF!,"AFN 4,000",پیش پرداخت برای ادریس چویکدار تعمیرللندر5,,,21-Dec-25,1156,,,,,,
,"$392,039 ",$60.33 ,,$66.30 ,#REF!,"AFN 4,000",پرداخت برای رسول نظری به هدایت حاجی عاشق الله بابت کاشی کاری تعمیرللند ر5,,,21-Dec-25,1157,,,,,,
,"$392,044 ",$4.53 ,,$66.20 ,#REF!,AFN 300,خریداری کچالو به اشپزخانه دفتر کارته سه ,,,22-Dec-25,1158,,,,,,
,"$392,109 ",$64.95 ,,$66.20 ,#REF!,"AFN 4,300",خریداری تیل پطرول به موتر هایلکس,,,22-Dec-25,1159,,,,,,
,"$395,008 ","$2,898.69 ",,$66.27 ,#REF!,"AFN 192,096",پرداخت برای خریداری تخته پلایوت 18 ملی روسی  تعمیر للندر 4,,,22-Dec-25,1160,,,,,,
,"$395,017 ",$9.06 ,,$66.20 ,#REF!,AFN 600,خریداری گاز مایع به ایزوگام کاری تشناب های تعمیرللندر 5,,,22-Dec-25,1161,,,,,,
,"$395,020 ",$3.78 ,,$66.20 ,#REF!,AFN 250,خریداری سرپوش لیلیتر به جنراتور تعمیرللندر 5,,,22-Dec-25,1162,,,,,,
,"$395,051 ",$30.21 ,,$66.20 ,#REF!,"AFN 2,000",پیش پرداخت برای ادریس ولد دولت بابت ماه جدی 1404,,,22-Dec-25,1163,,,,,,
,"$395,087 ",$36.25 ,,$66.20 ,#REF!,"AFN 2,400",پرداخت معاش باقیمانده احمد فرید للندر ولد علاوالدین بابت ماه قوس 1404,,,22-Dec-25,1164,,,,,,
,"$395,117 ",$30.21 ,,$66.20 ,#REF!,"AFN 2,000",خریداری پلیت 3 ملی به تعمیرللندر 5,,,22-Dec-25,1165,,,,,,
,"$398,019 ","$2,901.75 ",,$66.20 ,#REF!,"AFN 192,096",خریداری تخته پلایوت 18 ملی روسی به تعمیرللندر 4,,,22-Dec-25,1166,,,,,,
,"$398,020 ",$0.76 ,,$66.20 ,#REF!,AFN 50,خریداری دبل به تعمیرللندر5,,,22-Dec-25,1167,,,,,,
,"$398,381 ",$361.03 ,,$66.20 ,#REF!,"AFN 23,900",خریداری چسپ کاشی به تعمیرللندر 5,,,23-Dec-25,1168,,,,,,
,"$398,791 ",$410.38 ,,$65.50 ,#REF!,"AFN 26,880",خریداری قیتک و قلفک بابت پروژه للندر 4,,,23-Dec-25,1169,,,,,,
,"$399,244 ",$453.17 ,,$66.20 ,#REF!,"AFN 30,000",پرداخت و تصفیه حساب مکمل  محمد سالم بابت سرن کاری ریگ های زمین دارالامان به تعمیرللندر 5,,,23-Dec-25,1170,,,,,,
,"$399,252 ",$7.55 ,,$66.20 ,#REF!,AFN 500,خریداری گاز به ایزوگام کاری تشناب های تعمیرللندر5,,,23-Dec-25,1171,,,,,,
,"$399,257 ",$5.29 ,,$66.20 ,#REF!,AFN 350,پرداخت کرای موتر بابت انتقال مواد ایزوگام به تعمیرللندر 5,,,23-Dec-25,1172,,,,,,
,"$399,559 ",$302.11 ,,$66.20 ,#REF!,"AFN 20,000",پرداخت برای عبدالله بابت پلستر کاری بیرونی تعمیرللندر5,,,23-Dec-25,1173,,,,,,
,"$399,671 ",$111.78 ,,$66.20 ,#REF!,"AFN 7,400",خریداری فراشوت به تعمیرللندر5,,,23-Dec-25,1174,,,,,,
,"$399,713 ",$42.30 ,,$66.20 ,#REF!,"AFN 2,800",پرداخت برای مبلایل تبدیلی موتر هایلکس,,,23-Dec-25,1175,,,,,,
,"$399,716 ",$3.02 ,,$66.20 ,#REF!,AFN 200,پرداخت برای شستشوی موتر هایلکس,,,23-Dec-25,1176,,,,,,
,"$399,724 ",$7.55 ,,$66.20 ,#REF!,AFN 500,خریداری گاز مایع به تعمیرللندر5,,,23-Dec-25,1177,,,,,,
,"$400,130 ",$406.04 ,,$66.20 ,#REF!,"AFN 26,880",خریداری قیتک و قلفک قالبکاری به تعمیرللندر 5,,,23-Dec-25,1178,,,,,,
,"$402,063 ","$1,933.53 ","$1,887 ",$66.20 ,#REF!,"AFN 3,080",خریداری چسپ کاشی به تعمیرللندر5,,,24-Dec-25,1179,,,,,,
,"$402,188 ",$124.65 ,,$66.20 ,#REF!,"AFN 8,252",خریداری تیل دیزل به جنراتور تعمیرللندر5,,,24-Dec-25,1180,,,,,,
,"$402,248 ",$60.42 ,,$66.20 ,#REF!,"AFN 4,000",خریداری تیل به موتر لکسس,,,24-Dec-25,1181,,,,,,
,"$402,255 ",$6.80 ,,$66.20 ,#REF!,AFN 450,خریداری لابرتیپ به تعمیرللندر5,,,24-Dec-25,1182,,,,,,
,"$402,257 ",$2.11 ,,$66.20 ,#REF!,AFN 140,خریداری پیاز و نمک به آشپزخانه کارته سه ,,,24-Dec-25,1183,,,,,,
,"$402,438 ",$180.78 ,,$66.38 ,#REF!,"AFN 12,000",خریداری قیطک قالب  45 در 168 و 60 در 74 بابت پروژه للندر 4,,,24-Dec-25,1184,,,,,,
,"$402,438 ",$0.30 ,,$66.05 ,#REF!,AFN 20,خریداری گشنیز به دفتری للندر 6,,,24-Dec-25,1185,,,,,,
,"$402,454 ",$15.14 ,,$66.05 ,#REF!,"AFN 1,000",خریداری مبلایل برای جنراتور به للندر 6,,,24-Dec-25,1186,,,,,,
,"$402,458 ",$4.53 ,,$66.20 ,#REF!,AFN 300,خریداری کچالو به دفتر,,,24-Dec-25,1187,,,,,,
,"$402,460 ",$1.96 ,,$66.20 ,#REF!,AFN 130,خریداری کشمش به آشپزخانه دفترکارته سه ,,,24-Dec-25,1188,,,,,,
,"$402,461 ",$1.21 ,,$66.20 ,#REF!,AFN 80,خریداری پل برمه به تعمیرللندر5,,,24-Dec-25,1189,,,,,,
,"$402,556 ",$94.41 ,,$66.20 ,#REF!,"AFN 6,250",خریداری کلفت به کاشی کاری تعمیرللندر5,,,24-Dec-25,1190,,,,,,
,"$402,567 ",$11.33 ,,$66.20 ,#REF!,AFN 750,خریداری پایشویه به تشنابهای تعمیرللندر5,,,24-Dec-25,1191,,,,,,
,"$402,682 ",$114.80 ,,$66.20 ,#REF!,"AFN 7,600",خریداری پایشویه به تشنابهای تعمیرللندر5,,,24-Dec-25,1192,,,,,,
,"$402,689 ",$7.55 ,,$66.20 ,#REF!,AFN 500,خریداری گاز مایع به ایزوگام کاری تشناب های تعمیرللندر5,,,24-Dec-25,1193,,,,,,
,"$402,726 ",$36.25 ,,$66.20 ,#REF!,"AFN 2,400",پرداخت کرای موتر و بارگیری کاشی به تعمیرللندر5,,,24-Dec-25,1194,,,,,,
,"$402,906 ",$180.78 ,,$66.38 ,#REF!,"AFN 12,000",خریداری قیتک  قالبکاری 45/ 168 و 60/74 به تعمیرللندر 5,,,24-Dec-25,1195,,,,,,
,"$403,153 ",$246.60 ,,$66.10 ,#REF!,"AFN 16,300",پرداخت برای تصفیه حساب باقیمانده بل نمبر 921 قلب آسیا بابت گچ به تعمیرللندر5,,,25-Dec-25,1196,,,,,,
,"$403,168 ",$15.43 ,,$66.10 ,#REF!,"AFN 1,020",خریداری گاز مایع به دفترکارته سه,,,25-Dec-25,1197,,,,,,
,"$403,173 ",$4.24 ,,$66.10 ,#REF!,AFN 280,"خریداری رومی ,زنجفیل ,سیرو نعنا به دفتر",,,25-Dec-25,1198,,,,,,
,"$403,190 ",$16.94 ,,$66.10 ,#REF!,"AFN 1,120",خریداری گوشت مرغ به تعمیرللندر5,,,25-Dec-25,1199,,,,,,
,"$403,194 ",$4.54 ,,$66.10 ,#REF!,AFN 300,پرداخت کرای انتقال جالی راویز به تعمیرللندر5,,,25-Dec-25,1200,,,,,,
,"$403,201 ",$6.81 ,,$66.10 ,#REF!,AFN 450,خریداری دستکش به کاریگران تعمیرللندر5,,,25-Dec-25,1201,,,,,,
,"$403,204 ",$3.03 ,,$66.10 ,#REF!,AFN 200,پرداخت برای ادریس چوکیدار بخششی توسط سمیر,,,25-Dec-25,1202,,,,,,
,"$405,252 ","$2,048.36 ","$1,888 ",$66.10 ,#REF!,"AFN 10,600",پرداخت برای خریداری جالی راویز به تعمیرللندر5,,,25-Dec-25,1203,,,,,,
,"$405,316 ",$63.54 ,,$66.10 ,#REF!,"AFN 4,200",پرداخت برای کاکا بادام گل توسط روز الدین بابت مواد قالبکاری از للندر 5 به 4,,,25-Dec-25,1204,,,,,,
,"$405,505 ",$188.96 ,,$66.10 ,#REF!,"AFN 12,490",پرداخت برای حاجی شریف بابت خریداری مواد فلز کاری به تعمیرللندر5,,,25-Dec-25,1205,,,,,,
,"$405,656 ",$151.29 ,,$66.10 ,#REF!,"AFN 10,000",پرداخت برای محمد شریف نلدوان بابت تعمیرللندر5,,,25-Dec-25,1206,,,,,,
,"$405,948 ",$291.45 ,,$66.05 ,#REF!,"AFN 19,250","خریداری پل 3 "" برای کانکریت و تیر بر به للندر 6",,,25-Dec-25,1207,,,,,,
,"$405,985 ",$37.09 ,,$66.05 ,#REF!,"AFN 2,450","خریداری سیخ فلدنیگ 3 ملی, پیچ و کلبوانه به للندر 5",,,25-Dec-25,1208,,,,,,
,"$406,212 ",$226.93 ,,$66.10 ,#REF!,"AFN 15,000",پرداخت برای نقیب الله گچ کار تعمیرللندر5,,,25-Dec-25,1209,,,,,,
,"$406,590 ",$378.21 ,,$66.10 ,#REF!,"AFN 25,000",پرداخت رسول نظری بابت کاشی کاری تعمیرللندر5,,,25-Dec-25,1210,,,,,,
,"$406,750 ",$160.36 ,,$66.10 ,#REF!,"AFN 10,600","پراخت برای کاکا بادام گل توسط روزالدین بابت انتقال ریگ , سمنت به تعمیرللندر 5",,,25-Dec-25,1211,,,,,,
,"$406,950 ",$199.70 ,,$66.10 ,#REF!,"AFN 13,200",پرداخت معاش عبدالرحیم ولد عبدالغفور بابت ماه قوس 1404,,,25-Dec-25,1212,,,,,,
,"$407,226 ",$276.10 ,,$66.10 ,#REF!,"AFN 18,250",خریداری پل گرد بر به تعمیرللندر5,,,25-Dec-25,1213,,,,,,
,"$407,263 ",$37.07 ,,$66.10 ,#REF!,"AFN 2,450",خریداری سیخ ولدینگ و لکسوانه به تعمیرللندر5,,,25-Dec-25,1214,,,,,,
,"$407,271 ",$7.56 ,,$66.10 ,#REF!,AFN 500,پرداخت برای خریداری کارت مبایل دو ماهه معراج ,,,25-Dec-25,1215,,,,,,
,"$407,334 ",$63.54 ,,$66.10 ,#REF!,"AFN 4,200",پراخت برای کاکا بادام گل توسط روزالدین بابت انتقال مواد قالبکاری از للندر 5 به للندر 4 ,,,25-Dec-25,1216,,,,,,
,"$407,486 ",$151.52 ,,$66.00 ,#REF!,"AFN 10,000","پرداخت برای محمد شریف بابت سییتم  مکمل نلدوانی , فاضلاب و مرکز گرمی تعمیر للندر 5",,,1-Jan-26,1217,,,,,,
,"$407,577 ",$90.91 ,,$66.00 ,#REF!,"AFN 6,000",پرداخت برای عبدالله بابت پلستر کاری نما بیرومی تعمیر للندر 5,,,1-Jan-26,1218,,,,,,
,"$407,728 ",$151.52 ,,$66.00 ,#REF!,"AFN 10,000",پرداخت برای رسول نظری بابت کاشی کاری تعمیر للندر 5 به هدایت حاجی صاحب صبغت الله,,,1-Jan-26,1219,,,,,,
,"$407,955 ",$227.27 ,,$66.00 ,#REF!,"AFN 15,000",پرداخت برای نقیب الله بابت گچ کاری و افزار کاری تعمیر للندر 5,,,1-Jan-26,1220,,,,,,
,"$407,967 ",$12.12 ,,$66.00 ,#REF!,AFN 800,پرداخت معاش شریف الله ولد فیض محمد بابت ماه قوس 1404,,,1-Jan-26,1221,,,,,,
,"$407,972 ",$4.55 ,,$65.90 ,#REF!,AFN 300,خریداری اسکاشتیب کلان به للندر 5,,,1-Jan-26,1222,,,,,,
,"$408,097 ",$125.10 ,,$65.97 ,#REF!,"AFN 8,253",خریداری تیل دیزل به للندر 5,,,1-Jan-26,1223,,,,,,
,"$408,100 ",$3.03 ,,$65.97 ,#REF!,AFN 200,خریداری امبر 1 دانه به للندر 5,,,1-Jan-26,1224,,,,,,
,"$408,115 ",$15.16 ,,$65.97 ,#REF!,"AFN 1,000",خریداری تیل پطرول به موتری لکسس به للندر 5,,,1-Jan-26,1225,,,,,,
,"$408,415 ",$299.62 ,,$66.00 ,#REF!,"AFN 19,775",خریداری مواد کاشی کاری به تعمیر للندر 5,,,1-Jan-26,1226,,,,,,
,"$408,438 ",$22.74 ,,$65.97 ,#REF!,"AFN 1,500",خریداری تیل پطرول به موتری فرونر به تعمیر للندر 5,,,1-Jan-26,1227,,,,,,
,"$408,445 ",$7.58 ,,$66.00 ,#REF!,AFN 500,پرداخت برای ادریس چوکیدار کارت مبایل به للندر 5,,,1-Jan-26,1228,,,,,,
,"$408,728 ",$282.83 ,,$66.00 ,#REF!,"AFN 18,667",پرداخت معاش محمد صفر ولد محمد باقر بابت ماه قوس 1404,,,1-Jan-26,1229,,,,,,
,"$408,758 ",$30.30 ,,$66.00 ,#REF!,"AFN 2,000",پیش پرداخت برای ادریس چوکی دار بابت ماه جدی 1404,,,1-Jan-26,1230,,,,,,
,"$408,819 ",$60.61 ,,$66.00 ,#REF!,"AFN 4,000",پرداخت برای نقیب الله بابت گچ کاری تعمیر للندر 5 بدست شرکت اش عبدالله,,,3-Jan-26,1231,,,,,,
,"$408,826 ",$7.27 ,,$66.00 ,#REF!,AFN 480,"خریداری سربسته گاز, مایه ظرف شوی و گاز به للندر 5",,,3-Jan-26,1232,,,,,,
,"$408,826 ",," $1,800.00 ",$66.00 ,#REF!,,پرداخت برای خریداری  تخته 18 ملی روسی به تعمیر للندر 5 از شرکت افغان کاینات لمیتد,,,3-Jan-26,1233,,,,,,
,"$408,826 ",,,$66.00 ,#REF!,"AFN 1,250",پرداخت کرای انتقال 18 ملی روسی و اجرت بارگیری,,,3-Jan-26,1234,,,,,,
,"$408,826 ",," $1,440.00 ",$66.00 ,#REF!,,خریداری تخته پلایوت 18 ملی روسی به تعمیر للندر 5 و استفاده به تعمیر للندر 5,,,3-Jan-26,1235,,,,,,
,"$408,826 ",,,$66.00 ,#REF!,"AFN 1,220",پرداخت کرای انتقال تخته پلایوت روسی به تعمیر للندر 5 و پرداخت کرای بارگیری تخته روسی به تعمیر للندر 5,,,3-Jan-26,1236,,,,,,
,"$408,826 ",,,$66.00 ,#REF!,AFN 200,خریداری برگر به کمبود نان چاشت ,,,4-Jan-26,1237,,,,,,
,"$408,826 ",,,$66.00 ,#REF!,"AFN 17,526",پرداخت مصرف بل برق صفی الله تعمیر للندر 5 بابت ماه قوس 1404 و پرداخت مصرف بل برق خلیل الله تعمیر للندر 5 بابت ماه قوس 1404,,,4-Jan-26,1238,,,,,,
,"$408,826 ",,,$66.00 ,#REF!,"AFN 3,800",خریداری تیل پطرول برای موتری لکسس به تعمیر للندر 5,,,4-Jan-26,1239,,,,,,
,"$408,826 ",,,$66.00 ,#REF!,"AFN 2,250","خریداری پل کانکریت بر 4"" به تعمیر للندر 5",,,4-Jan-26,1240,,,,,,
,"$408,826 ",,,$66.00 ,#REF!,"AFN 4,800",پرداخت معاش برای هارون ولد فضل الرحمان بابت ماه قوس 1404,,,4-Jan-26,1241,,,,,,
,"$409,279 ",$453.17 ,,$66.20 ,#REF!,"AFN 30,000",پراخت برای شرکت تجارتی برادران صمدی بابت خریداری گرانیت 100/100 از مجموع بل نمبر 4147 به تعمیر  للندر 5 ,,,5-Jan-26,1242,,,,,,
,"$410,020 ",$741.09 ,,$66.20 ,#REF!,"AFN 49,060","پراخت برای حاجی شریف بابت خریداری پروفیل 40/80 , 20/20, 10/10, 100/100 به تعمیر  للندر 5 ",,,5-Jan-26,1243,,,,,,
,"$411,955 ","$1,934.53 ",,$66.20 ,#REF!,"AFN 128,066",پراخت برای شرکت تجارتی آخندزاده بابت خریدری گرانیت 60/120 به تعمیر للندر 5,,,5-Jan-26,1244,,,,,,
,"$411,956 ",$0.76 ,,$66.00 ,#REF!,AFN 50,خریداری پل برمه به للندر 5,,,5-Jan-26,1245,,,,,,
,"$411,988 ",$31.82 ,,$66.00 ,#REF!,"AFN 2,100",خریداری نل هوا کش به للندر 5,,,5-Jan-26,1246,,,,,,
,"$412,048 ",$60.61 ,,$66.00 ,#REF!,"AFN 4,000",خریداری تیل به موتر هایلکس بابت پروژه للندر 5,,,6-Jan-26,1247,,,,,,
,"$412,184 ",$135.95 ,,$66.20 ,#REF!,"AFN 9,000",پراخت معاش محمد سرور ولد طالب بابت ماه قوس 1404 به تعمیر للندر 5,,,6-Jan-26,1248,,,,,,
,"$412,305 ",$120.83 ,,$64.00 ,#REF!,"AFN 7,733",پراخت معاش عبدالقادر ولد جمعه خان بابت ماه قوس 1404 به تعمیر للندر 5,,,6-Jan-26,1249,,,,,,
,"$412,316 ",$11.04 ,,$66.10 ,#REF!,AFN 730,خریداری آب انتر فریز و آب مقطر به بطری جنراتور تعمیر للندر 5,,,7-Jan-26,1250,,,,,,
,"$412,462 ",$145.99 ,,$66.10 ,#REF!,"AFN 9,650",خریداری نل 4 به هواکش تشناب های تعمیر للندر 5,,,7-Jan-26,1251,,,,,,
,"$414,575 ","$2,112.68 ","$1,889 ",$66.10 ,#REF!,"AFN 14,785",خریداری مواد کاشی کاری  تعمیر للندر 5 از شرکت کابل ترید,,,7-Jan-26,1252,,,,,,
,"$414,576 ",$1.51 ,,$66.10 ,#REF!,AFN 100,پراخت برای کنکشن بطری جنراتور به تعمیر للندر 5,,,7-Jan-26,1253,,,,,,
,"$414,581 ",$5.30 ,,$66.10 ,#REF!,AFN 350,خریداری گاز مایح و چای خشک به  تعمیر للندر 5,,,7-Jan-26,1254,,,,,,
,"$414,700 ",$118.58 ,,$66.20 ,#REF!,"AFN 7,850",خریداری تیل دیزل به  تعمیر للندر 5,,,7-Jan-26,1255,,,,,,
,"$415,304 ",$604.23 ,,$66.20 ,#REF!,"AFN 40,000",پراخت برای کاشی فروش برادران صمدی از درک بل نمبر 4147 توسط یما صمدی به تعمیر للندر 5,,,8-Jan-26,1256,,,,,,
,"$415,322 ",$18.18 ,,$66.00 ,#REF!,"AFN 1,200",خریداری گوشت مرغ به للندر 5,,,8-Jan-26,1257,,,,,,
,"$415,353 ",$30.30 ,,$66.00 ,#REF!,"AFN 2,000",خریداری مبلاین به للندر 5,,,8-Jan-26,1258,,,,,,
,"$415,360 ",$7.42 ,,$66.00 ,#REF!,AFN 490,خریداری اسکاشتیب و دنکش گاز به للندر 5,,,8-Jan-26,1259,,,,,,
,"$415,391 ",$30.30 ,,$66.00 ,#REF!,"AFN 2,000",خریداری تیل دیزل به موتری لکسس به للندر 5,,,8-Jan-26,1260,,,,,,
,"$415,431 ",$40.91 ,,$66.00 ,#REF!,"AFN 2,700",خریداری تیل پطرول به موتری نقره ای به خاطری رفتن به جلال آباد به للندر 5,,,8-Jan-26,1261,,,,,,
,"$415,439 ",$7.27 ,,$66.00 ,#REF!,AFN 480,خریداری برس شخ به للندر 5,,,11-Jan-26,1262,,,,,,
,"$415,440 ",$1.36 ,,$66.00 ,#REF!,AFN 90,خریداری نمک به للندر 5,,,11-Jan-26,1263,,,,,,
,"$415,591 ",$151.06 ,,$66.20 ,#REF!,"AFN 10,000","پراخت برای محمد شریف بابت سیستیم مکمل نلدوانی, فاضلاب و مرکز گرمی تعمیر للندر 5",,,11-Jan-26,1264,,,,,,
,"$416,105 ",$513.60 ,,$66.20 ,#REF!,"AFN 34,000",پراخت برای نقیب الله بابت گچ کاری و افزار تعمیر للندر 5,,,11-Jan-26,1265,,,,,,
,"$416,113 ",$8.03 ,,$66.00 ,#REF!,AFN 530,"خریداری دبل, سوکیت بورد . پل برمه به للندر 5",,,11-Jan-26,1266,,,,,,
,"$416,143 ",$30.30 ,,$66.00 ,#REF!,"AFN 2,000",خریداری تیل پطرول به موتری هایلکس به للندر 5,,,11-Jan-26,1267,,,,,,
,"$416,152 ",$9.09 ,,$66.00 ,#REF!,AFN 600,خریداری گازو سره کی گاز به للندر 5,,,11-Jan-26,1268,,,,,,
,"$416,205 ",$53.03 ,,$66.00 ,#REF!,"AFN 3,500",خریداری پل 5 کانکریت به للندر 5,,,11-Jan-26,1269,,,,,,
,"$416,274 ",$69.21 ,,$66.18 ,#REF!,"AFN 4,580","خریداری 1 سیت سویچ, مخلوط دستشوی, دبل شیر دهن, چوچه وال, نیچه وال, نیچه دست شوی و غیره به للندر 5",,,12-Jan-26,1270,,,,,,
,"$417,070 ",$795.78 ,,$66.30 ,#REF!,"AFN 52,760",پراخت و تصفیه حساب مکمل بل نمبر 4147 بابت خریداری گرانیت 100/100 به تعمیر للندر 5,,,12-Jan-26,1271,,,,,,
,"$417,269 ",$199.10 ,,$66.30 ,#REF!,"AFN 13,200",پراخت برای کاکا بادام گل توسط روزدین بابت خریداری و انتقال ریگ خاکه از دارلمان به تعمیر للندر 5,,,12-Jan-26,1272,,,,,,
,"$417,393 ",$123.68 ,,$66.30 ,#REF!,"AFN 8,200",پراخت برای کاکا بادام گل بابت انتقال چوب و تخته های قالبکاری از تعمیر للندر 5 به تعمیر للندر 4,,,12-Jan-26,1273,,,,,,
,"$419,349 ","$1,956.19 ",,$66.20 ,#REF!,"AFN 129,500",پراخت برای خریداری 250 خریطه سمنت ایرانی به تعمیر للندر 5 ,,,12-Jan-26,1274,,,,,,
,"$419,832 ",$482.63 ,,$66.20 ,#REF!,"AFN 31,950","پراخت برای شرکت هرات الکتریک بابت خریداری کیبل, نورخطی, کیبل 4/16, لین 1/75, 1/4 به تعمیر للندر 5 ",,,12-Jan-26,1275,,,,,,
,"$421,737 ","$1,905.14 ","$1,890 ",$66.07 ,#REF!,"AFN 1,000",خریداری رنج و پل سمنت براز شرکت مونستار به للندر 5,,,12-Jan-26,1276,,,,,,
,"$421,790 ",$52.97 ,,$66.07 ,#REF!,"AFN 3,500",خریداری تیل پطرول به فرونر به للندر 5,,,12-Jan-26,1277,,,,,,
,"$421,890 ",$99.89 ,,$66.07 ,#REF!,"AFN 6,600",پرداخت برای رسول نظری بابت کاشی کاری و شفته ریزی تعمیرللندر 5,,,14-Jan-26,1278,,,,,,
,"$421,968 ",$78.70 ,,$66.07 ,#REF!,"AFN 5,200",خریداری مواد زد یخ از شرکت ایزومات به للندر 5,,,14-Jan-26,1279,,,,,,
,"$422,114 ",$145.89 ,,$66.07 ,#REF!,"AFN 9,639",خریداری تیل دیزل برای جنراتور به للندر 5,,,14-Jan-26,1280,,,,,,
,"$423,995 ","$1,880.62 ",,$66.07 ,#REF!,"AFN 124,250",پرداخت برای حاجی عبدالکریم بابت خریداری سمنت ایرانی به تعمیرللندر 5,,,14-Jan-26,1281,,,,,,
,"$424,048 ",$52.98 ,,$66.07 ,#REF!,"AFN 3,500",پیش پرداخت برای علی احمد ولد محمد باقر بابت ماه جدی 1404,,,15-Jan-26,1282,,,,,,
,"$424,110 ",$62.06 ,,$66.07 ,#REF!,"AFN 4,100",خریداری تیل دیزل برای موتر هایلکس به للندر 5,,,15-Jan-26,1283,,,,,,
,"$424,135 ",$25.23 ,,$66.07 ,#REF!,"AFN 1,667",پرداخت برای سلاحیدین ولد هکرام الدین موبوط للندر 5,,,15-Jan-26,1284,,,,,,
,"$424,137 ",$2.27 ,,$66.07 ,#REF!,AFN 150,خریداری پل برمه به للندر 5,,,15-Jan-26,1285,,,,,,
,"$424,160 ",$22.70 ,,$66.07 ,#REF!,"AFN 1,500",پرداخت اجرت 1.5 روزه محمد حسن بابت ایزوگام کاری تشنابهای تعمیر للندر 5,,,15-Jan-26,1286,,,,,,
,"$424,735 ",$574.43 ,,$66.07 ,#REF!,"AFN 37,950",پرداخت برای شرکت یونایتید بابت خریداری سمنت سفید برای بند کشی کاشی و سرامیک عربی به تعمیر للندر5,,,15-Jan-26,1287,,,,,,
,"$425,052 ",$317.87 ,,$66.06 ,#REF!,"AFN 21,000","پرداخت و تصفیه حساب مکمل عبدالله بابت همه کاری  های تعمیر للندر 5 از قبیل پلستر کاری , خشت کاری  و شفته ریزی تعمیر للندر 5",,,15-Jan-26,1288,,,,,,
,"$425,204 ",$151.37 ,,$66.06 ,#REF!,"AFN 10,000","پرداخت برای محمد شریف نلدوان بابت سستم نلدوانی باضلاب , آب باران و مکمل سیستم نلدوانی تعمیر للندر5",,,15-Jan-26,1289,,,,,,
,"$425,211 ",$6.66 ,,$66.06 ,#REF!,AFN 440,خریداری برس نرم و اشکاستیب به للندر 5,,,15-Jan-26,1290,,,,,,
,"$425,680 ",$469.25 ,,$66.06 ,#REF!,"AFN 31,000",پرداخت برای گروه صنعتی ترکان رابیتس بابت خریداری جالی راویز به تعمیر للندر 5 ,,,15-Jan-26,1291,,,,,,
,"$427,355 ","$1,675.69 ",,$66.06 ,#REF!,"AFN 110,700",پرداخت برای خریداری تیرچه قالبکاری به تعمیر للندر 5 و استفاده آن به تعمیر للندر 4 و پرداخت انتقال تیرچه خریداری شده,,,15-Jan-26,1292,,,,,,
,"$427,386 ",$30.27 ,,$66.06 ,#REF!,"AFN 2,000",پرداخت برای رسول نظری بابت کاشی کاری تعمیرللندر 5,,,17-Jan-26,1293,,,,,,
,"$427,431 ",$45.41 ,,$66.06 ,#REF!,"AFN 3,000",پرداخت برای نقیب الله بابت گچ کاری و افزار کاری تعمیرللندر 5,,,17-Jan-26,1294,,,,,,
,"$427,477 ",$45.41 ,,$66.06 ,#REF!,"AFN 3,000",خریداری پل از شرکت مونستار به للندر 5,,,17-Jan-26,1295,,,,,,
,"$427,522 ",$45.41 ,,$66.06 ,#REF!,"AFN 3,000",خریداری تیل دیزل بابت موتر فرونر به للندر 5,,,17-Jan-26,1296,,,,,,
,"$427,542 ",$20.44 ,,$66.06 ,#REF!,"AFN 1,350","خریداری بطری , رنگ, والگیر, رابر, قاب سرکرای و زنجیر به للندر 5",,,17-Jan-26,1297,,,,,,
,"$427,588 ",$45.41 ,,$66.06 ,#REF!,"AFN 3,000",خریداری پل از شرکت مونستار به للندر 5,,,17-Jan-26,1298,,,,,,
,"$429,585 ","$1,996.97 ","$1,891 ",$66.06 ,#REF!,"AFN 7,000",خریداری نل هواکش به للندر 5,,,17-Jan-26,1299,,,,,,
,"$429,587 ",$2.27 ,,$66.06 ,#REF!,AFN 150,خریداری سیم کشی بابت للندر 5,,,17-Jan-26,1300,,,,,,
,"$429,682 ",$95.37 ,,$66.06 ,#REF!,"AFN 6,300",خریداری پلاستیک بابت للندر 5,,,17-Jan-26,1301,,,,,,
,"$429,731 ",$48.44 ,,$66.06 ,#REF!,"AFN 3,200",خریداری چوب بابت للندر 5,,,17-Jan-26,1302,,,,,,
,"$429,776 ",$45.42 ,,$66.06 ,#REF!,"AFN 3,000",پیش پرداخت برای ادریس ولد دولت چوکیدار به تعمیر للندر 5 بابت ماه دلو 1404,,,21-Jan-26,1303,,,,,,
,"$429,852 ",$75.69 ,,$66.06 ,#REF!,"AFN 5,000",پرداخت برای  ادریس ولد دولت بابت ماه دلو 1404,,,21-Jan-26,1304,,,,,,
,"$429,859 ",$7.51 ,,$66.05 ,#REF!,AFN 496,"خریداری دسکش , دوبل و اشل بابت للندر 5",,,21-Jan-26,1305,,,,,,
,"$429,920 ",$60.56 ,,$66.05 ,#REF!,"AFN 4,000",خریداری تیل پطرول به موتری لکسس بابت تعمیر للندر 5,,,21-Jan-26,1306,,,,,,
,"$430,450 ",$529.88 ,,$66.05 ,#REF!,"AFN 35,000",پراخت برای نقیب الله بابت کچ کاری و افزار کاری  به تعمیر للندر 5 ,,,24-Jan-26,1307,,,,,,
,"$430,579 ",$128.99 ,,$66.05 ,#REF!,"AFN 8,520",خریداری تیل دیزل بابت تعمیر للندر 5,,,24-Jan-26,1308,,,,,,
,"$430,600 ",$21.20 ,,$66.05 ,#REF!,"AFN 1,400",خریداری سیت فیشن فلت سیاه سامان آلات تشناب به تعمیر للندر 5,,,24-Jan-26,1309,,,,,,
,"$430,637 ",$37.00 ,,$66.22 ,#REF!,"AFN 2,450",خریداری تیل پطرول به تعمیر للندر 5 به موتر,,,24-Jan-26,1310,,,,,,
,"$430,675 ",$37.85 ,,$66.05 ,#REF!,"AFN 2,500",خریداری تیل پطرول به موتری هایلکس بابت تعمیر للندر 5,,,25-Jan-26,1311,,,,,,
,"$431,195 ",$519.63 ,,$66.22 ,#REF!,"AFN 34,410","خریداری برنج,روغن,لوبیا,نخود,زرد چوبه,مرچ سیاه,زیره,رب,بوره, و صافی همرا با نان چاشت و کرای موتر به للندر5",,,25-Jan-26,1312,,,,,,
,"$433,176 ","$1,981.81 ","$1,892 ",$66.05 ,#REF!,"AFN 5,932",خریداری تیل پطرول بابت تعمیر للندر 5,,,25-Jan-26,1313,,,,,,
,"$433,184 ",$7.57 ,,$66.05 ,#REF!,AFN 500,خریداری تیل پطرول بابت تعمیر للندر 5,,,25-Jan-26,1314,,,,,,
,"$433,199 ",$15.14 ,,$66.05 ,#REF!,"AFN 1,000",خریداری تیل پطرول به موتری هایلکس بابت تعمیر للندر 5,,,25-Jan-26,1315,,,,,,
,"$433,213 ",$13.78 ,,$66.05 ,#REF!,AFN 910,خریداری پل الماری و لابرتیپ کاغذی به تعمیر للندر 5,,,25-Jan-26,1316,,,,,,
,"$433,217 ",$4.24 ,,$66.05 ,#REF!,AFN 280,خریداری مایح ظرف شویی و گازبه تعمیر للندر 5,,,25-Jan-26,1317,,,,,,
,"$433,221 ",$3.48 ,,$66.05 ,#REF!,AFN 230,خریداری سرکی گاز به تعمیر للندر 5,,,25-Jan-26,1318,,,,,,
,"$433,274 ",$52.99 ,,$66.05 ,#REF!,"AFN 3,500",پراخت برای مصارف خوراکه رسول نظری کاشی تعمیر للندر 5 ,,,25-Jan-26,1319,,,,,,
,"$433,334 ",$60.56 ,,$66.05 ,#REF!,"AFN 4,000",خریداری تیل پطرول به موتری هایلکس بابت تعمیر للندر 5,,,26-Jan-26,1320,,,,,,
,"$433,410 ",$75.70 ,,$66.05 ,#REF!,"AFN 5,000","پراخت برای محمد شریف بابت سیستیم نلدونی مکمل از قبیل فاضلآب, آب باران سیستیم مرکز گرمی و غیره  تعمیر للندر 5 ",,,26-Jan-26,1321,,,,,,
,"$433,705 ",$295.25 ,,$66.05 ,#REF!,"AFN 19,500",پراخت برای  آغا ضیا بابت خریداری ایزو گام به  تعمیر للندر 5 ,,,26-Jan-26,1322,,,,,,
,"$433,905 ",$199.86 ,,$66.05 ,#REF!,"AFN 13,200",پراخت معاش عبدالرحیم بابت ماه جدی 1404 تعمیر للندر 5 ,,,27-Jan-26,1323,,,,,,
,"$434,087 ",$181.70 ,,$66.04 ,#REF!,"AFN 12,000",پراخت برای نوردین بابت قالبکاری و سیم تابی پیک های اضافی بالکن منازل رهایشی تعمیر للندر 5 ,,,27-Jan-26,1324,,,,,,
,"$434,238 ",$151.41 ,,$66.04 ,#REF!,"AFN 10,000",پراخت معاش محمد سرور ولد محمد طیب بابت ماه جدی 1404 تعمیر للندر 5 ,,,27-Jan-26,1325,,,,,,
,"$434,264 ",$25.74 ,,$66.04 ,#REF!,"AFN 1,700",خریداری تیل پطرول به موتری فرونر به تعمیر للندر 5,,,27-Jan-26,1326,,,,,,
,"$434,271 ",$7.57 ,,$66.04 ,#REF!,AFN 500,خریداری گاز به تعمیر للندر 5,,,27-Jan-26,1327,,,,,,
,"$434,273 ",$1.21 ,,$66.04 ,#REF!,AFN 80,"خریداری کارتن و پل 8"" به تعمیر للندر 5",,,27-Jan-26,1328,,,,,,
,"$434,282 ",$9.09 ,,$66.04 ,#REF!,AFN 600,خریداری لابربیپ کاغذی تعمیر للندر 5,,,27-Jan-26,1329,,,,,,
,"$434,494 ",$211.99 ,,$66.04 ,#REF!,"AFN 14,000",پرداخت مطیع الله سعاک ولد محمد یونس بابت جدی 1404,,,29-Jan-26,1330,,,,,,
,"$434,746 ",$252.37 ,,$66.04 ,#REF!,"AFN 16,667",پرداخت محمد سفر ولد محمد باقر بابت ماه جدی 1404 ,,,29-Jan-26,1331,,,,,,
,"$434,859 ",$113.07 ,,$66.04 ,#REF!,"AFN 7,467",پرداخت عبدل قادر بابت ماه جدی 1404,,,29-Jan-26,1332,,,,,,
,"$435,849 ",$990.32 ,,$66.04 ,#REF!,"AFN 65,400",پرداخت از مجموعه بل نمبر 4073 برای کاشی فروشی برادران صمدی بابت خریداری گرانیت 100/100 به تعمیر للندر 5,,,29-Jan-26,1333,,,,,,
,"$435,854 ",$5.00 ,,$66.04 ,#REF!,AFN 330,خریداری یک بندل پیپ خرطومی و کرایه انتقال به تعمیر للندر5 ,,,29-Jan-26,1334,,,,,,
,"$435,921 ",$66.63 ,,$66.04 ,#REF!,"AFN 4,400",خریداری  تیل پطرول به لکسس تعمیر للندر 5,,,29-Jan-26,1335,,,,,,
,"$435,924 ",$3.03 ,,$66.04 ,#REF!,AFN 200,پرداخت کرای انتقال کیبل تری از پاور سویچ به تعمیر للندر 5,,,29-Jan-26,1336,,,,,,
,"$438,056 ","$2,131.80 ","$1,893 ",$66.04 ,#REF!,"AFN 15,770",پرداخت برای شرکت پاور سویچ خریداری و تهیه کیبل تری  به تعمیر للندر 5,,,29-Jan-26,1337,,,,,,
,"$438,094 ",$37.86 ,,$66.04 ,#REF!,"AFN 2,500",پرداخت برای حاچی شریف بابت خریداری پروفیل 18 گیچ  به تعمیر للندر 5,,,29-Jan-26,1338,,,,,,
,"$438,200 ",$106.00 ,,$66.04 ,#REF!,"AFN 7,000",پرداخت برای شرکت مرتضی هاشمی بابت خریداری مواد ضد یخ به تعمیر للندر5,,,29-Jan-26,1339,,,,,,
,"$438,201 ",$1.51 ,,$66.04 ,#REF!,AFN 100,خریداری لیسک به للندر 5,,,31-Jan-26,1340,,,,,,
,"$438,225 ",$23.47 ,,$66.03 ,#REF!,"AFN 1,550","خریداری نوار pvc  , رنده جوب و پرداخت کرایه موتر به للندر 5",,,31-Jan-26,1341,,,,,,
,"$438,270 ",$45.43 ,,$66.03 ,#REF!,"AFN 3,000",خریداری تیل پطرول برای موتری هایلکس به للندر 5,,,31-Jan-26,1342,,,,,,
,"$438,273 ",$2.56 ,,$66.50 ,,AFN 170,پرداخت برای کرای انتقال مواد نلدوانی به تعمیر للندر 5,,,31-Jan-26,1343,,,,,,
,"$438,280 ",$7.52 ,,$66.50 ,,AFN 500,پرداخت برای مصارف خوراکه کاریگران رسول نظری بابت کاشی کاری تعمیر للندر 5 بدست ادریس چوکیدار ,,,31-Jan-26,1344,,,,,,
,"$438,288 ",$7.52 ,,$66.50 ,,AFN 500,پرداخت برای مصارف خوراکه کاریگران رسول نظری بابت کاشی کاری تعمیر للندر 5 بدست ادریس چوکیدار ,,,31-Jan-26,1345,,,,,,
,"$438,294 ",$5.86 ,,$66.50 ,,AFN 390,"خریداری نت وبولت واشل دار, دستکش, عینک, نت 13 و واشل به تعمیر للندر 5",,,31-Jan-26,1346,,,,,,
,"$438,300 ",$6.47 ,,$66.50 ,,AFN 430,خریداری چای و بوره به تعمیر للندر 5,,,31-Jan-26,1347,,,,,,
,"$438,303 ",$3.01 ,,$66.50 ,,AFN 200,خریداری گاز به تعمیر للندر 5,,,31-Jan-26,1348,,,,,,
,"$438,333 ",$30.08 ,,$66.50 ,,"AFN 2,000",پرداخت برای مصارف خوراکه کاریگران رسول نظری بابت کاشی کاری تعمیر للندر 5 بدست ادریس چوکیدار از درک چهار روز,,,31-Jan-26,1349,,,,,,
,"$438,334 ",$0.75 ,,$66.50 ,,AFN 50,خریداری توش به تعمیر للندر 5,,,31-Jan-26,1350,,,,,,
,"$438,335 ",$1.50 ,,$66.50 ,,AFN 100,خریداری آب پاش به کاشی کاری تعمیر للندر 5,,,31-Jan-26,1351,,,,,,
,"$438,338 ",$3.01 ,,$66.50 ,,AFN 200,خریداری مبلایل به جنراتور تعمیر للندر 5,,,31-Jan-26,1352,,,,,,
,"$438,339 ",$0.30 ,,$66.50 ,,AFN 20,خریداری اسفنج به تعمیر للندر 5,,,31-Jan-26,1353,,,,,,
,"$438,455 ",$115.79 ,,$66.50 ,,"AFN 7,700",پرداخت معاش برای علی احمد ولد محمد باقر بابت ماه جدی سال 1404  ,,,31-Jan-26,1354,,,,,,
,"$443,455 ","$5,000.00 "," $5,000.00 ",$66.50 ,,,پرداخت برای شرکت ALTON بابت نصب PVC تعمیرللندر 5,,,31-Jan-26,1355,,,,,,
,"$445,930 ","$2,475.00 "," $2,475.00 ",$66.50 ,,,پرداخت و تصفیه حساب مکمل شرکت زمزم استیل بابت خریداری سیخ گول به تعمیر للندر 5,,,31-Jan-26,1356,,,,,,
,"$445,939 ",$9.02 ,,$66.50 ,,AFN 600,خریداری گاز مایع به بخاری دفتر,,,31-Jan-26,1357,,,,,,
,"$445,969 ",$30.29 ,,$66.03 ,#REF!,"AFN 2,000",پیش پرداخت برای ادریس ولد دولت چوکیدار تعمیر للندر 5 بابت ماه دلو 1404,,,31-Jan-26,1358,,,,,,
,"$446,605 ",$636.04 ,,$66.03 ,#REF!,"AFN 42,000","پرداخت تعرفه مصتوفیت بابت جواز سیر موتر لکسس , پرداخت خدمات ترافیکی جواز سیر موتر لکسس, پرداخت شاروالی بابت جواز سیر موتر لکسس , پرداخت مصارفات متفرقه از قبیل اخذ فورم معاینه تخنیکی , ضمانت و سنجش کنترول و پرداخت مصارف طی مراحل اداری موتر لکسس از سال 1404 الی 1407. ",,,31-Jan-26,1359,,,,,,
,"$446,681 ",$75.72 ,,$66.03 ,#REF!,"AFN 5,000","پرداخت برای عباس بابت سیستم مکمل نلدوانی, فاضلاب, آب باران و مرکز گرمی  تعمیر للندر 5 ",,,1-Feb-26,1360,,,,,,
,"$447,438 ",$757.21 ,,$66.03 ,#REF!,"AFN 50,000",پرداخت برای رسول نظری بابت نصب کاشی و سرامیک  تعمیر للندر 5 ,,,1-Feb-26,1361,,,,,,
,"$447,485 ",$46.95 ,,$66.03 ,#REF!,"AFN 3,100","خریداری مبلاین , فلتر مبلاین و غیره به للندر 5",,,1-Feb-26,1362,,,,,,
,"$447,607 ",$122.67 ,,$66.03 ,#REF!,"AFN 8,100",خریداری تیل دیزل برای جنراتور به للندر 5,,,1-Feb-26,1363,,,,,,
,"$447,614 ",$6.51 ,,$66.03 ,#REF!,AFN 430,"خریداری پطری کنیشن, سوپ, زلفی, سگرت میوه خانه دگروال به للندر 5",,,1-Feb-26,1364,,,,,,
,"$447,617 ",$3.06 ,,$65.39 ,#REF!,AFN 200,پرداخت کرای تکسی مواد ساختمانی  به تعمیر للندر 5,,,2-Feb-26,1365,,,,,,
,"$447,660 ",$42.68 ,,$65.60 ,#REF!,"AFN 2,800",پرداخت برای مبلاین تبدیلی موتر هایلکس به للندر 5,,,3-Feb-26,1366,,,,,,
,"$447,684 ",$24.39 ,,$65.60 ,#REF!,"AFN 1,600",پرداخت کرای انتقال کاشی های واپس شده از تعمیر للندر 5 به شرکت کاشی فروشی آخندراده  و پرداخت اجرت تخلیه کاشی های واپس شده به شرکت آخندزاده از تعمیر للندر 5,,,3-Feb-26,1367,,,,,,
,"$447,699 ",$15.34 ,,$65.20 ,#REF!,"AFN 1,000",پرداخت کرای بارگیری تخته های نجاری و کرای موتر به تعمییر للندر 5,,,4-Feb-26,1368,,,,,,
,"$447,733 ",$33.74 ,,$65.20 ,#REF!,"AFN 2,200",پرداخت کرای موتر انتقال کاشی از شرکت برادران صمدی به تعمییر للندر 5,,,4-Feb-26,1369,,,,,,
,"$447,810 ",$76.69 ,,$65.20 ,#REF!,"AFN 5,000",پیش پرداخت برای ادریس ولد دولت چوگیدار تعمییر للندر 5 بابت ماه حمل 1404,,,4-Feb-26,1370,,,,,,
,"$448,036 ",$225.83 ,,$65.20 ,#REF!,"AFN 14,724",پرداخت برای خبازی عبدالمطلب بغلانی بابت خریداری نان خشک به دفتر بابت ماه جدی 1404 ,,,4-Feb-26,1371,,,,,,
,"$448,039 ",$3.37 ,,$65.20 ,#REF!,AFN 220,خریداری فنر به سیم کشی برق تعمیر للندر 5,,,4-Feb-26,1372,,,,,,
,"$448,042 ",$3.07 ,,$65.20 ,#REF!,AFN 200,پرداخت کرای تکسی انتقال هواکش های  تعمییر للندر 5,,,4-Feb-26,1373,,,,,,
,"$448,149 ",$107.36 ,,$65.20 ,#REF!,"AFN 7,000",پرداخت اجرت کار مستری جنراتور تعمییر للندر 5 بابت رنگ و دیزل پمپ و پیش پرداخت موبوط للندر 5,,,4-Feb-26,1374,,,,,,
,"$448,168 ",$18.55 ,,$64.70 ,#REF!,"AFN 1,200","پرداخت برای ترمیم للیتر, پاک کاری, سرش کاری به تعمیر للندر 5",,,4-Feb-26,1375,,,,,,
,"$448,194 ",$25.50 ,,$64.70 ,#REF!,"AFN 1,650",پرداخت کرای تکسی به خاطری پالشکاری جنراتورو و اجرت مستری بایت تعمییر گیلاس و سلندرجنراتور تعمییر للندر 5,,,4-Feb-26,1376,,,,,,
,"$448,234 ",$40.19 ,,$64.70 ,#REF!,"AFN 2,600",خریداری مبلاین و مواد ضد یخ تعمیر للندر 5,,,4-Feb-26,1377,,,,,,
,"$448,249 ",$15.46 ,,$64.70 ,#REF!,"AFN 1,000",خریداری قابلی پلو و نوشابه به هدایت حاجی رفیح الله به تعمیر للندر 5 ,,,4-Feb-26,1378,,,,,,
,"$448,290 ",$40.96 ,,$64.70 ,#REF!,"AFN 2,650","خریداری شرش سفید, لابرتیپ, پل, پیچ, قفل و غیره به تعمیر للندر 5 ",,,4-Feb-26,1379,,,,,,
,"$448,430 ",$140.00 , $140.00 ,$64.70 ,#REF!,,خریداری جنرال استیل به للندر 5,,,4-Feb-26,1380,,,,,,
,"$448,526 ",$95.83 ,,$64.70 ,#REF!,"AFN 6,200",خریداری پرزه جات جنراتور به للندر 5,,,4-Feb-26,1381,,,,,,
,"$448,531 ",$4.64 ,,$64.70 ,#REF!,AFN 300,خریداری سیخ بولت به للندر 5,,,4-Feb-26,1382,,,,,,
,"$449,966 ","$1,435.70 ",,$64.70 ,#REF!,"AFN 92,890","خریداری تخته 8, ,16 میلی MDF و اجرت نوار کار   به تعمیر للندر 5",,,4-Feb-26,1383,,,,,,
,"$450,108 ",$141.73 ,,$64.70 ,#REF!,"AFN 9,170","خریداری پرزه جات جنراتور از قبیل پشتم, رینگ و غیره به  للندر 5",,,4-Feb-26,1384,,,,,,
,"$450,263 ",$154.56 ,,$64.70 ,#REF!,"AFN 10,000","پرداخت برای تبدیلی فلنجر, کوان فایبر و اجرت تبت کار به  للندر 5",,,4-Feb-26,1385,,,,,,
,"$450,266 ",$3.09 ,,$64.70 ,#REF!,AFN 200,خریداری سرش فولادی و صافی به للندر 4 ,,,4-Feb-26,1386,,,,,,
,"$450,324 ",$58.44 ,,$64.85 ,#REF!,"AFN 3,790",خریداری تیل پطرول برای موتری هایلکس به تعمیر للندر 5 ,,,5-Feb-26,1387,,,,,,
,"$450,361 ",$37.01 ,,$64.85 ,#REF!,"AFN 2,400",پرداخت برای تبدیلی مبلاین موتری فرونر به تعمیر للندر 5,,,5-Feb-26,1388,,,,,,
,"$450,427 ",$66.31 ,,$64.85 ,#REF!,"AFN 4,300",خریداری تیل پطرول برای موتری لکسس به تعمیر للندر 5 ,,,5-Feb-26,1389,,,,,,
,"$450,428 ",$0.77 ,,$64.85 ,#REF!,AFN 50,خریداری اسپری به تعمیر للندر 5 ,,,5-Feb-26,1390,,,,,,
,"$450,436 ",$7.71 ,,$64.85 ,#REF!,AFN 500,خریداری تیل پطرول توسط حاجی ثناالله برای موتری لکسس به تعمیر للندر 5 ,,,5-Feb-26,1391,,,,,,
,"$450,438 ",$2.47 ,,$64.85 ,#REF!,AFN 160,خریداری پایپ و کلفت به تعمیر للندر 5 ,,,5-Feb-26,1392,,,,,,
,"$450,440 ",$1.54 ,,$64.85 ,#REF!,AFN 100,خریداری مایع ظرف شویی به تعمیر للندر 5 ,,,5-Feb-26,1393,,,,,,
,"$450,474 ",$34.39 ,,$64.85 ,,"AFN 2,230",خریداری تیل پطرول برای موتر هایکس به تعمیر للندر 5,,,8-Feb-26,1394,,,,,,
,"$450,482 ",$7.71 ,,$64.85 ,,AFN 500,خریداری گاز مایع به تعمیر للندر 5,,,8-Feb-26,1395,,,,,,
,"$450,506 ",$24.36 ,,$64.85 ,,"AFN 1,580","خریداری اسکوپ, کلپس سرخ , سیاه و سفید به تعمیر للندر 5",,,9-Feb-26,1396,,,,,,
,"$450,557 ",$50.89 ,,$64.85 ,,"AFN 3,300",پرداخت برای کرای موتر و بارگیری کاشی به تعمیر للندر 5,,,9-Feb-26,1397,,,,,,
,"$450,557 ",$0.18 ,,"$6,485.00 ",,"AFN 1,150",خریداری جنس به الماری  های آشپزخانه به تعمیر للندر 5,,,9-Feb-26,1398,,,,,,
,"$450,619 ",$61.68 ,,$64.85 ,,"AFN 4,000",خریداری تیل پطرول برای موتر لکسس به تعمیر للندر 5,,,9-Feb-26,1399,,,,,,
,"$450,625 ",$5.40 ,,$64.85 ,,AFN 350,خریداری پل چرخ و پلک به  تعمیر للندر 5,,,10-Feb-26,1400,,,,,,
,"$450,625 ",$0.92 ,,$65.20 ,,AFN 60,خریداری یک کیلو شیر به مهمانان تعمیر للندر 5,,,10-Feb-26,1401,,,,,,
,"$450,626 ",$0.77 ,,$65.20 ,,AFN 50,خریداری شیر به انجنیران للندر 5,,,10-Feb-26,1402,,,,,,
,"$450,642 ",$15.34 ,,$65.20 ,,"AFN 1,000",پیش پرداخت برای علی احمد ولد محمد باقر بابت ماه دلو 1404,,,10-Feb-26,1403,,,,,,
,"$450,647 ",$5.55 ,,$64.85 ,,AFN 360,خریداری  پل چرخ به تعمیر للندر 5,,,10-Feb-26,1404,,,,,,
,"$450,648 ",$1.23 ,,$64.85 ,,AFN 80,خریداری شیرتوسط ادریس به انجنیران للندر 5,,,11-Feb-26,1405,,,,,,
,"$450,650 ",$1.23 ,,$64.85 ,,AFN 80,خریداری رنگ روغنی به تعمیر للندر 5,,,11-Feb-26,1406,,,,,,
,"$450,696 ",$46.26 ,,$64.85 ,,"AFN 3,000",خریداری تیل پطرول برای موتری فرونر به تعمیر للندر 5,,,11-Feb-26,1407,,,,,,
,"$450,739 ",$42.94 ,,$65.20 ,,"AFN 2,800",پرداخت اجرت روز مزد دو نفر کاشی کار بابت 4 روز فی روز از قرار 350 افغانی در تعمیر للندر 5,,,12-Feb-26,1408,,,,,,
,"$450,819 ",$79.75 ,,$65.20 ,,"AFN 5,200",خریداری لیزر از کاشی قسط اول جمله 10800 و ملغ پرداخت شده 5200 به تعمیر للندر 5 ,,,12-Feb-26,1409,,,,,,
,"$450,872 ",$53.68 ,,$65.20 ,,"AFN 3,500",خریداری تیل پطرول برای موتر لکسس به تعمیر للندر 5 ,,,12-Feb-26,1410,,,,,,
,"$450,888 ",$15.65 ,,$63.90 ,,"AFN 1,000",پیش پرئاخت برای غلی احمد ولد محمد باقربابت ماه دلو 1404,,,15-Feb-26,1411,,,,,,
,"$450,921 ",$32.86 ,,$63.90 ,,"AFN 2,100",خریداری تیل پطرول برای موتر فرونربه للندر 5 ,,,15-Feb-26,1412,,,,,,
,"$451,097 ",$176.68 ,,$63.90 ,,"AFN 11,290",خریداری تخته ام دی اف 16 میلی به الماری های آشپزخانه به للندر 5 و پرداخت کرای موتر و جوالی,,,15-Feb-26,1413,,,,,,
,"$451,113 ",$15.65 ,,$63.90 ,,"AFN 1,000",خریداری تیل پطرول برای موتر هایلکس به تعمیر للندر 5 ,,,15-Feb-26,1414,,,,,,
,"$451,131 ",$17.84 ,,$63.90 ,,"AFN 1,140","خریداری دستکش, سه ساکته, اسفنج به تعمیر للندر 5 ",,,15-Feb-26,1415,,,,,,
,"$451,137 ",$6.26 ,,$63.90 ,,AFN 400,خریداری مبلاین به جنراتور تعمیر للندر 5 ,,,15-Feb-26,1416,,,,,,
,"$451,140 ",$2.35 ,,$63.90 ,,AFN 150,خریداری ذغال به تعمیر للندر 5 ,,,15-Feb-26,1417,,,,,,
,"$451,144 ",$4.69 ,,$63.90 ,,AFN 300,خریداری پیچکش به تعمیر للندر 5 ,,,15-Feb-26,1418,,,,,,
,"$451,150 ",$5.63 ,,$63.90 ,,AFN 360,خریداری رجه و میخ به تعمیر للندر 5 ,,,15-Feb-26,1419,,,,,,
,"$451,155 ",$5.01 ,,$63.90 ,,AFN 320,خریداری فوم کلان ترکی  و میخ به تعمیر للندر 5 ,,,15-Feb-26,1420,,,,,,
,"$451,161 ",$6.42 ,,$63.90 ,,AFN 410,خریداری کارتک و دستکش للندر 5 ,,,15-Feb-26,1421,,,,,,
,"$451,175 ",$13.30 ,,$63.90 ,,AFN 850,خریداری ریگمال همرا با زیرک ریگمال به تعمیر للندر 5 ,,,15-Feb-26,1422,,,,,,
,"$451,179 ",$4.69 ,,$63.90 ,,AFN 300,خریداری رجه رنگدار به تعمیر للندر 5 ,,,15-Feb-26,1423,,,,,,
,"$451,313 ",$133.40 ,,$63.90 ,,"AFN 8,524","خریداری اسکوپ, کلیپس و سرش به تعمیر للندر 5 ",,,15-Feb-26,1424,,,,,,
,"$451,326 ",$13.15 ,,$63.90 ,,AFN 840,خریداری سرش و ربل به تعمیر للندر 5 ,,,15-Feb-26,1425,,,,,,
,"$451,347 ",$20.81 ,,$63.90 ,,"AFN 1,330",خریداری تخته به الماری های آشپزخانه های تعمیر للندر 5 و پرداخت کرایی موتر و بارگیری آن,,,15-Feb-26,1426,,,,,,
,"$452,664 ","$1,317.38 ",,$62.70 ,,"AFN 82,600",پرداخت برای  شرکت هرات الکتریک بابت خریداری سامان آلات برقی به تعمیر للندر 5,,,16-Feb-26,1427,,,,,,
,"$453,189 ",$524.72 ,,$62.70 ,,"AFN 32,900","پرداخت برای کاکا بادام گل بدست روز الدین بابت خریداری ریگ خاکه , انتقال از دارالمان , خشت اول , ریگ خاکه , انتقال چوب از للندر 5 به للندر 4",,,16-Feb-26,1428,,,,,,
,"$454,352 ","$1,162.84 ",,$62.70 ,,"AFN 72,910","پرداخت برای شرکت آخندزاده بابت خریداری کاشی 60/30 به تعمیر للندر 5 , پرداخت برای شرکت آخندزاده بابت خریداری گرانیت 60/120 به تعمیر للندر 5, پرداخت برای شرکت آخندزاده بابت خریداری گرانیت 60/120 به تعمیر للندر 5",,,16-Feb-26,1429,,,,,,
,"$455,583 ","$1,231.26 ",,$62.70 ,,"AFN 77,200",خریداری برای شرکت برادران صمدی از مجموع باقیمانده بل نمبر هذا بابت خریداری گرانیت 100/100 به تعمیر للندر 5 ,,,16-Feb-26,1430,,,,,,
,"$456,987 ","$1,404.18 ",,$62.70 ,,"AFN 88,042",پرداخت برای شرکت پاور اطلس بابت خریداری مواد نلدوانی به تعمیر للندر 5,,,16-Feb-26,1431,,,,,,
,"$457,379 ",$392.34 ,,$62.70 ,,"AFN 24,600",پرداخت برای شرکت تولیدی گچ آسیاه بابت خریداری گچ سفید به تعمیر للندر 5 ,,,16-Feb-26,1432,,,,,,
,"$457,579 ",$200.13 ,,$62.61 ,,"AFN 12,530",پرداخت بل برق دفتر تعمیر للندر 5 ,,,16-Feb-26,1433,,,,,,
,"$457,707 ",$127.46 ,,$62.61 ,,"AFN 7,980",خریداری تیل دیزل به جنراتور تعمیر للندر 5,,,16-Feb-26,1434,,,,,,
,"$457,796 ",$88.68 ,,$63.15 ,,"AFN 5,600",پرداخت برای جمعه خان بابت پول باقیمانده خریداری تراز لایزری به تعمیر للندر 5,,,17-Feb-26,1435,,,,,,
,"$457,819 ",$23.85 ,,$62.90 ,,"AFN 1,500",خریداری تیل سوپر پطرول به موتر هایکس بابت للندر 5,,,18-Feb-26,1436,,,,,,
,"$457,934 ",$114.16 ,,$63.07 ,,"AFN 7,200",پرداخت  برای عبدلقادر  ولد جما خان بابت ماه دلو 1404 ,,,19-Feb-26,1437,,,,,,
,"$457,949 ",$15.86 ,,$63.07 ,,"AFN 1,000",پیش پرداخت برای علی احمد ولد محمد باقر بابت ماه دلو 1404 برقی تعمیر للندر 5,,,19-Feb-26,1438,,,,,,
,"$458,378 ",$428.57 ,,$63.00 ,,"AFN 27,000","پرداخت برای جمعه  بابت کاشی کاری کف اتاق های منزل هفتم, تشنابهای واحد دو اتاقه منزل هفتم و تشناب های منزل پنجم للندر 5",,,19-Feb-26,1439,,,,,,
,"$458,712 ",$333.71 ,,$63.00 ,,"AFN 21,024",پرداخت برای عبدالله بابت خشت کاری داخلی منزل نهم و پلستر کاری بیرونی سمنت سرک عمومی کارته چهارم,,,19-Feb-26,1440,,,,,,
,"$458,724 ",$12.06 ,,$63.00 ,,AFN 760,پرداخت اجرت بارگیری 16 کارتن کاشی 100/100 از شرکت برادران صمدی به تعمیر للندر 5 بابت بل نمبر 4734  و  پرداخت اجرت بارگیری 16 کارتن معادل 32 متر کاشی 100/100 از شرکت برادران صمدی به تعمیر للندر 5 بابت بل نمبر 4734 ,,,19-Feb-26,1441,,,,,,
,"$458,846 ",$122.22 ,,$63.00 ,,"AFN 7,700",پرداخت اجرت 8 روزه جمعه کاشی کار بابت بند کشی کار های باقیمانده رسول نظری بابت تعمیر للندر 5  و پرداخت اجرت 7 روزه نثار احمد کاشی کار بابت کار های باقیمانده رسول نظری بابت تعمیر للندر 5 ,,,19-Feb-26,1442,,,,,,
,"$458,883 ",$37.21 ,,$63.15 ,,"AFN 2,350",پرداخت کراس موتر بابت انتقال گرانیت های خریداری شده به تعمیر للندر 5 از شرکت آخندزاده توسط بل نمبر 31735 ,,,19-Feb-26,1443,,,,,,
,"$458,899 ",$15.86 ,,$63.07 ,,"AFN 1,000",خریداری تیل پطرول به موتر لکسس بابت تعمیر للندر 5,,,19-Feb-26,1444,,,,,,
,"$458,939 ",$39.64 ,,$63.07 ,,"AFN 2,500",خریداری تیل پطرول به موتر فرونر بابت تعمیر للندر 5,,,19-Feb-26,1445,,,,,,
,"$458,943 ",$4.12 ,,$63.07 ,,AFN 260,خریداری نوار 16 میلی عادی برای نوار کاری تخته 16 ملی برای آشپز خانه های للندر 5 همراه با کرای تکسی ,,,19-Feb-26,1446,,,,,,
,"$458,947 ",$4.44 ,,$63.07 ,,AFN 280,"خریداری سلیکان شفاف, فوم و چسپ کانکریت به تعمیر للندر 5 ",,,19-Feb-26,1447,,,,,,
,"$458,950 ",$2.85 ,,$63.07 ,,AFN 180,خریداری برس دندان و پیچ و اشل دار به تعمیر للندر 5,,,19-Feb-26,1448,,,,,,
,"$458,953 ",$3.17 ,,$63.07 ,,AFN 200,"خریداری کاردک, رجه و برس به تعمیر للندر 5",,,19-Feb-26,1449,,,,,,
,"$458,959 ",$5.23 ,,$63.07 ,,AFN 330,خریداری صلیب مواد کاشی به تعمیر للندر 5,,,19-Feb-26,1450,,,,,,
,"$459,010 ",$51.53 ,,$63.07 ,,"AFN 3,250",خریداری تیل پطرول برای موتر هایلکس به للندر 5,,,21-Feb-26,1451,,,,,,
,"$461,071 ","$2,061.20 ",,$63.07 ,,"AFN 130,000",خریداری 250 بوجی سمنت از شزکت سمنت فروشی قاری فراهی به تعمیر للندر 5,,,22-Feb-26,1452,,,,,,
,"$461,105 ",$33.33 ,,$63.00 ,,"AFN 2,100",پرداخت کرای موتر و بارگیری گرانیت 60/120 به تعمیر للندر 5 بابت بل نمبر 12170,,,23-Feb-26,1453,,,,,,
,"$461,136 ",$31.75 ,,$63.00 ,,"AFN 2,000",خریداری تیل پطرول به موتر فرونر للندر 5 ,,,23-Feb-26,1454,,,,,,
,"$461,523 ",$386.51 ,,$63.00 ,,"AFN 24,350",خریداری چسپ کاشی 25 کیلو همرا با کرای موتر و بارگیری بابت للندر 5,,,23-Feb-26,1455,,,,,,
,"$461,529 ",$6.35 ,,$63.00 ,,AFN 400,"پرداخت کرای انتقال لوله های جوشی, سه دهن , سردنده, رانو خم و غیره بل نمبر 652 به تعمیر للندر 5",,,24-Feb-26,1456,,,,,,
,"$470,438 ","$8,909.00 "," $8,909.00 ",$63.00 ,,,خریداری تخته پلایود 18 ملی و احرت جوالی به تعمیر للندر5 و استفاده آن به تعمیر للندر 6 (نوت پرداخت پول هذا توسط صرافی خانی گل و چک نمبر 2355) اجرا گردیده است,,,24-Feb-26,1457,,,,,,
,"$486,937 ","$16,499.00 "," $16,499.00 ",$63.00 ,,,خریداری چوب چار تراش و اجرت اره کشی و بارگیری به تعمیر للندر 5 و استفاده آن به  تعمیر للندر 6 (نوت  پرداخت پول هذا توسط صرافی خانه گل و چک نمیر های 2352 و 2353) اجرا گردیده است,,,24-Feb-26,1458,,,,,,
,"$486,939 ",$1.59 ,,$63.00 ,,AFN 100,خریداری مایع ظرف شویی به تعمیر للندر 5 ,,,24-Feb-26,1459,,,,,,
,"$486,942 ",$3.16 ,,$63.30 ,,AFN 200,خریداری  کارت مبایل برای ادریس چوکیدار تعمیر للندر 5,,,25-Feb-26,1460,,,,,,
,"$487,021 ",$78.70 ,,$63.53 ,,"AFN 5,000",پرداخت ماش برای ادریس ولد دولت بابت ماه دلو 1404 ,,,25-Feb-26,1461,,,,,,
,"$487,277 ",$256.57 ,,$63.53 ,,"AFN 16,300",پرداخت برای نعمان خریداری فن کویل به تعمیر للندر 5 به هدایت حاجی عاشق الله ,,,25-Feb-26,1462,,,,,,
,"$487,325 ",$47.46 ,,$63.21 ,,"AFN 3,000",خریداری تیل پطرول برای موتر فرونر توسط حاجی صبغت ,,,26-Feb-26,1463,,,,,,
,"$488,007 ",$681.85 ,,$63.21 ,,"AFN 43,100","پرداخت پارچه سرای مزار شریف بابت خریداری چوب های قالبکاری به تعمیر للندر 5 و استفاده آن به تعمیر للندر 6 , پرداخت پارچه حق العبود موتر بابت انتقال چوب های خریداری شده از مزار شریف , پرداخت کرای موتر انتقال چوب های خریداری شده مزار شریف , پرداخت پارچه ترازو شخصی بابت  وزن موتر انتقال تخته های خریداری شده از مزار شریف    نجیب الله",,,26-Feb-26,1464,,,,,,
,"$488,688 ",$681.85 ,,$63.21 ,,"AFN 43,100","پرداخت پارچه سرای مزار شریف بابت خریداری چوب های قالبکاری به تعمیر للندر 5 و استفاده آن به تعمیر للندر 6 , پرداخت پارچه حق العبود موتر بابت انتقال چوب های خریداری شده از مزار شریف , پرداخت کرای موتر انتقال چوب های خریداری شده مزار شریف , پرداخت پارچه ترازو شخصی بابت  وزن موتر انتقال تخته های خریداری شده از مزار شریف    رامین",,,26-Feb-26,1465,,,,,,
,"$488,910 ",$221.48 ,,$63.21 ,,"AFN 14,000",پرداخت معاش مطیع الله سهاک ولد محمد یونس بابت ماه دلو 1404,,,26-Feb-26,1466,,,,,,
,"$488,941 ",$31.01 ,,$63.21 ,,"AFN 1,960",پرداخت کرای موتر گرانیت های .واپس شده از تعمیر للندر5 به شرکت تجارتی آخندزاده,,,26-Feb-26,1467,,,,,,
,"$489,131 ",$189.84 ,,$63.21 ,,"AFN 12,000",پرداخت معاش محمد سفر ولد محمد باقر بابت ماه دلو 1404,,,26-Feb-26,1468,,,,,,
,"$489,289 ",$158.20 ,,$63.21 ,,"AFN 10,000",پرداخت معاش محمد سرور ولد طالب بابت ماه دلو 1404 ,,,26-Feb-26,1469,,,,,,
,"$489,447 ",$158.20 ,,$63.21 ,,"AFN 10,000","پرداخت برای جمعه  خان بابت کاشی کاری تعمیر للندر 5 بابت منازل 8 , 5 و 7",,,26-Feb-26,1470,,,,,,
,"$489,533 ",$85.43 ,,$63.21 ,,"AFN 5,400",پرداخت معاش علی احمد ولد محمد باقر بابت ماه دلو 1404,,,26-Feb-26,1471,,,,,,
,"$489,573 ",$40.66 ,,$63.21 ,,"AFN 2,570",پرداخت اجرت بارگیری گادر ها به تعمیر للندر 5,,,28-Feb-26,1472,,,,,,
,"$489,621 ",$47.46 ,,$63.21 ,,"AFN 3,000",خریداری تیل پطرول برای موتر فرونر توسط حاجی صبغت ,,,28-Feb-26,1473,,,,,,
,"$489,652 ",$31.64 ,,$63.21 ,,"AFN 2,000",خریداری تیل پطرول برای موتر فرونر مربوط للندر 5,,,28-Feb-26,1474,,,,,,
,"$489,718 ",$65.65 ,,$63.21 ,,"AFN 4,150",خریداری تیل پطرول برای موتر هایلکس به للندر 5,,,28-Feb-26,1475,,,,,,
,"$493,091 ","$3,373.00 "," $3,373.00 ",$63.21 ,,,خریداری 410 خریطه سمنت ایرانی به تعمیر للندر 5 و اجرا پول آن توسظ صرافی خانی گل نمبر 2361,,,28-Feb-26,1476,,,,,,
,"$493,107 ",$15.82 ,,$63.21 ,,"AFN 1,000",خریداری تیل پطرول برای موتر لکسس به للندر 5,,,28-Feb-26,1477,,,,,,
,"$493,360 ",$253.12 ,,$63.21 ,,"AFN 16,000",پرداخت برای کاکا گل توسط روزالدین بابت خریداری ریگ خاکه به تعمیر للندر 5 و پرداخت برای کاکا گل توسظ روزالدین بابت خریداری خشت اول به تعمیر للندر 5,,,28-Feb-26,1478,,,,,,
,"$495,562 ","$2,202.00 "," $2,202.00 ",$63.21 ,,,پرداخت برای شرکت هرات نت و بولت بابت خریداری گادر توسط صرافی خانی گل چک نمبر 2358,,,28-Feb-26,1479,,,,,,
,"$495,578 ",$15.82 ,,$63.21 ,,"AFN 1,000",خریداری تیل پطرول به موتری لکسس تعمیر للندر 5,,,1-Mar-26,1480,,,,,,
,"$495,608 ",$30.06 ,,$63.21 ,,"AFN 1,900",خریداری مواد کاشی کاری به تعمیر للندر 5,,,1-Mar-26,1481,,,,,,
,"$495,608 ",$0.47 ,,$63.21 ,,AFN 30,خریداری پل برمه به تعمیر للندر 5,,,1-Mar-26,1482,,,,,,
,"$495,659 ",$50.62 ,,$63.21 ,,"AFN 3,200",خریداری اسکوپ و کلپس به تعمیر للندر 5,,,1-Mar-26,1483,,,,,,
,"$495,694 ",$35.12 ,,$63.21 ,,"AFN 2,220","خریداری ضد زنگ, تینر و برس به ضد زنگ کاری گادر های تعمیر للندر 5",,,1-Mar-26,1484,,,,,,
,"$495,799 ",$105.03 ,,$66.65 ,,"AFN 7,000",پرداخت برای فیض الله بابت نجاری کابینت های آشپز خانه تعمیر للندر 5,,,2-Mar-26,1485,,,,,,
,"$495,894 ",$94.45 ,,$64.85 ,,"AFN 6,125",خریداری مواد کاشی کاری به تعمیر للندر 5,,,3-Mar-26,1486,,,,,,
,"$497,436 ","$1,542.02 ",,$64.85 ,,"AFN 100,000",پرداخت برای شرکت آخندزاده از مجموع بل نمبر 12170,,,3-Mar-26,1487,,,,,,
,"$499,674 ","$2,238.27 ",,$64.85 ,,"AFN 145,152",واپسی برای شرکت آخندزاده از تعمیر للندر 5 توسط بل نمبر 31793,,,3-Mar-26,1488,,,,,,
,"$500,296 ",$622.50 ,,$64.90 ,,"AFN 40,400",خریداری کلفت به قالبکاری تعمیر للندر 5 و استفاده آن به تعمیر للندر 6 توسط حاجی احسان الله سهاک,,,4-Mar-26,1489,,,,,,
,"$500,329 ",$33.13 ,,$64.90 ,,"AFN 2,150",خریداری تیل پطرول  برای موتری فرونر تعمیر للندر 5,,,4-Mar-26,1490,,,,,,
,"$500,380 ",$50.85 ,,$64.90 ,,"AFN 3,300",خریداری تیل پطرول  برای موتری هایلکس به للندر 5,,,4-Mar-26,1491,,,,,,
,"$500,458 ",$78.19 ,,$63.95 ,,"AFN 5,000","پرداخت برای محمد شریف بابت سیستم مکمل نلدوانی فاضلاب, آب باران و مرکز گرمی تعمیر للندر 5",,,5-Mar-26,1492,,,,,,
,"$500,558 ",$99.30 ,,$63.95 ,,"AFN 6,350",پرداخت برای عمران بابت نصب 20 متر سنگ های آشپز خانه 3 عدد ظرفشوی به آشپز خانه های تعمیر للندر 5,,,5-Mar-26,1493,,,,,,
,"$500,577 ",$18.76 ,,$63.95 ,,"AFN 1,200",پرداخت برای خریداری چسپ و مواد برای نصب ظرفشوی و سنگ های آشپز خانه تعمیر  للندر 5,,,5-Mar-26,1494,,,,,,
,"$500,642 ",$65.68 ,,$63.95 ,,"AFN 4,200",خریداری تیل پطرول برای موتری لکسس به تعمیر للندر 5,,,5-Mar-26,1495,,,,,,
,"$500,646 ",$3.94 ,,$63.50 ,,AFN 250,پرداخت کرای موتر بابت انتقال چوفتی های سنگی به تعمیر للندر 5,,,7-Mar-26,1496,,,,,,
,"$500,681 ",$35.32 ,,$63.70 ,,"AFN 2,250",پرداخت اجرت بارگیری گادر ها دوبلکس و پرداخت کرای موتر انتقال گادر های  به تعمیر للندر 5,,,8-Mar-26,1497,,,,,,
,"$500,917 ",$235.48 ,,$63.70 ,,"AFN 15,000",پرداخت برای جمعه خان بابت کاشی کاری تعمیر للندر 5,,,8-Mar-26,1498,,,,,,
,"$500,969 ",$51.81 ,,$63.70 ,,"AFN 3,300",پرداخت اجرت بارگیری 200 کارتن کاشی ها و پرداخت کرای موتر انتقال کاشی ها خریداری شده از شرکت آخندزاده به تعمیر للندر 5,,,8-Mar-26,1499,,,,,,
,"$500,973 ",$3.77 ,,$63.70 ,,AFN 240,خریداری جاروب برای پاک کاری تعمیر للندر 5 توسط ادریس چوکیدار ,,,8-Mar-26,1500,,,,,,
,"$501,024 ",$51.96 ,,$63.70 ,,"AFN 3,310",پرداخت کرای موتر بابت انتقال کاشی 100/100 به تعمیر للندر 5 از شرکت آخندزاده و پرداخت اجرت بارگیری بابت کاشی های 100/100 به تعمیر للندر 5,,,8-Mar-26,1501,,,,,,
,"$501,040 ",$15.70 ,,$63.70 ,,"AFN 1,000",خریداری تیل پطرول به موتر لکسس به تعمیر للندر 4,,,8-Mar-26,1502,,,,,,
,"$501,215 ",$175.20 ,,$63.70 ,,"AFN 11,160",خریداری پتی پاکستانی به تعمیر للندر 5,,,8-Mar-26,1503,,,,,,
,"$502,970 ","$1,755.00 "," $1,755.00 ",$63.70 ,,,خریداری گادر تعمیرات 14 سانت 123 کیلو به تعمیر للندر 5 توسط صرافی حاجی خانی گل با چک نمبر 2370,,,8-Mar-26,1504,,,,,,
,"$503,127 ",$156.99 ,,$63.70 ,,"AFN 10,000",پیش پرداخت برای نجیب الله ولد حاجی عبدالشکور بابت ماه حوت 1404,,,9-Mar-26,1505,,,,,,
,"$503,452 ",$324.96 ,,$63.70 ,,"AFN 20,700",خریداری چوفتی سنگی از فروشگاه مواد ساختمانی معلم عبدالرحمن یاریزاده  به تعمیر للندر 5,,,9-Mar-26,1506,,,,,,
,"$503,459 ",$6.29 ,,$63.55 ,,AFN 400,خریداری کلپس به تعمیر للندر 5,,,10-Mar-26,1507,,,,,,
,"$503,579 ",$120.22 ,,$63.55 ,,"AFN 7,640","خریداری مواد کاشی از قبیل اسکوب, کلپس و چسپ به تعمیر للندر 5",,,10-Mar-26,1508,,,,,,
,"$509,816 ","$6,237.61 ",,$63.55 ,,"AFN 396,400","خریداری لاند 8 ملی , گادر 8 سانتی و گادر 18 سانتی از فروشگاه مواد تعمیراتی حاجی صادق و حاجی محمد سرور به تعمیر للندر 5 رسید پول از صرافی  خانی گل",,,10-Mar-26,1509,,,,,,
,"$509,919 ",$102.28 ,,$63.55 ,,"AFN 6,500",خریداری دبل به تعمیر للندر 5,,,10-Mar-26,1510,,,,,,
,"$509,931 ",$12.27 ,,$63.55 ,,AFN 780,خریداری گاز به تعمیر للندر 5,,,10-Mar-26,1511,,,,,,
,"$509,958 ",$27.07 ,,$63.55 ,,"AFN 1,720",خریداری مواد کاشی از قبیل صحنه عقاب و گیرد بورد به تعمیر للندر 5,,,10-Mar-26,1512,,,,,,
,"$510,017 ",$59.01 ,,$63.55 ,,"AFN 3,750",خریداری مواد کاشی کاری از قبیل scope-sdone ایرانی به تعمیر للندر 5,,,10-Mar-26,1513,,,,,,
,"$510,033 ",$15.58 ,,$63.55 ,,AFN 990,خریداری مواد کاشی کاری از قبیل ترلز کرستال به تعمیر للندر 5,,,10-Mar-26,1514,,,,,,
,"$510,208 ",$175.45 ,,$63.55 ,,"AFN 11,150",خریداری مواد کاشی کاری از قبیل شفل سیاه و اسکوپ به تعمیر للندر 5,,,10-Mar-26,1515,,,,,,
,"$510,218 ",$9.44 ,,$63.55 ,,AFN 600,خریداری آهن پلیت از فروشگاه مواد تعمیراتی عبدالاحمد سروری به تعمیر للندر 5,,,10-Mar-26,1516,,,,,,
,"$510,473 ",$255.70 ,,$63.55 ,,"AFN 16,250",خریداری آهن پلیت از فروشگاه مواد تعمیراتی عبدالاحمد سروری به تعمیر للندر 5,,,10-Mar-26,1517,,,,,,
,"$510,484 ",$11.01 ,,$63.55 ,,AFN 700,خریداری مواد کاشی کاری از قبیل چسپ کاغذ کلان و غیره به تعمیر للندر 5,,,10-Mar-26,1518,,,,,,
,"$510,489 ",$5.19 ,,$63.55 ,,AFN 330,خریداری برس به تعمیر للندر 5,,,10-Mar-26,1519,,,,,,
,"$510,491 ",$1.57 ,,$63.55 ,,AFN 100,خریداری فیوز آب بازک به تعمیر للندر 5,,,10-Mar-26,1520,,,,,,
,"$510,494 ",$3.15 ,,$63.55 ,,AFN 200,"خریداری پیپ آبترازو , رجه , توش و دبل به تعمیر للندر 5",,,10-Mar-26,1521,,,,,,
,"$510,528 ",$33.67 ,,$63.55 ,,"AFN 2,140",خریداری مواد کاشی کاری به تعمیر للندر 5,,,10-Mar-26,1522,,,,,,
,"$510,576 ",$47.84 ,,$63.55 ,,"AFN 3,040","خریداری مواد کاشی کاری از قبیل اسکوپ, کلپس سیاه, کلپس سرخ و کلپس سفید به تعمیر للندر 5",,,10-Mar-26,1523,,,,,,
,"$510,711 ",$135.33 ,,$63.55 ,,"AFN 8,600","خریداری ظرفشوی سیاه, ظرفشوی نکلی و غیره به تعمیر للندر 5",,,10-Mar-26,1524,,,,,,
,"$510,845 ",$133.60 ,,$63.55 ,,"AFN 8,490",خریداری آهن پلیت به تعمیر للندر 5,,,10-Mar-26,1525,,,,,,
,"$510,923 ",$77.89 ,,$63.55 ,,"AFN 4,950",خریداری چپ و راست و چینل به تعمیر للندر 5,,,10-Mar-26,1526,,,,,,
,"$511,020 ",$97.88 ,,$63.55 ,,"AFN 6,220",خریداری هواکش به آشپز خانه تعمیر للندر5,,,10-Mar-26,1527,,,,,,
,"$511,208 ",$187.25 ,,$63.55 ,,"AFN 11,900",خریداری چسپ عقیق برای کاشی کاری تعمیر للندر 5,,,10-Mar-26,1528,,,,,,
,"$511,247 ",$39.34 ,,$63.55 ,,"AFN 2,500",خریداری تیل پطرول به موتر فرونر توسط سمیر للندر ,,,10-Mar-26,1529,,,,,,
,"$511,250 ",$3.15 ,,$63.55 ,,AFN 200,پرداخت برای ادریس به هدایت سمیر للندر,,,10-Mar-26,1530,,,,,,
,"$511,749 ",$499.22 ,,$63.70 ,,"AFN 31,800",پرداخت برای جمعه بابت کاشی کاری های تعمیر للندر 5 ,,,11-Mar-26,1531,,,,,,
,"$511,773 ",$23.55 ,,$63.70 ,,"AFN 1,500",پرداخت اجرت سه علی مدت بابت شفته ریزی بالکن های منزل هفتم تعمیر للندر 5 ,,,11-Mar-26,1532,,,,,,
,"$511,946 ",$172.68 ,,$63.70 ,,"AFN 11,000",پیش پرداخت برای نجیب الله ولد عبدالشکور بابت ماه حوت 1404 ,,,11-Mar-26,1533,,,,,,
,"$512,180 ",$233.97 ,,$63.70 ,,"AFN 14,904",پرداخت برای خبازی عبدالمطلب بغلانی بابت خریداری نان خشک به تعمیر للندر 5 ,,,11-Mar-26,1534,,,,,,
,"$512,190 ",$10.05 ,,$63.70 ,,AFN 640,"خریداری سه ساکته, امبور ولدینگ و پلک به تعمیر للندر 5 ",,,11-Mar-26,1535,,,,,,
,"$512,197 ",$7.06 ,,$63.70 ,,AFN 450,خریداری دستکش و پلک به تعمیر للندر 5 ,,,11-Mar-26,1536,,,,,,
,"$512,198 ",$1.26 ,,$63.70 ,,AFN 80,خریداری عینک به تعمیر للندر 5 ,,,11-Mar-26,1537,,,,,,
,"$512,200 ",$2.04 ,,$63.70 ,,AFN 130,خریداری سیخ ولدنگ و دستکش به تعمیر للندر 5 ,,,11-Mar-26,1538,,,,,,
,"$512,247 ",$47.10 ,,$63.70 ,,"AFN 3,000","خریداری مبلایل, فلتر میردیت, و تیدیلی میردیت  به تعمیر للندر 5 ",,,11-Mar-26,1539,,,,,,
,"$512,263 ",$15.70 ,,$63.70 ,,"AFN 1,000",پرداخت برای ترمیم موتور بالابر به تعمیر للندر 5 ,,,11-Mar-26,1540,,,,,,
,"$512,269 ",$5.81 ,,$63.70 ,,AFN 370,"خریداری ضد زنگ, تینر, کارتک و بوجی به تعمیر للندر 5 ",,,11-Mar-26,1541,,,,,,
,"$512,281 ",$12.72 ,,$63.70 ,,AFN 810,"خریداری پایپ, قلم, دستکش, دبل, پیچ و دسته بل به تعمیر للندر 5 ",,,11-Mar-26,1542,,,,,,
,"$512,304 ",$22.61 ,,$63.70 ,,"AFN 1,440","خریداری سیخ ولدنگ, ربل و پل 8,10و12 میلی به تعمیر للندر 5",,,11-Mar-26,1543,,,,,,
,"$512,658 ",$353.85 ,,$63.70 ,,"AFN 22,540",پرداخت برای فروشگاه تعمیراتی سید حسن موسوی از مجموع بل نمبر 652 بابت خریداری  لوله های جوشی به تعمیر للندر 5,,,12-Mar-26,1544,,,,,,
,"$512,799 ",$141.29 ,,$63.70 ,,"AFN 9,000",پیش پرداخت برای ادریس ولد دولت بابت ماه حوت 1404,,,12-Mar-26,1545,,,,,,
,"$512,827 ",$28.26 ,,$63.70 ,,"AFN 1,800",پرداخت برای بارگیری خوازه از شرکت هرات نت و بوت به تعمیر للندر 5 و پرداخت کرای انتقال خوازه از شرکت هرات نت و بولت به تعمیر للندر 5,,,12-Mar-26,1546,,,,,,
,"$513,229 ",$401.88 ,,$63.70 ,,"AFN 25,600","پرداخت برای روز الدین بابت انتقال ریگ از زمین دارالامان و خریداری ریگ خاکه به تعمیر للندر 5,  پرداخت برای کاکا بادام گل توسط روزالدین بابت خریداری ریگ شسته به تعمیر للندر 5, پرداخت برای کاکا بادام گل توسط روزالدین بابت خریداری ریگ خاکه , خشت اول و انتقال ریگ به تعمیر للندر 5",,,12-Mar-26,1547,,,,,,
,"$513,993 ",$764.14 ,,$63.70 ,,"AFN 48,676",پرداخت برای شرکت آخندزاده بابت خریداری گرانیت 60/120 به تعمیر للندر 5,,,12-Mar-26,1548,,,,,,
,"$514,778 ",$784.93 ,,$63.70 ,,"AFN 50,000",پرداخت برای شرکت برادران صمدی بابت خریداری گرانبت 100/100 به تعمیر للندر 5 از مجموعه بل نمبر 4584,,,12-Mar-26,1549,,,,,,
,"$514,833 ",$54.79 ,,$63.70 ,,"AFN 3,490","خریداری مواد کاشی کاری از قبیل ترلز کرستال , چسب کاغذی و غیره به تعمیر للندر 5 توسط حاجی عاشق الله",,,12-Mar-26,1550,,,,,,
,"$514,834 ",$0.78 ,,$63.70 ,,AFN 50,خریداری توش به تعمیر للندر 5 توسط حاجی عاشق الله ,,,12-Mar-26,1551,,,,,,
,"$514,836 ",$1.96 ,,$63.70 ,,AFN 125,خریداری چسپ کاغذی به تعمیر للندر 5 توسط حاجی عاشق الله,,,12-Mar-26,1552,,,,,,
,"$514,840 ",$4.71 ,,$63.70 ,,AFN 300,خریداری مواد کاشی کاری از قبیل تراز یک ملی به تعمیر للندر 5 توسط حاجی عاشق الله,,,12-Mar-26,1553,,,,,,
,"$514,890 ",$49.45 ,,$63.70 ,,"AFN 3,150",پرداخت اجرت 9 روزه نجمان بابت خشت کاری اوختیف در منزل آخر تعمیر للندر 5,,,14-Mar-26,1554,,,,,,
,"$514,990 ",$100.47 ,,$63.70 ,,"AFN 6,400",پرداخت اجرت 8 روزه هارون بابت خشت کاری اوختیف در منزل آخر تعمیر للندر 5,,,14-Mar-26,1555,,,,,,
,"$515,034 ",$43.96 ,,$63.70 ,,"AFN 2,800",پرداخت اجرت 8 روزه نوید بابت خشت کاری اوختیف در منزل آخر تعمیر للندر 5,,,14-Mar-26,1556,,,,,,
,"$515,059 ",$25.12 ,,$63.70 ,,"AFN 1,600",پرداخت اجرت 2 روزه حسیب الله بابت خشت کاری اوختیف در تعمیر للندر 5,,,14-Mar-26,1557,,,,,,
,"$515,180 ",$120.88 ,,$63.70 ,,"AFN 7,700",پرداخت اجرت روز مزد نثار احمد بابت کاشی کاری های باقیمانده رسول نظری در تعمیر للندر 5,,,14-Mar-26,1558,,,,,,
,"$515,185 ",$4.71 ,,$63.70 ,,AFN 300,خریداری چای خشک و مایع ظرفشویی به چوکیدار تعمیر للندر 5,,,14-Mar-26,1559,,,,,,
,"$515,218 ",$32.97 ,,$63.70 ,,"AFN 2,100",پرداخت اجرت بارگیری و کرای انتقال سیخ گول 8 ملی و 10 و گادر ها از شرکت هرات نت و بولت به تعمیر للندر 5,,,14-Mar-26,1560,,,,,,
,"$515,221 ",$3.14 ,,$63.70 ,,AFN 200,پرداخت برای کرای موتر انتقال مواد ایزوگام به تعمیر للندر 5,,,14-Mar-26,1561,,,,,,
,"$515,226 ",$4.71 ,,$63.70 ,,AFN 300,پرداخت کرای انتقال الماری تشناب های تعمیر للندر 5,,,14-Mar-26,1562,,,,,,
,"$518,730 ","$3,504.00 "," $3,504.00 ",$63.70 ,,,پرداخت برای شرکت هرات نت و بولت بابت خریداری پایپ های خوازه به تعمیر للندر 5 توسط حاجی عاشق الله  و اچرا پول آن توسط صرافی خانی گل چک نمبر 2371,,,14-Mar-26,1563,,,,,,
,"$521,730 ","$3,000.00 "," $3,000.00 ",$63.70 ,,,پرداخت برای شرکت هرات نت و بولت بابت خریداری پایپ های خوازه به تعمیر للندر 5 توسط حاجی عاشق الله  و اچرا پول آن توسط صرافی خانی گل چک نمبر 2371,,,14-Mar-26,1564,,,,,,
,"$521,785 ",$54.83 ,,$63.83 ,,"AFN 3,500",خریداری تیل پطرول برای موتری فرونر به تعمیر للندر 5,,,15-Mar-26,1565,,,,,,
,"$521,822 ",$37.60 ,,$63.83 ,,"AFN 2,400",خریداری مبلایل به موتری لکسس به تعمیر للندر 5,,,15-Mar-26,1566,,,,,,
,"$521,877 ",$54.93 ,,$63.72 ,,"AFN 3,500",خریداری تیل پطرول برای موتری فرونر به تعمیر للندر5,,,15-Mar-26,1567,,,,,,
,"$521,915 ",$37.66 ,,$63.72 ,,"AFN 2,400",خریداری مبلایل به موتری لکسس به تعمیر للندر 5,,,15-Mar-26,1568,,,,,,
,"$521,946 ",$31.33 ,,$63.83 ,,"AFN 2,000",برداشت حاجی رفیع الله بدست مطیع الله سهاک ,,,16-Mar-26,1569,,,,,,
,"$522,069 ",$123.17 ,,$63.83 ,,"AFN 7,862",پرداخت ماش شریف الله ولد فیض محمد بابت ماه حوت 1404,,,16-Mar-26,1570,,,,,,
,"$522,225 ",$155.59 ,,$63.83 ,,"AFN 9,931",پرداخت ماش علی احمد ولد محمد باقر بابت ماه حوت 1404,,,16-Mar-26,1571,,,,,,
,"$522,452 ",$226.90 ,,$63.83 ,,"AFN 14,483",پرداخت ماش محمد سفر ولد محمد باقر بابت ماه حوت 1404,,,16-Mar-26,1572,,,,,,
,"$522,609 ",$156.67 ,,$63.83 ,,"AFN 10,000",پرداخت ماش محمد سرور ولد طالب بابت ماه حوت 1404,,,16-Mar-26,1573,,,,,,
,"$522,765 ",$156.67 ,,$63.83 ,,"AFN 10,000","پرداخت برای محمد شریف نلدوان بابت سیستم مکمل نلدوانی, آب باران, فاضلاب و مرکز گرمی تعمیر للندر 5",,,16-Mar-26,1574,,,,,,
,"$522,888 ",$123.17 ,,$63.83 ,,"AFN 7,862",پرداخت ماش هارون ولد فضل رحمان بابت ماه حوت 1404,,,16-Mar-26,1573,,,,,,
,"$523,025 ",$136.14 ,,$63.83 ,,"AFN 8,690",پرداخت ماش زین الله ولد محمد ظاهر بابت ماه حوت 1404 ,,,16-Mar-26,1574,,,,,,
,"$523,041 ",$16.20 ,,$63.83 ,,"AFN 1,034",پرداخت ماش عنایت الله ولد امان الله بابت ماه حوت 1404,,,16-Mar-26,1575,,,,,,
,"$523,167 ",$126.34 ,,$63.83 ,,"AFN 8,064",پرداخت برای کاشی فروشی سورنا بابت خریداری کاشی 30/10 سفید به تعمیر للندر 5,,,16-Mar-26,1576,,,,,,
,"$523,183 ",$15.67 ,,$63.83 ,,"AFN 1,000",خریداری تیل پطرول برای موتری لکسس به تعمیر للندر 5,,,16-Mar-26,1577,,,,,,
,"$523,249 ",$66.58 ,,$63.83 ,,"AFN 4,250",خریداری تیل پطرول برای موتری هایکس به تعمیر للندر 5,,,16-Mar-26,1578,,,,,,
,"$523,339 ",$89.61 ,,$63.83 ,,"AFN 5,720",خریداری میوه خشک از قبیل چهارمغز و کاجو به کارمندان ناحیه بابت للندر 5,,,16-Mar-26,1579,,,,,,
,"$523,367 ",$28.26 ,,$63.70 ,,"AFN 1,800",پرداخت برای ترمیم برمه تعمیر للندر5,,,17-Mar-26,1580,,,,,,
,"$523,446 ",$78.49 ,,$63.70 ,,"AFN 5,000",خریداری مواد کاشی کاری به تعمیر للندر 5,,,17-Mar-26,1581,,,,,,
,"$523,619 ",$173.31 ,,$63.70 ,,"AFN 11,040",خریداری مواد چپس کاری به تعمیر للندر 5,,,17-Mar-26,1582,,,,,,
,"$523,644 ",$25.12 ,,$63.70 ,,"AFN 1,600",خریداری کفشور به تعمیر للندر 5,,,17-Mar-26,1583,,,,,,
,"$523,698 ",$53.53 ,,$63.70 ,,"AFN 3,410",خریداری مواد کاشی کاری به تعمیر للندر 5,,,17-Mar-26,1584,,,,,,
,"$524,349 ",$651.49 ,,$63.70 ,,"AFN 41,500","پرداخت برای کاکا بادام گل بدست روزالدین بابت خریداری خشت اوختیف, ریگ شسته, خشت اول, ریگ خاکه و انتقال چوب از للندر 6 به للندر 5",,,17-Mar-26,1585,,,,,,
,"$524,497 ",$148.35 ,,$63.70 ,,"AFN 9,450",پرداخت اجرت 27 روزه جمعه خان بابت کاشی کاری های باقیمانده رسول نظری در تعمیر للندر 5,,,17-Mar-26,1586,,,,,,
,"$524,511 ",$13.34 ,,$63.70 ,,AFN 850,پرداخت برای نجیب الله ولد عبدالشکور بابت تفاوت 100 یورو که توسط حاجی رفیع الله پرداخت گردیده بود,,,17-Mar-26,1587,,,,,,
,"$524,731 ",$219.78 ,,$63.70 ,,"AFN 14,000",پرداخت معاش مطیع سهاک ولد محمد یونس بابت ماه حوت 1404 به للندر 5 ,,,17-Mar-26,1588,,,,,,
,"$524,899 ",$168.35 ,,$63.70 ,,"AFN 10,724",پرداخت معاش نجیب الله ولد عبدالله شاکر بابت ماه حوت 1404,,,17-Mar-26,1589,,,,,,
,"$525,213 ",$313.97 ,,$63.70 ,,"AFN 20,000",پرداخت برای عبدالله بابت خشت کاری و پلستر کاری تعمیر للندر5,,,17-Mar-26,1590,,,,,,
,"$525,224 ",$10.99 ,,$63.70 ,,AFN 700,پرداخت برای کرای انتقال موتری کاشی به تعمیر للندر 5 و پرداخت برای بارگیری کاشی های خریداری شده,,,18-Mar-26,1591,,,,,,
,"$525,240 ",$15.70 ,,$63.70 ,,"AFN 1,000",پرداخت معاش ادریس ولد دولت بابت ماه حوت 1404,,,18-Mar-26,1592,,,,,,
,"$525,296 ",$56.51 ,,$63.70 ,,"AFN 3,600",خریداری پودر برای چپس کاری تعمیر للندر 5,,,18-Mar-26,1593,,,,,,
,"$525,315 ",$18.84 ,,$63.70 ,,"AFN 1,200",پرداخت معاش عبدالرحیم ولد عبدل غفار بابت ماه حوت 1404,,,18-Mar-26,1594,,,,,,
,"$525,472 ",$156.99 ,,$63.70 ,,"AFN 10,000",براشت حاجی عاشق الله از حاجی ثنا الله ,,,18-Mar-26,1595,,,,,,
,"$525,590 ",$117.74 ,,$63.70 ,,"AFN 7,500",خریداری تیل پطرول به موتر لکسس توسط حاجی ثنا الله للندر,,,18-Mar-26,1596,,,,,,
,"$525,896 ",$306.03 ,,$63.70 ,,"AFN 19,494","پرداخت برای شرکت نجیب الله بگرام وال بابت خریداری سنگ 60 بر, پیزاره به تعمیر للندر 5",,,18-Mar-26,1597,,,,,,
,"$526,131 ",$235.48 ,,$63.70 ,,"AFN 15,000",پرداخت برای جمعه خان بابت کاشی کاری تعمیر للندر 5,,,18-Mar-26,1598,,,,,,
,"$526,169 ",$37.68 ,,$63.70 ,,"AFN 2,400",پرداخت اجرت 3 روزه هارون گلکار بابت خشت کاری از خشت اوختیف در منزل آخر تعمیر للندر 5,,,18-Mar-26,1599,,,,,,
,"$526,185 ",$16.48 ,,$63.70 ,,"AFN 1,050",پرداخت اجرت 3 روزه نوید کاریگر بابت خشت کاری خشت اوختیف در منزل آخر تعمیر للندر 5,,,18-Mar-26,1600,,,,,,
,"$526,196 ",$10.99 ,,$63.70 ,,AFN 700,پرداخت اجرت 2 روزه نجمان کاریگر بابت خشت کار از خشت اوختیف در منزل آخر تعمیر للندر 5,,,18-Mar-26,1601,,,,,,
,"$526,202 ",$5.49 ,,$63.70 ,,AFN 350,پرداخت اجرت 1 روزه عمران کاریگر بابت خشت کاری از خشت اوختیف در منزل آخر تعمیر للندر 5,,,18-Mar-26,1602,,,,,,
,"$526,359 ",$156.99 ,,$63.70 ,,"AFN 10,000",پرداخت برای نور حسن بابت چپس کاری منزل آخر تعمیر للندر 5,,,18-Mar-26,1603,,,,,,
,"$526,427 ",$68.29 ,,$63.70 ,,"AFN 4,350",خریداری تیل پطرول برای موتری لکسس به تعمیر للندر 5,,,23-Mar-26,1604,,,,,,
,"$526,632 ",$205.29 ,,$64.30 ,,"AFN 13,200",پرداخت معاش عبدالرحیم ولد عبدالغفور بابت ماه دلو سال 1404 ,,,24-Mar-26,1605,,,,,,
,"$526,664 ",$31.10 ,,$64.30 ,,"AFN 2,000",خریداری تیل پطرول برای موتری هایلکس به تعمیر للندر 5,,,24-Mar-26,1606,,,,,,
,"$526,757 ",$93.31 ,,$64.30 ,,"AFN 6,000",خریداری مبلایل برای موتری هایلکس به تعمیر للندر 5 ,,,24-Mar-26,1607,,,,,,
,"$526,839 ",$82.43 ,,$64.30 ,,"AFN 5,300",خریداری مبلایل برای موتری لکسس به تعمیر للندر 5 ,,,24-Mar-26,1608,,,,,,
,"$527,668 ",$828.93 ,,$64.30 ,,"AFN 53,300",پرداخت تعرفه خلیل الله ولد احمد شاه بابت تعمیر للندر 5 ,,,24-Mar-26,1609,,,,,,
,"$527,690 ",$22.01 ,,$64.30 ,,"AFN 1,415","خریداری تراز کرستالی, لابرتیب به تعمیر للندر 5 ",,,24-Mar-26,1610,,,,,,
,"$530,740 ","$3,049.46 ",,$64.30 ,,"AFN 196,080",پرداخت 1% دولتی حاجی خلیل الله ولد احمد شاه تعمیر للندر 5 ,,,24-Mar-26,1611,,,,,,
,"$530,927 ",$187.21 ,,$64.10 ,,"AFN 12,000",پرداخت برای صبور بابت سیم تابی سه تن سیخ به تعمیر للندر 5 فی تن 4000 افغانی,,,25-Mar-26,1612,,,,,,
,"$530,995 ",$67.86 ,,$64.10 ,,"AFN 4,350",پرداخت برای احمد شاه بابت قالبکاری 4 روزه  تعمیر للندر 5,,,25-Mar-26,1613,,,,,,
,"$530,996 ",$1.56 ,,$64.10 ,,AFN 100,خریداری مایع ظرف شویی به تعمیر للندر 5,,,25-Mar-26,1614,,,,,,
,"$531,003 ",$6.55 ,,$64.10 ,,AFN 420,خریداری گاز به تعمیر للندر 5,,,25-Mar-26,1615,,,,,,
,"$531,053 ",$49.84 ,,$64.20 ,,"AFN 3,200",پرداخت اجرت استاد هارون بابت خشت اوختیف در تعمیر للندر 5 اجرت 4 روزه,,,26-Mar-26,1616,,,,,,
,"$531,069 ",$16.36 ,,$64.20 ,,"AFN 1,050",پرداخت اجرت سه روزه کاریگر بابت خشت اوختیف در تعمیر للندر 5,,,26-Mar-26,1617,,,,,,
,"$531,085 ",$16.36 ,,$64.20 ,,"AFN 1,050",پرداخت اجرت سه روزه نجمان کاریگر بابت سه روزه کار خشت اوختیف در تعمیر للندر 5,,,26-Mar-26,1618,,,,,,
,"$531,098 ",$12.46 ,,$64.20 ,,AFN 800,پرداخت اجرت یک روزه بابت شفته زیزی منزل نهم تعمیر للندر 5 منزل نهم,,,26-Mar-26,1619,,,,,,
,"$531,110 ",$12.46 ,,$64.20 ,,AFN 800,پرداخت اجرت یک روزه  احمد شاه بابت قالبکاری منزل نهم تعمیر للندر 5 فی زور از قرار 800 افغانی,,,26-Mar-26,1620,,,,,,
,"$531,733 ",$623.05 ,,$64.20 ,,"AFN 40,000",پیش پرداخت برای زین الله ولد محمد ظاهر به هدایت ثنا الله للندر بخاطری عروسی زین الله بدست خیر محمد,,,26-Mar-26,1621,,,,,,
,"$531,811 ",$77.88 ,,$64.20 ,,"AFN 5,000",پرداخت برای جمعه خان بابت کاشی کاری تعمیر للندر 5,,,26-Mar-26,1622,,,,,,
,"$532,528 ",$716.51 ,,$64.20 ,,"AFN 46,000",پرداخت برای اجرت کانکریت ریزی منزل دوبلکس تعمیر للندر 5 اجرت انتقال ریگ از منزل دوبلکس تعمیر للندر 5,,,26-Mar-26,1623,,,,,,
,"$532,586 ",$58.57 ,,$64.20 ,,"AFN 3,760",خریداری رنگ سیاه به تعمیر للندر 5,,,26-Mar-26,1624,,,,,,
,"$532,633 ",$46.73 ,,$64.20 ,,"AFN 3,000",خریداری تیل پطرول به موتر فرونر تعمیر للندر 5,,,26-Mar-26,1625,,,,,,
,"$532,655 ",$21.81 ,,$64.20 ,,"AFN 1,400",پرداخت برای ترمیم آرمیچر برمه به تعمیر للندر 5,,,28-Mar-26,1626,,,,,,
,"$532,782 ",$127.48 ,,$64.20 ,,"AFN 8,184",خریداری تیل دیزل به جنراتور تعمیر للندر 5,,,28-Mar-26,1627,,,,,,
,"$532,924 ",$141.74 ,,$64.20 ,,"AFN 9,100",خریداری تیل دیزل به جنراتور تعمیر للندر 5,,,28-Mar-26,1628,,,,,,
,"$532,989 ",$65.42 ,,$64.20 ,,"AFN 4,200",خریداری تیل پطرول برای موتر لکسس به تعمیر للندر 5,,,28-Mar-26,1629,,,,,,
,"$532,991 ",$1.09 ,,$64.20 ,,AFN 70,خریداری پل چرخ به تعمیر للندر 5,,,28-Mar-26,1630,,,,,,
,"$533,008 ",$17.91 ,,$64.20 ,,"AFN 1,150","خریداری رجه, متر, پل و عینک به تعمیر للندر 5",,,28-Mar-26,,,,,,,
,"$533,019 ",$10.07 ,,$64.55 ,,AFN 650,خریداری چسپ کاغذی همرا با کرای موتر به تعمیر للندر 5,,,29-Mar-26,1631,,,,,,
,"$533,034 ",$15.49 ,,$64.55 ,,"AFN 1,000",پیش پرداخت برای ادریس ولد دولت بابت ماه حمل 1405,,,29-Mar-26,1632,,,,,,
,"$539,318 ","$6,284.00 "," $6,284.00 ",$64.55 ,,,"پرداخت برای فروشگاه مواد تعمیراتی عبدالله ""ترکمنی"" بابت پول باثیمانده خریداری 250 تخته به تعمیر للندر 5 و استفاده آن به تعمیر للندر 6      و پرداخت پول هذا توسط صرافی حاجی خانی گل توسط چک نمبر 2372 و توسط حاجی احسان الله سهاک گردیده است",,,29-Mar-26,1633,,,,,,
,"$540,852 ","$1,533.69 ",,$64.55 ,,"AFN 99,000",پرداخت برای خریداری بست خوازه  و چوری جک به تعمیر للندر 5,,,29-Mar-26,1634,,,,,,
,"$552,062 ","$11,210.00 "," $11,210.00 ",$64.55 ,,,پرداخت برای خریداری چوب چار تراش همراه با پول بارگیری و اره کشی به تعمیر للندر 5 و استفاده آن به تعمیر للندر 6 (توسط چک نمبر 2373 به صرافی خانی گل,,,29-Mar-26,,,,,,,
,"$552,590 ",$528.46 ,,$65.00 ,,"AFN 34,350",خریداری مواد نلدوانی به تعمیر للندر 5,,,30-Mar-26,1635,,,,,,
,"$552,636 ",$46.15 ,,$65.00 ,,"AFN 3,000",خریداری اتصال خوازه به تعمیر للندر 5,,,30-Mar-26,1636,,,,,,
,"$552,683 ",$46.15 ,,$65.00 ,,"AFN 3,000",خریداری تیل پطرول به موتری فرونر به تعمیر للندر 5,,,30-Mar-26,1637,,,,,,
,"$554,210 ","$1,527.51 ",,$65.00 ,,"AFN 99,288",پرداخت برای شرکت تجارتی آخندزاده بابت خریداری گرانیت 120/60 به تعمیر للندر 5,,,30-Mar-26,1638,,,,,,
,"$554,364 ",$153.85 ,,$65.00 ,,"AFN 10,000",پیش پرداخت برای نجیب الله ولد عبدالشکور بابت ماه حمل 1405,,,30-Mar-26,1639,,,,,,
,"$554,533 ",$169.46 ,,$65.15 ,,"AFN 11,040",خریداری پودر سنگ و پرداخت کرای موتری آن به تعمیر للندر 5,,,31-Mar-26,1640,,,,,,
,"$554,549 ",$15.35 ,,$65.15 ,,"AFN 1,000",پیش پرداخت برای زین الله ولد محمد ظاهر بابت ماه حمل 1405,,,31-Mar-26,1641,,,,,,
,"$555,442 ",$893.32 ,,$65.15 ,,"AFN 58,200","پرداخت برای کاکا بادام  گل بابت انتقال ریگ , خرید جغل بادامی, انتقال خوازه, خریداری خشت اوخثیف و خشت سفالی به تعمیر للندر 5",,,31-Mar-26,1642,,,,,,
,"$555,493 ",$50.65 ,,$65.15 ,,"AFN 3,300",خریداری صحنه عقابی و لابرتیب بابت تعمیر للندر 5,,,31-Mar-26,1643,,,,,,
,"$555,566 ",$73.62 ,,$65.20 ,,"AFN 4,800",خریداری تیل پطرول برای موتری هایکس به تعمیر للندر 5,,,1-Apr-26,1644,,,,,,
,"$555,605 ",$39.14 ,,$65.20 ,,"AFN 2,552",خریداری آهن پلیت 8 ملی 25/25 همراه با پول سوراخ کاری به تعمیر للندر 4,,,1-Apr-26,1645,,,,,,
,"$555,665 ",$59.82 ,,$65.20 ,,"AFN 3,900","خریداری دبل 1"" و پل سرکانکریت به تعمیر للندر 5",,,1-Apr-26,1646,,,,,,
,"$555,682 ",$16.87 ,,$65.20 ,,"AFN 1,100",پرداخت برای ترمیم بالابر تعمیر للندر 5,,,1-Apr-26,1647,,,,,,
,"$555,720 ",$38.34 ,,$65.20 ,,"AFN 2,500",پرداخت برای ترمیم و سیم پیچی داینمو بالابر تعمیر للندر 5,,,1-Apr-26,1645,,,,,,
,"$556,664 ",$943.25 ,,$65.20 ,,"AFN 61,500",پرداخت برای خریداری و نصب کابینت های تشنابهای منزل ششم تعمیر للندر 5 و تصفیه حساب مکمل ,,,1-Apr-26,1646,,,,,,
,"$556,930 ",$266.05 ,,$64.80 ,,"AFN 17,240","خریداری سیم جستی, دست کش و دست پناه به تعمیر للندر 5, خریداری سیخ ولدنگ 3 میلی, دستکش, زلفی, نوک برمه و پیچ به تعمیر للندر 5, خریداری کارتک و سیم به تعمیر للندر 5",,,2-Apr-26,1645,,,,,,
,"$556,963 ",$33.09 ,,$64.80 ,,"AFN 2,144","خریداری پل برمه و قلم توش به تعمیر للندر 5, خریداری برس سیمی, گروپ ,پلاس و هولدر به تعمیر للندر 5, خریداری میخ و دبل به تعمیر للندر 5",,,2-Apr-26,1644.5,,,,,,
,"$557,040 ",$77.16 ,,$64.80 ,,"AFN 5,000","پرداخت برای انجنیر شریف نلدوان بابت سیستم مکمل آبرسانی, فاضلاب, آب باران و مرکز گرمی تعمیر للندر 5",,,2-Apr-26,1644,,,,,,
,"$557,042 ",$1.54 ,,$64.80 ,,AFN 100,خریداری چای به تعمیر للندر 5,,,2-Apr-26,1643.5,,,,,,
,"$557,112 ",$70.22 ,,$64.80 ,,"AFN 4,550","خریداری چسپ کاغذی, صافی و چسپ به تعمیر للندر 5",,,2-Apr-26,1643,,,,,,
,"$557,127 ",$15.12 ,,$64.80 ,,AFN 980,"خریداری شرش و کارتک به تعمیر للندر 5 و خریداری پل برمه 18 میلی, دستکش, میخ فولادی به تعمیر للندر 5",,,2-Apr-26,1642.5,,,,,,
,"$557,744 ",$617.28 ,,$64.80 ,,"AFN 40,000",پرداخت برای جمعه خان کاشی کاری های اطراف زینه های تعمیر للندر 5,,,2-Apr-26,1642,,,,,,
,"$557,782 ",$37.81 ,,$64.80 ,,"AFN 2,450",پرداخت اجرت روز مزد نوید بابت داغگیری کلکین های تعمیر للندر 5,,,2-Apr-26,1641.5,,,,,,
,"$557,804 ",$21.60 ,,$64.80 ,,"AFN 1,400",پرداخت اجرت روز مزد نجمان بابت داغگیری کلکین های تعمیر للندر 5,,,2-Apr-26,1641,,,,,,
,"$557,814 ",$10.80 ,,$64.80 ,,AFN 700,پرداخت اجرت روز مزد زین الله کاریگربابت داغگیری کلکین های تعمیر للندر 5,,,2-Apr-26,1640.5,,,,,,
,"$557,827 ",$12.35 ,,$64.80 ,,AFN 800,پرداخت اجرت روز مزد هارون کاریگر بابت داغگیری کلکین های تعمیر للندر 5 ,,,2-Apr-26,1640,,,,,,
,"$558,135 ",$308.64 ,,$64.80 ,,"AFN 20,000",پرداخت برای فروشگاه مواد تعمیراتی موسوی بابت پول باقیمانده بل 652 از درک خریداری  لوله های جوشی به و غیره مواد مرکز گرمی به تعمیر للندر 5,,,2-Apr-26,1639.5,,,,,,
,"$558,290 ",$154.32 ,,$64.80 ,,"AFN 10,000",پیش پرداخت برای ادریس ولد دولت بابت ماه ثور 1405,,,2-Apr-26,1639,,,,,,
,"$560,024 ","$1,734.26 ",,$64.80 ,,"AFN 112,380","پرداخت برای شرکت هرات الکتریک بابت خریداری کلمپ 18 میلی, نوارخطی, کیبل و سیم جریدار, کمره, کلمپ, نوار خطی, سیم جریدار و فیوز سمان الات برقی ",,,2-Apr-26,1638.5,,,,,,
,"$560,134 ",$109.57 ,,$64.80 ,,"AFN 7,100",پرداخت برای خریدرای جالی راویز به تعمیر للندر 5 ,,,2-Apr-26,1638,,,,,,
,"$560,288 ",$154.32 ,,$64.80 ,,"AFN 10,000",پرداخت برای علی یاور بابت روایز کاری تعمیر للندر 5 ,,,2-Apr-26,1637.5,,,,,,
,"$560,905 ",$617.28 ,,$64.80 ,,"AFN 40,000",پرداخت برای عبدالله بابت خشت کاری و پلستر کاری بیرونی تعمیر للندر 5 ,,,2-Apr-26,1637,,,,,,
,"$560,998 ",$92.59 ,,$64.80 ,,"AFN 6,000",پرداخت اجرت بارگیری و انتقال سلپ های شرکت جاغوری از تعمیر للندر 5 به  خاطری برش کاری ,,,2-Apr-26,1636.5,,,,,,
,"$561,029 ",$30.86 ,,$64.80 ,,"AFN 2,000",پیش پرداخت برای هارون ولد ظاهر بابت ماه حمل 1405 ,,,2-Apr-26,1636,,,,,,
,"$561,410 ",$381.17 ,,$64.80 ,,"AFN 24,700",پرداخت برای مواد تعمیراتی حاجی شریف بابت خریداری پروفیل 40/40 18 گچ به تعمیر للندر 5 ,,,2-Apr-26,1635.5,,,,,,
,"$562,858 ","$1,448.15 ",,$64.80 ,,"AFN 93,840",پرداخت برای شرکت برادران صمدی بابت خریدرای گرانیت آیسلند سفید 100/100 به تعمیر للندر 5 ,,,2-Apr-26,1635,,,,,,
,"$562,864 ",$6.47 ,,$64.90 ,,AFN 420,خریداری چسپ کاغذی و کارتک تیز بر به تعمیر للندر 5,,,4-Apr-26,1634.5,,,,,,
,"$562,871 ",$6.16 ,,$64.90 ,,AFN 400,خریداری قاب پلیت سیاه و قلم به تعمیر للندر 5 ,,,4-Apr-26,1634,,,,,,
,"$563,018 ",$147.61 ,,$64.90 ,,"AFN 9,580",خریداری پلیت آهن 4 میلی به تعمیر للندر 5 ,,,4-Apr-26,1633.5,,,,,,
,"$563,037 ",$18.80 ,,$64.90 ,,"AFN 1,220","خریداری ضد رنگ, تینر و سرش به تعمیر للندر 5 ",,,4-Apr-26,1633,,,,,,
,"$563,055 ",$18.49 ,,$64.90 ,,"AFN 1,200",خریداری گوشت مرغ به تعمیر للندر 5,,,4-Apr-26,1632.5,,,,,,
,"$563,123 ",$67.80 ,,$64.90 ,,"AFN 4,400",خریداری تیل پطرول برای موتر لکسس به تعمیر للندر 5,,,4-Apr-26,1632,,,,,,
,"$563,127 ",$3.70 ,,$64.90 ,,AFN 240,"خریداری مواد خوراکی از قبیل بریانی, سیر, مرچ و ماست به تعمیر للندر 5 ",,,4-Apr-26,1631.5,,,,,,
,"$563,950 ",$823.57 ,,$64.90 ,,"AFN 53,450",پرداخت کرای انتقال تخته های خریداری شده از مزار شریف به کابل به تعمیر للندر 5 و استفاده آن به تعمیر للندر 6 همرا با کرای انتقال و وزن ترازو,,,4-Apr-26,1631,,,,,,
,"$564,051 ",$100.15 ,,$64.90 ,,"AFN 6,500",پیش پرداخت برای عبدالرزاق بابت ساخت و تهیه تانکر آب به ظرفیت 5000 لیتر به تعمیر للندر 5 ,,,4-Apr-26,1630.5,,,,,,
,"$564,072 ",$21.11 ,,$64.90 ,,"AFN 1,370",پرداخت برای رنگ کردن پلیت موتر کرولای نقره یی و فوتوکاپی جواز سیر ,,,4-Apr-26,1630,,,,,,
,"$564,076 ",$4.62 ,,$64.90 ,,AFN 300,"خریداری مواد خوراکی از قبیل کشمش, خلال و پیاز به تعمیر للندر 5",,,4-Apr-26,1629.5,,,,,,
,"$564,613 ",$536.92 ,,$65.00 ,,"AFN 34,900","پرداخت برای فروشگاه GH بابت خریداری مواد نلدوانی از قبیل مخلوط کن, چوچه وال, قاب چوچه وال, سیفون, آینه و نیچه 30 و مسلم شاور به تعمیر للندر 5",,,5-Apr-26,1629,,,,,,
,"$564,626 ",$12.31 ,,$65.00 ,,AFN 800,پرداخت معاش علی احمد ولد محمد باقر بابت ماه حمل 1404 ,,,5-Apr-26,1628.5,,,,,,
,"$564,636 ",$10.77 ,,$65.00 ,,AFN 700,پرداخت برای ذین الله کارگر بابت دو روز خشت کاری تعمیر للندر 5,,,5-Apr-26,1628,,,,,,
,"$565,136 ",$500.00 , $500.00 ,$65.00 ,,,پرداخت برای انجنیر عبدالقیوم بابت برآورد و سنجش ابتدایی تعمیر للندر 5,,,5-Apr-26,1627.5,,,,,,
,"$565,175 ",$38.31 ,,$65.00 ,,"AFN 2,490",خریداری تیل پطرول به موتر فرونر بابت تعمیر للندر 5,,,6-Apr-26,1627.5,,,,,,
,"$565,219 ",$43.89 ,,$64.93 ,,"AFN 2,850","پرداخت برای اجرت بارگیری و کرای موتر بابت انتقال پایپ خوازه, جک و سیخ گول 10 ملی به تعمیر للندر 5",,,6-Apr-26,1627,,,,,,
,"$565,256 ",$36.96 ,,$64.93 ,,"AFN 2,400",پرداخت اجرت 6 روزه نثار احمد بابت کاشی کاری های باقیمانده رسول نظری در تعمیر للندر 5,,,6-Apr-26,1626.5,,,,,,
,"$565,345 ",$89.94 ,,$64.93 ,,"AFN 5,840",خریداری سکاشتپ کاغذی و کرای موتر به تعمیر للندر 5,,,6-Apr-26,1626,,,,,,
,"$565,401 ",$55.44 ,,$64.93 ,,"AFN 3,600","خریداری مبلایل, فلتر و تبدیل مبلایل جنراتور تعمیر للندر 5",,,6-Apr-26,1663,,,,,,
,"$565,470 ",$69.31 ,,$64.93 ,,"AFN 4,500","پرداخت اجر اشترنگ ساز, خریداری خود کار, صافی کلفت, هایدرولیک, هارند و بابت تعمیر للندر 5",,,7-Apr-26,1664,,,,,,
,"$565,493 ",$23.10 ,,$64.93 ,,"AFN 1,500",خریداری تیل پطرول به موتر هایلکس بابت تعمیر للندر 5,,,7-Apr-26,1665,,,,,,
,"$565,535 ",$41.58 ,,$64.93 ,,"AFN 2,700",خریداری پیپ خرطومی 75 متره به تعمیر للندر 5,,,7-Apr-26,1666,,,,,,
,"$565,935 ",$400.43 ,,$64.93 ,,"AFN 26,000",پرداخت و تصفیه حساب مکمل بابت ساخت ذخیره آب 5000 لیتره به تعمیر للندر 5,,,7-Apr-26,1667,,,,,,
,"$566,434 ",$499.00 ,,$64.93 ,,"AFN 32,400","مجموع خریداری بست خوازه از شرکت کابل مدرن به تعمیر للندر 5, پرداخت فعلی برای شرکت کابل مدرن بابت خریداری بست خوازه به تعمیر للندر 5",,,7-Apr-26,1668,,,,,,
,"$566,805 ",$370.94 ,,$64.70 ,,"AFN 24,000",خریداری بست خوازه به تعمیر للندر 5,,,9-Apr-26,1669,,,,,,
,"$566,948 ",$142.81 ,,$64.70 ,,"AFN 9,240",خریداری تیل دیزل برای جنراتور به تعمیر للندر 5,,,9-Apr-26,1670,,,,,,
,"$567,044 ",$95.83 ,,$64.70 ,,"AFN 6,200",خریداری پودر کاشی کاری 400 گرام به تعمیر للندر 5,,,9-Apr-26,1671,,,,,,
,"$567,221 ",$176.66 ,,$64.70 ,,"AFN 11,430","خریداری سیخ ولدنگ, عینک پل برمه به تعمیر للندر 5, خریداری دستکش, سه ساکته و سیم جستی به تعمیر للندر 5, خریداری پل, سیخ ولدنگ, سلیکان و قیر به تعمیر للندر 5, خریداری قلم توش و متر به تعمیر للندر 5, خریداری وال به تعمیر للندر 5 و خریداری نت و بولت واشل به تعمیر للندر 5",,,9-Apr-26,1672,,,,,,
,"$567,269 ",$48.69 ,,$64.70 ,,"AFN 3,150","پرداخت اجرت سه روزه  گلکار تعمیر للندر 5 بابت داغگیری های پلستر کاری نما بیرونی,   پرداخت اجرت سه روزه مزدور کار بابت داغگیری های پلستر کاری نمابیرونی تعمیر للندر 5",,,9-Apr-26,1673,,,,,,
,"$567,501 ",$231.84 ,,$64.70 ,,"AFN 15,000",پیش پرداخت برای نجیب الله ولد عبدالشکور سرکاریگر بابت ماه حمل 1405,,,9-Apr-26,1674,,,,,,
,"$568,042 ",$540.96 ,,$64.70 ,,"AFN 35,000",پرداخت کرای خوازه محمد نور خوازه کار از تاریخ 22 میزان 1404 ال 22 حمل  1405,,,9-Apr-26,1675,,,,,,
,"$568,150 ",$108.19 ,,$64.70 ,,"AFN 7,000","پرداخت برای محمد شریف بابت سیتم مکمل نلدوانی , مرکز گرمی , فاضلاب و آب  باران تعمیر للندر 5",,,9-Apr-26,1676,,,,,,
,"$568,351 ",$200.93 ,,$64.70 ,,"AFN 13,000",پرداخت برای عبدالله بابت خشت کاری منزل دهم تعمیر للندر 5,,,9-Apr-26,1677,,,,,,
,"$568,428 ",$77.28 ,,$64.70 ,,"AFN 5,000",پرداخت برای علی یاور بابت راویزکاری تعمیر للندر 5,,,9-Apr-26,1678,,,,,,
,"$568,927 ",$498.45 ,,$64.70 ,,"AFN 32,250",پرداخت برای جمعه خان بابت کاشی کاری تعمیر للندر 5,,,9-Apr-26,1679,,,,,,
,"$569,066 ",$139.10 ,,$64.70 ,,"AFN 9,000",پرداخت برای محمد تقی بابت نصب سنگ بیرونی تعمیر للندر 5,,,9-Apr-26,1680,,,,,,
,"$572,566 ","$3,500.00 "," $3,500.00 ",$64.70 ,,,"خریداری نل خوازه 2 ملی به تعمیر للندر 5 از شرکت آهن آلات نقشبندی, پرداخت برای شرکت آهن نقشبندی از مجموع بل نمبر 8497",,,9-Apr-26,1681,,,,,,
,"$572,581 ",$15.46 ,,$64.70 ,,"AFN 1,000",خریداری تیل پطرول برای موتری هایکس به تعمیر للندر 5,,,9-Apr-26,1682,,,,,,
,"$572,720 ",$138.49 ,,$64.70 ,,"AFN 8,960",خریداری تیل دیزل برای جنراتور تعمیر للندر 5,,,11-Apr-26,1682,,,,,,
,"$572,725 ",$4.63 ,,$64.80 ,,AFN 300,خریداری جوس کیله به تعمیر للندر 5,,,11-Apr-26,1683,,,,,,
,"$572,755 ",$30.86 ,,$64.80 ,,"AFN 2,000",خریداری تیل پطرول برای موتری لکسس به تعمیر للندر5,,,11-Apr-26,1684,,,,,,
,"$572,833 ",$77.16 ,,$64.80 ,,"AFN 5,000",خریداری تیل پطرول برای موتری هایکس به تعمیر للندر5,,,11-Apr-26,1685,,,,,,
,"$572,925 ",$92.59 ,,$64.80 ,,"AFN 6,000",پیش پرداخت برای شریف الله ولد فیض محمد بابت ماه حمل 1405,,,11-Apr-26,1686,,,,,,
,"$572,933 ",$7.72 ,,$64.80 ,,AFN 500,خریداری بوره و چای بابت تعمیر للندر 5,,,12-Apr-26,1686,,,,,,
,"$573,792 ",$859.00 , $859.00 ,$64.80 ,,,پرداخت برای شرکت آهن آلات کوهدامن بابت خریداری سیخ گول 8 ملی  به تعمیر للندر 5,,,12-Apr-26,1686.666667,,,,,,
,"$579,750 ","$5,958.00 "," $5,958.00 ",$64.80 ,,,"پرداخت برای شرکت هرات نت و لولت بابت خریداری لوله سیاه 5 سانتی, سیخ گل 10 ملی و لوله 6 سانتی به تعمیر للندر 5 توسط صرافی خانی چک نمبر 2375",,,12-Apr-26,1687.333333,,,,,,
,"$580,947 ","$1,197.00 "," $1,197.00 ",$64.80 ,,,پرداخت باقیمانده و تصفیه حساب فروشگاه آهن آلات نقشبندی بابت خریداری نل خوازه 2 ملی به تعمیر للندر5,,,12-Apr-26,1688,,,,,,
,"$582,036 ","$1,089.51 ",,$64.80 ,,"AFN 70,600",خریداری چوری بست خوازه فی عدد 140 افغانی همرا با کرای تکسی به تعمیر للندر 5,,,13-Apr-26,1687.166667,,,,,,
,"$582,053 ",$16.95 ,,$64.90 ,,"AFN 1,100",خریداری مواد کاشی کاری از شرکت کابل ترید به تعمیر للندر 5,,,13-Apr-26,1688,,,,,,
,"$582,100 ",$46.22 ,,$64.90 ,,"AFN 3,000",خریداری تیل پطرول به موتر لکسس بابت تعمیر للندر 5,,,13-Apr-26,1689,,,,,,
,"$582,106 ",$6.17 ,,$64.80 ,,AFN 400,"خریداری سویچ چرخ, تبدیلی و ترمیم چرخ خورد به تعمیر للندر 5",,,14-Apr-26,1690,,,,,,
,"$582,260 ",$154.32 ,,$64.80 ,,"AFN 10,000",برداشت حاجی صبغت الله از دفتر,,,14-Apr-26,1691,,,,,,
,"$582,412 ",$151.39 ,,$64.80 ,,"AFN 9,810",خریداری پل الماسی و مواد برای چپس کاری تعمیر للندر 5,,,14-Apr-26,1692,,,,,,
,"$582,597 ",$185.19 ,,$64.80 ,,"AFN 12,000",پرداخت برای کاکا بادام گل توسط روزالدین بابت خریداری خشت اول به تعمیر للندر5,,,14-Apr-26,1693,,,,,,
,"$582,606 ",$9.26 ,,$64.80 ,,AFN 600,پرداخت کرای موتر انتقال کابینت های تشنابهای تعمیر للندر5,,,14-Apr-26,1694,,,,,,
,"$582,621 ",$15.43 ,,$64.80 ,,"AFN 1,000",خریداری ضد زنگ و تینر روغنی به  زنگ جک ها تعمیر للندر5,,,14-Apr-26,1695,,,,,,
,"$582,807 ",$185.47 ,,$64.70 ,,"AFN 12,000",پرداخت برای  کاکا بادام گل خریداری ریگ شیته به تعمیر للندر5,,,14-Apr-26,1696,,,,,,
,"$584,612 ","$1,805.56 ",,$64.70 ,,"AFN 116,820",پرداخت برای شرکت تجارتی آخند زاده از مجموع بل نمبر 31735  بابت خریداری گرانیت 60/120 به تعمیر للندر5,,,14-Apr-26,1697,,,,,,
,"$593,899 ","$9,287.00 "," $9,287.00 ",$64.70 ,,,پرداخت برای مواد تعمیراتی عبدالله ترکمنی بابت خریداری تخته 18 ملی روسی به تعمیر للندر 5 و استفاده آن به تعمیر للندر6 چک نمبر 2377,,,14-Apr-26,1698,,,,,,
,"$593,907 ",$7.73 ,,$64.70 ,,AFN 500,خریداری بوره و چای بابت تعمیر للندر 5,,,12-Apr-26,1701,,,,,,
,"$593,986 ",$79.01 ,,$64.80 ,,"AFN 5,120",خریداری پلیت 20x20 دو میلی بابت تعمیر للندر 5,,,14-Apr-26,1702,,,,,,
,"$594,164 ",$177.62 ,,$64.80 ,,"AFN 11,510",خریداری مواد چپس کاری بابت تعمیر للندر5,,,14-Apr-26,1703,,,,,,
,"$594,167 ",$3.09 ,,$64.80 ,,AFN 200,خریداری تیل پطرول ویبراتور ها بابت تعمیر للندر 5,,,14-Apr-26,1704,,,,,,
,"$594,170 ",$3.09 ,,$64.80 ,,AFN 200,خریداری تیل پطرول بابت جک های تعمیر للندر 5,,,14-Apr-26,1705,,,,,,
,"$594,172 ",$2.31 ,,$64.80 ,,AFN 150,خریداری تیل پطرول ویبراتور ها بابت تعمیر للندر 5,,,14-Apr-26,1706,,,,,,
,"$595,339 ","$1,166.67 ",,$64.80 ,,"AFN 75,600",خریداری بست خوازه  و پرداخت کرای انتقال بست های خوازه بابت تعمیر للندر5,,,14-Apr-26,1706,,,,,,
,"$595,727 ",$388.27 ,,$64.80 ,,"AFN 25,160",خریداری پلیت 5 میلی 10x10 همراه با کرای انتقال به تعمیر للندر 5,,,14-Apr-26,1707,,,,,,
,"$595,735 ",$7.71 ,,$64.81 ,,AFN 500,"پرداخت برای تبدیل سویچ, تبدیل دو شاخه چرخ به تعمیر للندر 5",,,15-Apr-26,1708,,,,,,
,"$595,800 ",$65.58 ,,$64.81 ,,"AFN 4,250",خریداری تیل پطرول به تعمیر للندر 5,,,15-Apr-26,1709,,,,,,
,"$595,804 ",$3.86 ,,$64.81 ,,AFN 250,پرداخت کرای موتر بابت انتقال کمود های باقیمانده از شرکت تجارتی دروازه بدخشان به تعداد 5 پایه,,,15-Apr-26,1710,,,,,,
,"$595,807 ",$2.31 ,,$64.80 ,,AFN 150,خریداری هادر از شرکت کابل ترید بابت تعمیر للندر 5,,,16-Apr-26,1711,,,,,,
,"$595,815 ",$7.89 ,,$63.40 ,,AFN 500,پرداخت کرای انتقال چسپ عقیق به تعمیر للندر 5,,,16-Apr-26,,,,,,,
,"$595,830 ",$15.43 ,,$64.80 ,,"AFN 1,000",خریداری صحنه بابت تعمیر للندر 5,,,18-Apr-26,1712,,,,,,
,"$595,853 ",$23.15 ,,$64.80 ,,"AFN 1,500",خریداری قطی 4x4 بابت تعمیر للندر 5,,,19-Apr-26,1713,,,,,,
,"$596,007 ",$154.32 ,,$64.80 ,,"AFN 10,000",پیش پرداخت برای نجیب الله ولد عبدالشکور بابت ماه حمل 1405,,,19-Apr-26,1714,,,,,,
,"$596,193 ",$185.22 ,,$64.80 ,,"AFN 12,002",پرداخت مصارف بل برق تعمیر للندر 5 بابت ماه دلو و حوت 1405,,,19-Apr-26,1715,,,,,,
,"$596,254 ",$61.78 ,,$64.75 ,,"AFN 4,000",پیش پرداخت برای سفر ولد محمد باقر بابت ماه حمل 1405,,,20-Apr-26,1716,,,,,,
,"$596,301 ",$46.37 ,,$64.70 ,,"AFN 3,000",پیش پرداخت برای تاجدین ولد غیاص دین بابت برق سازی تعمیر للندر 5 ماه حمل 1405,,,20-Apr-26,1717,,,,,,
,"$596,304 ",$3.14 ,,$63.70 ,,AFN 200,پرداخت کرای انتقال گادر از تعمیر للندر 5 به تعمیر باغ قاضی,,,20-Apr-26,,,,,,,
,"$596,499 ",$195.13 ,,$64.70 ,,"AFN 12,625",پراخت اجرت روز مزد نثار احمد بابت کاشی کاری های تعمیر للندر 5 و پرداخت اجرت اضافه کاری های نثار احمد بابت کاشی کاری تعمیر للندر 5,,,20-Apr-26,1718,,,,,,
,"$596,502 ",$3.09 ,,$64.70 ,,AFN 200,پرداخت کرای موتر بابت انتقال سیخ گول 8 ملی از تعمیر للندر 4 به تعمیر للندر 5,,,20-Apr-26,,,,,,,
,"$596,518 ",$15.70 ,,$63.70 ,,"AFN 1,000",پرداخت برای نثار احمد بخاطری تهیه و خریداری اباس به عید سعید قربان ,,,20-Apr-26,1719,,,,,,
,"$597,164 ",$646.06 ,,$64.70 ,,"AFN 41,800",پرداخت برای نورآغا و تصفیه حساب خریداری بست خوازه و بست جک به تعمیر للندر 5 و استفاده آن به تعمیر للندر 6    توسط صرافی خانی گل با جک نمبر 2388,,,20-Apr-26,1720,,,,,,
,"$597,229 ",$65.12 ,,$64.80 ,,"AFN 4,220",خریداری چسپ 123 بابت تعمیر للندر 5,,,21-Apr-26,1719,,,,,,
,"$597,358 ",$128.98 ,,$64.80 ,,"AFN 8,358",پرداخت معاش عبدالمطین ولد نیک محمد بابت ماه ثور سال 1405,,,21-Apr-26,1720,,,,,,
,"$597,517 ",$158.84 ,,$64.80 ,,"AFN 10,293",پرداخت معاش عبدالمطین ولد نیک محمد بابت ماه ثور سال 1405,,,21-Apr-26,,,,,,,
,"$598,616 ","$1,098.90 ",,$63.70 ,,"AFN 70,000",پرداخت برای شرکت نجیب الله بگرام وال بابت خریداری سنگ به تعمیر للندر 5 از مجموعه بل نمبر 451,,,21-Apr-26,1721,,,,,,
,"$598,696 ",$80.22 ,,$64.45 ,,"AFN 5,170",خریداری تیل پطرول به موتر هایکس بابت تعمیر للندر 5,,,22-Apr-26,1722,,,,,,
,"$598,774 ",$77.58 ,,$64.45 ,,"AFN 5,000",خریداری تیل پطرول به موتر فرونر بابت تعمیر للندر 5,,,22-Apr-26,1721,,,,,,
,"$598,775 ",$1.55 ,,$64.45 ,,AFN 100,خریداری صافی بابت تعمیر للندر 5,,,22-Apr-26,1722,,,,,,
,"$598,823 ",$48.10 ,,$64.45 ,,"AFN 3,100",خریداری چسپ سنگ بابت تعمیر للندر 5,,,22-Apr-26,1723,,,,,,
,"$598,839 ",$15.52 ,,$64.45 ,,"AFN 1,000",خریداری صحنه و پل بابت تعمیر للندر 5,,,22-Apr-26,1724,,,,,,
,"$599,759 ",$920.00 , $920.00 ,$64.40 ,,,پرداخت برای فروشگاه آهن آلات نقشبندی بابت خریداری نل خوازه 2 ملی به تعمیر للندر 5,,,23-Apr-26,,,,,,,
,"$599,764 ",$5.44 ,,$64.36 ,,AFN 350,خریداری پل و قلم کاشی بر و قلم خود رنگ بابت تعمیر للندر 5,,,23-Apr-26,1725,,,,,,
,"$599,803 ",$39.25 ,,$63.70 ,,"AFN 2,500",پرداخت برای پاین نودن گرانیت های واپس شده از تعمیر للندر 5 به شرکت آخندزاده نمبر 31344  و پرداخت کرای انتقال گرانیت های واپس شده از تعمیر للندر 5 به شرکت آخندزاده,,,23-Apr-26,,,,,,,
,"$599,819 ",$15.56 ,,$64.27 ,,"AFN 1,000",خریداری مواد کاشی کاری از قبیل پل بابت تعمیر للندر 5,,,23-Apr-26,1726,,,,,,
,"$599,886 ",$66.61 ,,$64.18 ,,"AFN 4,275",خریداری 55 متر فوم فی متر 75 افغانی بابت تعمیر للندر 5,,,23-Apr-26,1727,,,,,,
,"$602,852 ","$2,966.33 ",,$63.70 ,,"AFN 188,955",پرداخت برای شرکت آخندزاده از درک واپسی بل نمبر 311344 از تعمیر للندر 5,,,23-Apr-26,,,,,,,
,"$603,049 ",$196.60 ,,$64.09 ,,"AFN 12,600",پرداخت برای کاکا بادام گل توسط روزالدین بابت خریداری خشت اول به تعمیر للندر 5,,,23-Apr-26,1728,,,,,,
,"$603,096 ",$47.10 ,,$63.70 ,,"AFN 3,000",پیش پرداخت برای تاج الدین ولد غوث الدین بابت ماه ثور 1405 توسط حاجی عاشق الله,,,23-Apr-26,,,,,,,
,"$603,172 ",$76.88 ,,$64.00 ,,"AFN 4,920",پرداخت برای شرکت یونایتید بابت خریداری کاشی دیواری سایز 25/33 و کرای انتقال کاشی های واپس شده از تعمیر للندر 5 به شرکت یونایتید,,,23-Apr-26,1729,,,,,,
,"$603,329 ",$156.99 ,,$63.70 ,,"AFN 10,000",پرداخت برای جمعه کاشی کار تعمیر للندر 5 توسط حاجی عاشق الله,,,23-Apr-26,,,,,,,
,"$603,502 ",$172.68 ,,$63.70 ,,"AFN 11,000",پرداخت برای گلریز بابت پلستر کاری های بیرونی تعمیر للندر 5 بتاریخ های مختلف توسط حاجی عاشق الله در ساحه کار,,,23-Apr-26,,,,,,,
,"$603,526 ",$23.55 ,,$63.70 ,,"AFN 1,500",پرداخت اجرت دو روزهه محمد بابت راویز کاری تعمیر للندر 5,,,23-Apr-26,,,,,,,
,"$604,558 ","$1,032.70 ",,$63.91 ,,"AFN 66,000",پرداخت برای فروشگاه سید حسن موسوی از مجموع بل نمبر هذا بابت خریداری زانو خم های جوشی و نل های جوشی به تعمیر للندر5,,,23-Apr-26,1730,,,,,,
,"$604,614 ",$55.47 ,,$63.82 ,,"AFN 3,540","خریداری قلف و پل 16 ملی به تعمیر للندر 5, خریداری سیخ ویلدنک, ول وپل آهنی, کارتک و غیره, دستکش, شیته ولرینک و پل به تعمیر للندر 5",,,23-Apr-26,1731,,,,,,
,"$604,615 ",$1.57 ,,$63.70 ,,AFN 100,پرداخت کرای تکسی ادریس از گدام شرکت آخندزاده به تعمیر للندر 5 بخاطری واپسی گرانیت های واپسی,,,23-Apr-26,,,,,,,
,"$606,543 ","$1,927.15 ",,$63.73 ,,"AFN 122,817",پرداخت برای شرکت تجارتی آخند زاده بابت خریداری گرانیت 60/120 به تعمیر للندر 5,,,23-Apr-26,1732,,,,,,
,"$606,758 ",$215.43 ,,$63.64 ,,"AFN 13,710",پرداخت معاش نجیب الله ولد  عبدل شاکر بابت ماه حمل 1405 به تعمیر للندر 5,,,23-Apr-26,1733,,,,,,
,"$607,309 ",$550.75 ,,$63.55 ,,"AFN 35,000",پرداخت برای عبدالله بابت خشت کاری و پلستر کاری تعمیر للندر 5,,,23-Apr-26,1734,,,,,,
,"$607,529 ",$220.61 ,,$63.46 ,,"AFN 14,000",پرداخت معاش مطیح الله ولد محمد یونس بابت ماه حمل 1405,,,23-Apr-26,1735,,,,,,
,"$607,607 ",$77.32 ,,$63.37 ,,"AFN 4,900",پرداخت برای حاجی شریف بابت خریداری لارند 4-5/5 ملی و لارند 4/4 به تعمیر للندر 5,,,23-Apr-26,1736,,,,,,
,"$607,706 ",$99.56 ,,$63.28 ,,"AFN 6,300","پرداخت اجرت روز مزد 6 روز سید محمد گلکار بابت داغگیری بالکن ها تعمیر للندر 5 فی روز از قرار 700 افغانی,   پرداخت اجرت روز 6 روزه علی سینا کاریگر بابت داغگیری بالکن ها تعمیر للندر 5 فی روز از قرار 350 افغانی",,,23-Apr-26,1737,,,,,,
,"$607,734 ",$27.69 ,,$63.19 ,,"AFN 1,750",پرداخت اجرت روز 5 روزه نوید بابت خشت کاری و پلستر کاری منزل دهم سر بام و منزل دوبلکس و غیره تعمیر للندر 5,,,23-Apr-26,1738,,,,,,
,"$607,861 ",$126.78 ,,$63.10 ,,"AFN 8,000",پرداخت برای تقی بابت نصب سنگ نما بیرونی تعمیر للندر 5,,,23-Apr-26,1739,,,,,,
,"$608,756 ",$895.10 ,,$63.01 ,,"AFN 56,400",پرداخت فروشگاه آهن آلات نقشبندی بابت خریداری قطعی 9-40/40 کیلویی به تعمیر للندر 5,,,23-Apr-26,1740,,,,,,
,"$608,864 ",$108.07 ,,$62.92 ,,"AFN 6,800",پرداخت اجرت 17 روزه نثار احمد بابت کاشی کاری کار های باقیمانده رسول نظری در تعمیر للندر 5,,,23-Apr-26,1741,,,,,,
,"$609,337 ",$473.15 ,,$64.25 ,,"AFN 30,400",پرداخت برای خریداری بست خوازه به تعمیر للندر 5 و اجرا آن توسط چک نمبر 2396 از صرافی خانی گل,,,25-Apr-26,1742,,,,,,
,"$609,506 ",$169.35 ,,$64.25 ,,"AFN 10,881",پرداخت برای خبازی عبدالمطلب بغلانی بابت خریداری نان خشک به تعمیر للندر 5 بابت ماه حمل 1405,,,25-Apr-26,1743,,,,,,
,"$610,206 ",$700.00 ,,$64.30 ,,"AFN 45,010",پرداخت برای شرکت آریا دیکور از مجموع بل نمبر 3870 بابت خریداری مواد کناف به تعمیر للندر 5,,,26-Apr-26,1744,,,,,,
,"$610,222 ",$15.55 ,,$64.30 ,,"AFN 1,000",خریداری تیل پطرول به موتر لکسس بابت تعمیر للندر 5,,,26-Apr-26,1745,,,,,,
,"$610,320 ",$98.03 ,,$64.50 ,,"AFN 6,323",پرداخت معاش محمد صفر ولد محمد باقر ماه حمل بابت تعمیر للندر 5,,,27-Apr-26,1746,,,,,,
,"$610,649 ",$329.05 ,,$64.50 ,,"AFN 21,224","خریداری نت و بولت, برمه , دبل , سیخ ولدینگ و چنگک بابت تعمیر للندر 5",,,27-Apr-26,1747,,,,,,
,"$610,680 ",$31.01 ,,$64.50 ,,"AFN 2,000",پرداخت برای تقی بابت نصب سنگ نمای بیرونی تعمیر للندر 5,,,27-Apr-26,1748,,,,,,
,"$611,621 ",$941.09 ,,$64.50 ,,"AFN 60,700",پرداخت برای فروشگاه ولیعصر بابت خردیداری سنگ سیاه ایرانی سوپر همراه  با اجرت کارگر و کرایه موتر به تعمیر للندر 5,,,27-Apr-26,1749,,,,,,
,"$611,665 ",$43.41 ,,$64.50 ,,"AFN 2,800",خریداری تیل پطرول بابت موتر هایلکس برای تعمیر للندر 5,,,27-Apr-26,1749,,,,,,
,"$612,055 ",$390.70 ,,$64.50 ,,"AFN 25,200",خریداری آهن پلیت 5 میلی بابت تعمیر للندر 5,,,27-Apr-26,1750,,,,,,
,"$612,190 ",$135.04 ,,$64.50 ,,"AFN 8,710",پرداخت معاش برای محمد سروز ولد طالب ماه حمل برای تعمیر للندر 5,,,27-Apr-26,1750,,,,,,
,"$612,201 ",$10.23 ,,$64.50 ,,AFN 660,خریداری بوره و چای برای تعمیر للندر 5,,,28-Apr-26,1751,,,,,,
,"$612,345 ",$144.19 ,,$64.50 ,,"AFN 9,300",خریداری تیل دیزل به جنراتور بابت تعمیر للندر 5,,,28-Apr-26,1752,,,,,,
,"$612,352 ",$6.98 ,,$64.50 ,,AFN 450,خریداری مواد کاشی کاری از شرکت کابل ترید بابت تعمیر للندر 5,,,28-Apr-26,1753,,,,,,
,"$612,367 ",$15.50 ,,$64.50 ,,"AFN 1,000",خریداری تیل پطرول بابت موتر هایلکس برای تعمیر للندر 5,,,28-Apr-26,1754,,,,,,
,"$612,436 ",$68.99 ,,$64.50 ,,"AFN 4,450",خریداری تیل پطرول بابت موتر لکسس برای تعمیر للندر 5,,,28-Apr-26,1755,,,,,,
,"$612,501 ",$65.12 ,,$64.50 ,,"AFN 4,200",خریداری تیل پطرول برای موتری لکسس به تعمیر للندر 5,,,28-Apr-26,1756,,,,,,
,"$612,505 ",$4.12 ,,$64.50 ,,AFN 266,خریداری مواد خوازه برای بستن خوازه به تعمیر للندر 5,,,28-Apr-26,1757,,,,,,
,"$612,937 ",$431.78 ,,$64.50 ,,"AFN 27,850",پرداخت برای بست خوازه همراه با کرای موتر بابت تعمیر للندر 5,,,28-Apr-26,1758,,,,,,
,"$613,511 ",$573.64 ,,$64.50 ,,"AFN 37,000",پرداخت برای شفیق الله بابت خریداری و نصب کابینت تششنابهای منزل هفتم تعمیر للندر 5 به تعداد 5 پایه 80 سانتی و 1 پایه 97 سانتی,,,28-Apr-26,1759,,,,,,
,"$613,666 ",$155.04 ,,$64.50 ,,"AFN 10,000",پرداخت برای علی یاور ازدرک راویز کاری منزل مختلف تعمیر للندر 5,,,28-Apr-26,1760,,,,,,
,"$613,711 ",$45.01 ,,$64.50 ,,"AFN 2,903",پرداخت معاش محمد صدیق ولد محمد سلیم بابت ماه حمل 1405,,,28-Apr-26,1761,,,,,,
,"$613,849 ",$138.03 ,,$64.50 ,,"AFN 8,903",پرداخت معاش زین الله ولد محمد ظاهر بابت ماه حمل 1405,,,28-Apr-26,1762,,,,,,
,"$613,957 ",$108.03 ,,$64.50 ,,"AFN 6,968",پرداخت معاش هارون ولد فیضل رحمانی بابت ماه حمل 1405,,,28-Apr-26,1763,,,,,,
,"$613,972 ",$15.53 ,,$64.40 ,,"AFN 1,000",پرداخت معاش برای ادریس ولد دولت بابت ماه حمل 1405,,,29-Apr-26,1764,,,,,,
,"$618,579 ","$4,606.52 ",,$64.40 ,,"AFN 296,660","پرداخت برای حاجی قاسم از درک خریداری سمنت سفید به تعمیر للندر 5, پرداخت برای حاجی قاسم از درک خریداری ایرانی و سمنت سفید به تعمیر للندر 5",,,29-Apr-26,1765,,,,,,
,"$619,262 ",$683.23 ,,$64.40 ,,"AFN 44,000",پرداخت برای فروشگاه آهن آلات نقشبندی بابت خریداری پروفیل 40/40 به تعمیر للندر 5  با اجرت بارگیری و کرای انتقال,,,29-Apr-26,1766,,,,,,
,"$619,635 ",$372.67 ,,$64.40 ,,"AFN 24,000","پرداخت و تصفیه حساب شرکت تولیدی اتحاد بابت خریداری وال برنجی , سه راه جوشی, سه راه 40 میتر آب زانو 40  و زانو 32 به تعمیر للندر 5",,,29-Apr-26,1767,,,,,,
,"$619,790 ",$155.28 ,,$64.40 ,,"AFN 10,000",پرداخت معاش عبدال  کریم  ولد محمد زاهر بابت ماه حمل 1405,,,29-Apr-26,1768,,,,,,
,"$619,826 ",$35.56 ,,$64.40 ,,"AFN 2,290",پرداخت معاش شریف الله ولد فیض محمد بابت ماه حمل 1405,,,29-Apr-26,1769,,,,,,
,"$619,834 ",$8.60 ,,$64.40 ,,AFN 554,"خریداری شیر, تخم مرغ , انرژی بابت للندر 5 توسط ادریس بابت مهمان های تعمیر للندر 5",,,29-Apr-26,1770,,,,,,
,"$620,759 ",$925.00 , $925.00 ,$64.40 ,,,پرداخت برای فروشکاه آهن آلات نقشبندی بابت خریداری نل خوازه 2 ملی به تعمیر للندر 5 و استفاده آن در پروژه های للندر 4 و للندر 6,,,29-Apr-26,1771,,,,,,
,"$620,818 ",$59.01 ,,$64.40 ,,"AFN 3,800",پرداخت برای شرکت عمده فروشی hg بابت خریداری کفشو 10/15 و 15/15 به تعمیر للندر 5,,,30-Apr-26,1772,,,,,,
,"$620,899 ",$80.43 ,,$64.40 ,,"AFN 5,180","پرداخت برای خورده فروشی خوستی بابت خریداری دک تیپ پل کتر پل چرخ , دست کش , پل آهنی, پل کتر و غیره به للندر 5",,,30-Apr-26,1773,,,,,,
,"$621,675 ",$776.40 ,,$64.40 ,,"AFN 50,000",پرداخت برای مواد تعمیراتی و تخنیکی سید حسن موسوی از مجموع بل نمبر 1003 خریداری زانو خم جوشی سه راهی نل جوشی به للندر 5,,,30-Apr-26,1774,,,,,,
,"$622,475 ",$799.69 ,,$64.40 ,,"AFN 51,500",پرداخت برای شرکت تجارتی آخندزاده از مجموع بل نمبر 30879 بابت خریداری گرانیت 100/100 به تعمیر للندر 5,,,30-Apr-26,1775,,,,,,
,"$622,573 ",$97.83 ,,$64.40 ,,"AFN 6,300","پرداخت اجرت روزمزد سید محمد بابت پلسترکاری داغگیری نما بیرونی تعمیر للندر 5, پرداخت اجرت روز مزد رمضان بابت همکاری با گلکار بابت پلستر کاری و داغ گیری نما ",,,30-Apr-26,1776,,,,,,
,"$622,775 ",$201.86 ,,$64.40 ,,"AFN 13,000",پرداخت برای علی جهانگیر بابت راویز کاری تعمیر للندر 5,,,30-Apr-26,1777,,,,,,
,"$623,054 ",$279.50 ,,$64.40 ,,"AFN 18,000","پرداخت برای انجنیر محمد شریف بابت سیستم مکمل نلدوانی از قبیل مرکز گرمی, آب باران , فاضلاب و غیره به تعمیر للندر 5",,,30-Apr-26,1778,,,,,,
,"$623,722 ",$667.70 ,,$64.40 ,,"AFN 43,000",پرداخت برای شرکت برادران صمدی از مجموع بل نمبر 4875 بابت خریداری 100/100 به تعمیر للندر 5,,,30-Apr-26,1779,,,,,,
,"$624,144 ",$422.36 ,,$64.40 ,,"AFN 27,200",پرداخت برای خریداری جال زاویز به تعمیر للندر 5,,,30-Apr-26,1780,,,,,,
,"$624,344 ",$200.00 ,,$64.40 ,,"AFN 12,880",پرداخت برای تقی بابت نصب سنگ نما بیرونی تعمیر للندر 5,,,30-Apr-26,1781,,,,,,
,"$625,999 ","$1,655.28 ",,$64.40 ,,"AFN 106,600","پرداخت برای شرکت هرات الکتریک بابت خریداری کلچ انپیر به تعمیر للندر 5, پرداخت برای شرکت هرات الکتریک بابت خریداری سیم آنتن سیم 1.1.5 ملی, نور خطی و کیبل 2/1 به تعمیر للندر 5",,,30-Apr-26,1782,,,,,,
,"$626,003 ",$3.88 ,,$64.40 ,,AFN 250,خریداری کارت مبایل به ادریس چوکیدار تعمیر للندر5,,,2-May-26,1783,,,,,,
,"$626,075 ",$71.24 ,,$64.57 ,,"AFN 4,600",خریداری تیل پطرول برای موتر هایلکس بابت تعمیر للندر 5,,,2-May-26,1784,,,,,,
,"$626,146 ",$71.43 ,,$64.40 ,,"AFN 4,600",پرداخت اجرت بارگیری 220 کارتن کاشی های خریداری  شده از شرکت برادران صمدی به تعمیر للندر 5,,,3-May-26,1785,,,,,,
,"$627,264 ","$1,118.00 "," $1,118.00 ",$64.40 ,,,پرداخت برای فروشگاه مواد تعمیراتی عبدالله ترکمنی بابت خریداری تخته پلایوت 18 ملی روسی و کرای موتر همراه با پول جوالی به تعمیر للندر 5 و استفاده آن به تعمیر للندر 6,,,3-May-26,1786,,,,,,
,"$627,331 ",$66.98 ,,$64.50 ,,"AFN 4,320",خریداری مواد کاشی کاری از شرکت کابل ترید بابت تعمیر للندر 5,,,4-May-26,1787,,,,,,
,"$627,336 ",$4.65 ,,$64.57 ,,AFN 300,"خریداری 10 کواتر مبلایل , فلتر مبلایل و تبدیلی مبلایل ",,,4-May-26,1788,,,,,,
,"$627,343 ",$7.76 ,,$64.40 ,,AFN 500,پیش پرداخت برای زین الله ولد محمد ظاهر بابت ماه ثور 1405,,,4-May-26,1789,,,,,,
,"$628,404 ","$1,060.56 ",,$64.40 ,,"AFN 68,300",پرداخت برای فروشگاه ولیعصر بابت خریداری سنگ سیاه ایرانی یوپر همراه با کرای کارگر و کرای موتر به تعمیر للندر 5,,,5-May-26,1790,,,,,,
,"$628,559 ",$155.28 ,,$64.40 ,,"AFN 10,000",پرداخت برای محمد علی بابت تخریب دوبلکس تعمیر للندر 5,,,5-May-26,1791,,,,,,
,"$630,429 ","$1,870.00 "," $1,870.00 ",$64.40 ,,,"پرداخت برای فروشگاه آهن آلات نقشبندی بابت خریداری نل 2"" و نل خوازه 2 ملی به تعمیر للندر 5",,,5-May-26,1792,,,,,,
,"$639,716 ","$9,287.00 "," $9,287.00 ",$64.30 ,,,پرداخت برای فروشگاه مواد تعمیراتی عبدالله ترکمنی بابت خریداری تخته پلایود 18 ملی به تعمیر للندر 5 و استفاده به تعمیر للندر 6,,,5-May-26,1793,,,,,,
,"$639,770 ",$54.26 ,,$64.50 ,,"AFN 3,500",خریداری نل هواکش بابت تعمیر للندر5,,,5-May-26,1794,,,,,,
,"$639,919 ",$148.47 ,,$64.50 ,,"AFN 9,576",خریداری تیل دیزل بابت تعمیر للندر 5,,,5-May-26,1795,,,,,,
,"$640,068 ",$149.30 ,,$64.50 ,,"AFN 9,630","خریداری ریگمال , پالش, پل, پاس پاس , صابون و غیره بابت تعیمر للندر5",,,5-May-26,1796,,,,,,
,"$641,037 ",$968.94 ,,$64.40 ,,"AFN 62,400",پرداخت برای فروشگاه آهن آلات نقشبندی بابت خریداری پروفیل 40/40 به تعیر للندر 5,,,5-May-26,1797,,,,,,
,"$641,100 ",$62.55 ,,$63.95 ,,"AFN 4,000",خریداری تیل پطرول به موتری هایکس به تعمیر للندر 5,,,6-May-26,1798,,,,,,
,"$641,181 ",$81.31 ,,$63.95 ,,"AFN 5,200","پرداخت برای 6 نفر پلستر کار روزمزد از جمله غلام حسین استاد 3 روز , فدا حسین استاد و احمد شاه کارکر به تعمیر للندر 5",,,6-May-26,1799,,,,,,
,"$641,558 ",$377.36 ,,$63.60 ,,"AFN 24,000",پرداخت برای خریداری چسپ عقیق به تعمیر للندر 5,,,7-May-26,1800,,,,,,
,"$641,637 ",$78.37 ,,$63.80 ,,"AFN 5,000",پرداخت برای علی یاور بابت راویز کاری بالکن های تعمیر للندر 5,,,7-May-26,1801,,,,,,
,"$641,660 ",$23.55 ,,$63.70 ,,"AFN 1,500",خریداری تیل پطرول به موتری لکسس به تعمیر للندر 5,,,7-May-26,,,,,,,
,"$641,739 ",$78.37 ,,$63.80 ,,"AFN 5,000",پرداخت برای تقی بابت نصب سنگ نما بیرونی تعمیر للندر 5,,,7-May-26,1802,,,,,,
,"$641,817 ",$78.37 ,,$63.80 ,,"AFN 5,000",پرداخت برای جمعه بابت کاشی کاری واحد های 4 اتاقه و 2 اتاقه منزل هشتم تعمیر للندر 5,,,7-May-26,1803,,,,,,
,"$641,833 ",$15.67 ,,$63.80 ,,"AFN 1,000",پیش پرداخت برای میرویس ولد عبدالبصیر بابت ماه ثور 1405,,,7-May-26,1804,,,,,,
,"$641,886 ",$53.29 ,,$63.80 ,,"AFN 3,400",پرداخت برای عبدالله بابت خشک کاری و پلستر کاری تعمیر للندر 5,,,7-May-26,1805,,,,,,
,"$643,153 ","$1,267.40 ",,$63.80 ,,"AFN 80,860","پرداخت برای شرکت هرات الکتریک بابت خریداری ساکت سه پول , یک پول و سیم آنتن به تعمیر للندر 5",,,7-May-26,1806,,,,,,
,"$643,224 ",$70.53 ,,$63.80 ,,"AFN 4,500",پرداخت برای کاکا بادام گل بابت انتقال چوب از گدام کارته سه به تعمیر للندر 6 و از تعمیر للندر 4 به تعمیر للندر 6,,,7-May-26,1807,,,,,,
,"$643,379 ",$155.17 ,,$63.80 ,,"AFN 9,900","پرداخت برای کاکا بادام گل توسط روزالدین بابت خریداری ریگ خاکه , انتقال ریگ از دارلامان به تعمیر للندر 5 پرداخت برای کاکا بادام گل توسط روزالدین بابت ریگ از دارلامان و جک های خرابه از کدام کارته سه به تعمیر للندر 5",,,7-May-26,1808,,,,,,
,"$644,163 ",$783.70 ,,$63.80 ,,"AFN 50,000",پرداخت برای کاشی فروشی برادران صمدی بابت خریداری گرانیت 100/100 به تعمیر للندر 5,,,7-May-26,1809,,,,,,
,"$644,947 ",$783.70 ,,$63.80 ,,"AFN 50,000",پرداخت برای شرکت آخندزاده از مجموع بل نمبر 30879 بابت خریداری گرانیت 100/100 به تعمیر للندر 5,,,7-May-26,1810,,,,,,
,"$645,417 ",$470.50 ,,$63.80 ,,"AFN 30,018",پرداخت و تصفیه حساب مکمل شرکت آریا دیکر بابت کناف تشنابهای تعمیر للندر5,,,7-May-26,1811,,,,,,
,"$645,496 ",$79.19 ,,$64.40 ,,"AFN 5,100","پرداخت برای خورده فروشی خوستی بابت خریداری پل برمه , دسکش, متر و پل کتر به تعمیر للندر 5, خریداری  ضد زنگ, برس و کارتک و غیره به تعمیر للندر 5",,,7-May-26,1812,,,,,,
,"$646,535 ","$1,038.40 ",,$63.80 ,,"AFN 66,250",پرداخت برای شرکت جاغوری از درک پیش پرداخت توسط حاجی عاشق الله اینک از درک بل نمبر 1185 که به ساحه کاری تعمیر للندر 5 رسیده مجراداده شد  و پرداشت دیگر از بل نمبر 1280 که به ساحه کاری تعمیر للندر 5 رسیده مجرا داده شد,,,7-May-26,1813,,,,,,
,"$646,935 ",$400.00 ,,$63.80 ,,"AFN 25,520","پرداخت برای شرکت جاغوری بابت سنگ سلب نجف آباد و برشکاری سنگ به تعمیر للندر 5, پرداخت برای شرکت جاغوری از مجموع بل نمبر 1272 خریداری سنگ نجف آباد و برشکاری سنگ به تعمیر للندر 5",,,7-May-26,1814,,,,,,
,"$647,361 ",$426.33 ,,$63.80 ,,"AFN 27,200",پرداخت برای خریداری جالی راویز به تعمیر للندر 5,,,7-May-26,1815,,,,,,
,"$647,364 ",$3.46 ,,$63.57 ,,AFN 220,خریداری رجه و پل آهن بر بابت تعمیر للندر 5,,,7-May-26,1816,,,,,,
,"$647,370 ",$5.27 ,,$63.57 ,,AFN 335,خریداری پل و شیربابت تعمیر للندر 5,,,7-May-26,1817,,,,,,
,"$647,440 ",$70.75 ,,$63.60 ,,"AFN 4,500",خریداری تیل پطرول برای موتر لکسس بابت تعمیر للندر 5,,,9-May-26,1818,,,,,,
,"$647,501 ",$60.38 ,,$63.60 ,,"AFN 3,840",خریداری پروفیل بابت تعمیر للندر 5,,,9-May-26,1819,,,,,,
,"$647,566 ",$65.41 ,,$63.60 ,,"AFN 4,160",خریداری چسپ از شرکت کابل ترید بابت تعمیر للندر 5,,,10-May-26,1820,,,,,,
,"$649,478 ","$1,912.00 "," $1,912.00 ",$63.40 ,,,پرداخت برای سمنت فروشی حاجی قاسم وردک بابت خریداری سمنت ایرانی به تعمیر للندر 5,,,10-May-26,1821,,,,,,
,"$649,561 ",$82.68 ,,$63.50 ,,"AFN 5,250",پرداخت اجرت روز مزد زمضان بابت داغگیری پلستر کاری های عبادالله در تعمیر للندر 5,,,11-May-26,1822,,,,,,
,"$649,648 ",$87.40 ,,$63.50 ,,"AFN 5,550",پرداخت اجرت روز مزد رحمت الله و محمد شفیع راویز کار بابت ناوهه های تعمیر للندر 5,,,11-May-26,1823,,,,,,
,"$650,053 ",$404.66 ,,$63.50 ,,"AFN 25,696",پرداخت و تصفیه حساب مکمل تقی بابت نصب سنگ نما بیورنی تعمیر للندر 5,,,11-May-26,1824,,,,,,
,"$650,353 ",$300.00 ,,$63.50 ,,"AFN 19,050",پرداخت برای نورحسن بابت چپس کاری منزل آخر تعمیر للندر 5 بدست سید آجان,,,12-May-26,1825,,,,,,
,"$650,419 ",$66.04 ,,$63.60 ,,"AFN 4,200",خریداری تیل پطرول برای موتر هایکس به تعمیر للندر 5,,,12-May-26,1826,,,,,,
,"$651,952 ","$1,533.02 ",,$63.60 ,,"AFN 97,500",پرداخت برای شرکت تجارتی برادران صمدی بابت خریداری گرانیت آیسلند سفید 100/100 به تعمیر للندر 5,,,12-May-26,1827,,,,,,
,"$651,968 ",$15.75 ,,$63.50 ,,"AFN 1,000",پیش پرداخت برای شریف الله ولد فیض محمد بابت ماه ثور 1405,,,13-May-26,1828,,,,,,
,"$651,983 ",$15.72 ,,$63.60 ,,"AFN 1,000",پرداخت برای ذین الله بابت تعمیر للندر 5,,,13-May-26,1829,,,,,,
,"$652,002 ",$18.88 ,,$63.57 ,,"AFN 1,200",خریداری دوبل بابت تعمیر للندر 5,,,13-May-26,1830,,,,,,
,"$652,034 ",$31.46 ,,$63.57 ,,"AFN 2,000",خریداری تیل پطرول برای موتر لکسس بابت تعمیر للندر 5,,,13-May-26,1831,,,,,,
,"$652,038 ",$4.09 ,,$63.60 ,,AFN 260,خریداری بوره و مایع بابت تعمیر للندر 5,,,13-May-26,1832,,,,,,
,"$652,049 ",$11.01 ,,$63.60 ,,AFN 700,خریداری پل از شرکت کابل ترید بابت تعمیر للندر 5,,,13-May-26,1833,,,,,,
,"$652,053 ",$3.94 ,,$63.50 ,,AFN 250,خریداری کارت مبایل به مطیع الله سهاک,,,13-May-26,1834,,,,,,
,"$652,108 ",$55.06 ,,$63.57 ,,"AFN 3,500",خریداری آهن میلی 20x20 بابت تعمیر للندر 5,,,13-May-26,1835,,,,,,
,"$652,131 ",$23.44 ,,$63.57 ,,"AFN 1,490",خریداری نت و بولت بابت تعمیر للندر 5,,,13-May-26,1836,,,,,,
,"$652,162 ",$30.71 ,,$63.50 ,,"AFN 1,950",پرداخت بارگیری کاشی های 100/100 از شرکت برادران صمدی به تعمیر للندر 5,,,13-May-26,1837,,,,,,
,"$652,178 ",$15.75 ,,$63.50 ,,"AFN 1,000",خریداری کارت مبایل به خانه,,,13-May-26,1838,,,,,,
,"$652,183 ",$5.51 ,,$63.50 ,,AFN 350,"پرداخت کرای تکسی انتقال مواد راد های چوری دار از شرکت پاور اطلس به تعمیر للندر 5, پرداخت کرایه تکسی انتقال مواد نلدوانی از شرکت اتحاد به تعمیر للندر 5",,,13-May-26,1839,,,,,,
,"$652,573 ",$389.65 ,,$63.65 ,,"AFN 24,801",پرداخت برای فروشگاه لوازم تشناب حاجی زاده پاور اطلس بابت خریداری به تعمیر للندر 5,,,14-May-26,1840,,,,,,
,"$652,620 ",$47.19 ,,$63.57 ,,"AFN 3,000",خریداری تیل پطرول به موتر لکسس بابت تعمیر للندر 5,,,14-May-26,1841,,,,,,
,"$652,730 ",$109.98 ,,$63.65 ,,"AFN 7,000",پرداخت برای جمعه کاشی کار تعمیر للندر 5 بدست  غلام علی ,,,14-May-26,1842,,,,,,
,"$652,826 ",$96.06 ,,$63.50 ,,"AFN 6,100",پرداخت برای آغا ضیا سادات بابت خریداری ایزوگام پشم شیشه ایی درجه اول به تعمیر للندر 5,,,14-May-26,1843,,,,,,
,"$652,942 ",$115.48 ,,$63.65 ,,"AFN 7,350","پرداخت برای خورده فروشی خوست بابت خریداری مواد ضد زنگ سیم 1 ملی سیخ ولدینگ بوجی کارتک, گل ماله , دستکش , پل برمه , پل آهنی و غیره به للندر 5",,,14-May-26,1844,,,,,,
,"$653,334 ",$392.77 ,,$63.65 ,,"AFN 25,000",پرداخت برای مواد تخنیکی سید حسین موسوی از مجموع بل نمبر 1003 از قبیل زانو خم جوشی و غیره به تعمیر للندر 5,,,14-May-26,1845,,,,,,
,"$653,404 ",$69.91 ,,$63.65 ,,"AFN 4,450","پرداخت برای فروشگاه رنگ تعمیر للندر بابت خریداری ضد زنگ , تینر, و برس 3"" روغنی به تعمیر للندر 5",,,14-May-26,1846,,,,,,
,"$655,703 ","$2,298.35 ",,$63.65 ,,"AFN 146,290",پرداخت برای تجهیزات مدرن کابل بابت خریداری بست خوازه و چوری چک به تعمیر للندر 5 و استفاده به تعمیر للندر 6,,,14-May-26,1847,,,,,,
,"$655,882 ",$179.10 ,,$63.65 ,,"AFN 11,400","پرداخت برای فروشگاه حسین نظری بابت خریداری مواد کاشی کاری از قبیل اسکوپ , کلپس, و غیره به تعمیر للندر 5",,,14-May-26,1848,,,,,,
,"$656,353 ",$471.33 ,,$63.65 ,,"AFN 30,000",پرداخت برای شرکت تجارتی ببرک زاده جاغوری بابت خریداری سنگ نجف آباد و برشکاری سنگ از درک پول باقیمانده بل نمبر 1272 به تعمیر للندر 5 و پرداخت خریداری سنگ نجف آباد از بل نمبر 1177 به تعمیر للندر 5,,,14-May-26,1849,,,,,,
,"$659,175 ","$2,822.00 "," $2,822.00 ",$63.65 ,,,"پرداخت برای فروشگاه آهن آلات نقشبندی بابت خریداری نل 2"" سیاه, نل 1.5 "" و قطعی 100/100 به تعمیر للندر 5",,,14-May-26,1850,,,,,,
,"$659,961 ",$785.55 ,,$63.65 ,,"AFN 50,000",پرداخت برای شرکت تجارتی آخندزاده از درک بل نمبر 30879 خریداری گرانیت 100/100 به تعمیر للندر 5,,,14-May-26,1851,,,,,,
,"$660,746 ",$785.55 ,,$63.65 ,,"AFN 50,000",پرداخت برای شرکت تجارتی برادران صمدی از مججوع بل نمبر 4875 گرانیت سفید 100/100 به تعمیر للندر 5,,,14-May-26,1852,,,,,,
,"$661,532 ",$785.55 ,,$63.65 ,,"AFN 50,000","پرداخت برای شرکت هرات الکتریک از مجموع بل نمبر 1667 خریداری نور خطی کندکسر های مختلف , ارتباط فیوز, نورمخفی, تست فیوز , چینج اور و غیره به تعمیر للندر 5",,,14-May-26,1853,,,,,,
,"$661,720 ",$188.53 ,,$63.65 ,,"AFN 12,000",پیش پرداخت برای مطیع الله سهاک ولد محمد یونس بابت ماه ثور 11405,,,14-May-26,1854,,,,,,
,"$661,747 ",$26.71 ,,$63.65 ,,"AFN 1,700",پرداخت برای خریداری کارت مبایل برای حاجی جاوید الله توسط مطیع الله سهاک ,,,14-May-26,1855,,,,,,
,"$661,787 ",$40.06 ,,$63.65 ,,"AFN 2,550",پرداخت برای اجرت روز مزد عل سینا بابت راویز کاری تعمیر للندر 5,,,14-May-26,1856,,,,,,
,"$661,831 ",$43.99 ,,$63.65 ,,"AFN 2,800",پرداخت اجرت روز مزد محمد شریف بابت راویز کاری تعمیر للندر 5,,,14-May-26,1857,,,,,,
,"$661,862 ",$31.42 ,,$63.65 ,,"AFN 2,000",پیش پرداخت برای گلریز بابت پلسترکاری پالکن های تعمیر للندر 5,,,14-May-26,1858,,,,,,
,"$662,079 ",$216.81 ,,$63.65 ,,"AFN 13,800",پرداخت برای خریداری جالی راویز به تعمیر للندر 5,,,14-May-26,1859,,,,,,
,"$662,137 ",$58.18 ,,$63.60 ,,"AFN 3,700",خریداری تیل پطرول برای موتر هایکس بابت تعمیر للندر 5,,,16-May-26,1860,,,,,,
,"$662,185 ",$47.35 ,,$63.65 ,,"AFN 3,014",پرداخت مصرف برق میتر تعمیر للندر 5 بابت ماه حمل 1405,,,17-May-26,1861,,,,,,
,"$662,291 ",$106.05 ,,$63.65 ,,"AFN 6,750",پرداخت اجرت روز مزد محمد بابت راویز کاری ناوه های بیرونی تعمیر للندر 5,,,18-May-26,1862,,,,,,
,"$662,362 ",$70.87 ,,$63.50 ,,"AFN 4,500",پرداخت اجرت برش کاری کاشی های انتقال شده از شرکت برادران صمدی همراه با کرای جوالی به تعمیر للندر 5 و پرداخت کرای انتقال رفت و برگشت کاشی های برش کاری شده به تعمیر للندر5,,,19-May-26,1863,,,,,,
,"$662,366 ",$3.93 ,,$63.57 ,,AFN 250,خریداری گیلاس به تعمیر للندر 5,,,20-May-26,1864,,,,,,
,"$663,074 ",$707.88 ,,$63.57 ,,"AFN 45,000",خریداری 150 عدد لایت به تعمیر للندر 5 از شرکت معراج کوتوال الکتریک,,,20-May-26,1865,,,,,,
,"$663,235 ",$161.08 ,,$63.57 ,,"AFN 10,240",خریداری تیل دیزل برای جنراتور به تعمیر للندر 5,,,20-May-26,1866,,,,,,
,"$663,250 ",$15.73 ,,$63.57 ,,"AFN 1,000",خریداری تیل پطرول به موتر لکسس بابت تعمیر للندر 5,,,20-May-26,1867,,,,,,
,"$663,313 ",$62.92 ,,$63.57 ,,"AFN 4,000","خریداری تیل پطرول به موتر هایلکس بابت تعمیر للندر 5, خریداری تیل پطرول به موتر هایکس بابت تعمیر للندر 5",,,20-May-26,1868,,,,,,
,"$663,329 ",$15.73 ,,$63.57 ,,"AFN 1,000",خریداری تیل پطرول به موتر هایلکس بابت تعمیر للندر 5,,,20-May-26,1869,,,,,,
,"$663,353 ",$23.60 ,,$63.57 ,,"AFN 1,500",خریداری تیل پطرول برای موتر لکسس به تعمیر للندر 5,,,21-May-26,1870,,,,,,
,"$663,400 ",$47.02 ,,$63.80 ,,"AFN 3,000",خریداری تیل پطرول برای موتر کرولای نقره یی بابت تعمیر للندر 5,,,23-May-26,1871,,,,,,
,"$663,447 ",$47.10 ,,$63.70 ,,"AFN 3,000",خریداری تیل پطرول به موتری لکسس به للندر 5,,,24-May-26,1823,,,,,,
