,مصارفات روزانه دفتر ,,,,,,,,,,
مجموع,مجموع افغانی + دالری,نر خ اسعار دالری,مبلغ دالری,مبلغ افغانی,تفصیلات ,تاریخ,شماره,,,,
$136.4,$136.4,66,,"AFN 9,000",پرداخت و تصفیه حساب ذکریا نلدوان بابت ترمیم کاری خانه گزرگاه,5-Jun-25,1,,,,
$257.6,$121.2,66,,"AFN 8,000",پرداخت برای تمیم کراکری توسط حاجی صبغت الله,5-Jun-25,2,,,,
$338.3,$80.7,66,,"AFN 5,328",پرداخت برای خبازی عصر بابت خریداری نان خشک به دفتر کارته سه ماه آپریل 2025,5-Jun-25,3,,,,
$377.3,$39.0,66,,"AFN 2,574",پرداخت برای خبازی عصر بابت خریداری نان خشک به دفتر کارته سه ماه می 2025,5-Jun-25,4,,,,
$680.3,$303.0,66,,"AFN 20,000",پرداخت برای اجرت سردار بابت رنگمالی خانه گزرگاه,5-Jun-25,5,,,,
$937.9,$257.6,66,,"AFN 17,000",پرداخت برای اجرت رنگمالی سردار بابت خانه گزرگاه,31-Jul-25,6,,,,
$980.3,$42.4,66,,"AFN 2,800","پرداخت برای اجرت رنگمالی سردار بابت تعمیر واحد های 29,28,09  تعمیر للندر 2",31-Jul-25,7,,,,
"$1,022.8",$42.4,66,,"AFN 2,800",پرداخت برای اجرت چهار روزه  رنگمالی سردار رهنما و راه زینه جایداد پهلوی کافتریا ,31-Jul-25,8,,,,
"$1,068.2",$45.5,66,,"AFN 3,000",پرداخت برای اجرت رنگمالی داخل دفتر کارته سه,31-Jul-25,9,,,,
"$1,116.3",$48.1,66,,"AFN 3,177",پرداخت برای خبازی عصر بابت خریداری نان خشک به دفتر کارته سه ماه جون 2025,31-Jul-25,10,,,,
"$1,616.3",$500.0,66.6,$500.00,,پرداخت تعرفه پوهنتون کابل بابت زمین کارته پروان حاجی زیور,28-Oct-25,11,,,,
"$1,671.8",$55.4,66.5,,"AFN 3,686",پرداخت تعرفه صفایی جایداد تعمیر للندر 1 بابت سال 1403 و پرداخت فیس مهندسی بابت صفایی جایداد تعمیر للندر 1,19-Oct-25,12,,,,
"$2,122.9",$451.1,66.5,,"AFN 30,000",پرداخت برای شرکت لابرتواری BMGS بابت زمین کارته پروان حاجی زیور,19-Oct-25,,,,,
"$2,125.4",$2.5,64,,AFN 160,خریداری بادنجان سیاه 9 کیلو به دفتر,28-Oct-25,13,,,,
"$2,132.7",$7.3,64,,AFN 470,"خریداری کچالو,نمک,مصاله قورمه و غیره به دفتر",28-Oct-25,14,,,,
"$2,141.3",$8.6,64,,AFN 550,خریداری ROSI OIL به للندر 3 و 1 ,28-Oct-25,15,,,,
"$4,141.3","$2,000.0",64,"$2,000.00",,پرداخت برای ریس هارون بابت سهم باقی مانده واحد بفروش رسیده نمبر 05 تعمیر للندر2 بدست نعمیم به هدایت ریس هارون به دفتر,28-Oct-25,16,,,,
"$4,261.3",$120.0,65,,"AFN 7,800","پرداخت اجرت سه  روزه ذکریا نلدوان بابت ترمیم کاری سیستم  آبرسانی زمین گل باغ , ترمیم کار خانه بی بی حاجی , ترمیم کار خانه پل سرخ و غیره",30-Oct-25,17,,,,
"$4,271.3",$10.0,65,,AFN 650,پرداخت برای خریداری گوشت ماهی به دفتر,4-Nov-25,18,,,,
"$4,283.7",$12.3,65,,AFN 800,پرداخت برای انتقال کثافت تعمیر للندر 1,4-Nov-25,19,,,,
"$4,385.1",$101.5,65,,"AFN 6,595",پرداخت تعرفه صفایی یک از واحد های گذرگاه همراه با کمیشن بانکی بابت سال 1404,5-Nov-25,20,,,,
"$4,413.5",$28.4,65,,"AFN 1,845","پرداخت برای خبازی عبدالمطلب بابت خریداری نان خشک به دفتر للندر 1,للندر1,للندر2",5-Nov-25,21,,,,
"$4,547.5",$134.0,65,,"AFN 8,713",پرداخت تعرفه صفایی جایداد دارالامان ( عین الدین ولد غوث الدین) همراه کمیشن بانکی بابت سال 1404,5-Nov-25,22,,,,
"$4,573.6",$26.1,66.4,,"AFN 1,730","خریداری کچالو, شلغم, زردک, مرچ تازه ,سیر و پیاز  به دفتر",5-Nov-25,23,,,,
"$4,799.5",$225.9,66.4,,"AFN 15,000",خریداری بخاری همره با پیپ به دفتر,5-Nov-25,24,,,,
"$4,802.2",$2.7,66.4,,AFN 180,خریداری یک کیلو کشمش و مرچ سیاه به دفتر,5-Nov-25,25,,,,
"$4,805.2",$3.0,66.4,,AFN 200,خریداری روغن مایع به دفتر ,5-Nov-25,26,,,,
"$4,810.7",$5.4,66.3,,AFN 360,خریداری کچالو و روغن به دفتر ,5-Nov-25,27,,,,
"$5,075.7",$265.0,66.5,$265.00,,پرداخت و تصفیه حساب باقیمانده خریداری اجناس به لفت تعمیر للندر کارته چهار,8-Nov-25,28,,,,
"$5,114.9",$39.2,66.3,,"AFN 2,600",پرداخت برای مبلایل تبدیلی جنراتور تعمیر کارته سه للندر 1,9-Nov-25,29,,,,
"$5,720.9",$606.1,66,,"AFN 40,000",پرداخت و تصفیه حساب شرکت BMGS بابت تست جایداد حاجی زیور کارته پروان,9-Nov-25,30,,,,
"$5,775.0",$54.1,66.4,,"AFN 3,590","خریداری رنگ 85 % برس, لور کلان و غیره به منزل دهم واحد 19 A تعمیر گذرگاه للندر 3",11-Nov-25,31,,,,
"$5,814.0",$39.0,66.4,,"AFN 2,590","خریداری مواد بهداشتی از قبیل پمپرز, بوی گیر, شامپو, کاغذ تشناب و غیره به خانه کارته سه ",11-Nov-25,32,,,,
"$5,965.5",$151.5,66,,"AFN 10,000",پرداخت برای گل احمد ولد نور احمد بدست حسین پسرش به هدایت حاجی صاحب صبغت الله بخاطری وفات مادرش,13-Nov-25,33,,,,
"$5,971.1",$5.6,66.18,,AFN 369,پرداخت برای خبازی عبدالمطلب بابت خریداری نان خشک به دفتر للندر 1,16-Nov-25,34,,,,
"$5,976.4",$5.3,66.18,,AFN 351,پرداخت برای خبازی عبدالمطلب بابت خریداری نان خشک به دفتر للندر 2,16-Nov-25,35,,,,
"$5,984.8",$8.4,66.18,,AFN 558,پرداخت برای خبازی عبدالمطلب بابت خریداری نان خشک به للندر 3,16-Nov-25,36,,,,
"$5,999.7",$14.9,66.4,,AFN 990,خریداری گاز مایع به آشپزخانه تعمیر للندر 1 کارته سه,17-Nov-25,37,,,,
"$6,440.5",$440.7,63,,"AFN 27,765",پرداخت برای سادات الله بابت فیس کاردان مربوط خانه,18-Nov-25,38,,,,
"$6,493.8",$53.3,65,,"AFN 3,465",پرداخت برای تصفیه مکمل حساب فیض الله نجار بابت تعمیر للندر 3 گزرگاه,19-Nov-25,39,,,,
"$6,647.6",$153.8,65,,"AFN 10,000",پرداخت برای سفر برقی  بابت حساب باقی مانده تعمیر للندر 3 گزرگاه,20-Nov-25,40,,,,
"$6,649.4",$1.8,66.3,,AFN 120,خریدری آچار خورد به دفتر,22-Nov-25,41,,,,
"$6,853.0",$203.6,66.3,,"AFN 13,500",پرداخت فیس مکتب استعداد خرد اطفال خانه,22-Nov-25,42,,,,
"$7,063.7",$210.6,65,,"AFN 13,690","پرداخت بل برق دفتر کارته سه, واحد نمبر 3, 4,7,22 بابت ماه میزان سال 1404",23-Nov-25,43,,,,
"$7,161.0",$97.4,65,,"AFN 6,328","پرداخت بل برق مرکز گرمی, لفتA,B,واتر پمپ تعمیر للندر 3 بابت ماه میزان سال 1404",23-Nov-25,44,,,,
"$7,384.3",$223.3,65,,"AFN 14,515",پرداخت بل برق مصرف تعمیر للندر 2 بابت ماه میزان سال 1404,23-Nov-25,45,,,,
"$7,395.1",$10.8,65,,AFN 700,پرداخت برای اجرت یک روزه ذکریا نلدوان بابت ترمیم کاری وال های تاکری آب للندر 3 و وصل نمودن پمپ فشار واحد A19 للندر 3,23-Nov-25,46,,,,
"$7,520.2",$125.1,65,,"AFN 8,134",پرداخت بل برق میتر سه فازه تعمیر کارته سه بابت ماه میزان سال 1404,23-Nov-25,47,,,,
"$7,528.4",$8.2,65,,AFN 530,خریداری فیوز 2/63 و 2/6 امپیر به واحد نمبر 22 کارته سه,23-Nov-25,48,,,,
"$7,550.2",$21.8,65,,"AFN 1,420",خریداری پاور سپلای به کمبره های تعمیر للندر 3 گزرگاه ,23-Nov-25,49,,,,
"$7,561.0",$10.8,65,,AFN 700,پرداخت برای اجرت یک روزه ذکریا نلدوان بابت ترمیم کاری وال های تاکری آب للندر 3 و وصل نمودن پمپ فشار واحد A19 للندر 3,23-Nov-25,50,,,,
"$7,704.3",$143.3,65,,"AFN 9,316","پرداخت بل برق جاوید الله بابت 9,2,2,9,9,9,15 سال 1404",23-Nov-25,51,,,,
"$8,204.3",$500.0,64,$500.00,,پرداخت برای وکیل تعمیر للندر 3 کاکا صدیق بابت خریداری یک پایه جنراتور به تعمیر للندر 3 به هدایت حاجی صبغت الله,24-Nov-25,52,,,,
"$18,204.3","$10,000.0",65,"$10,000.00",,"پرداخت برای خانی گل توسط حاجی صبغت الله بخاطر اجرا حواله برای میثاق ""قانون"" مزار شریف که بتاریخ 2 سپتمبر حواله گردیده بود. ",25-Nov-25,53,,,,
"$18,287.6",$83.3,66,,"AFN 5,500",پرداخت فیس مکتب طله به مکتب صوفیا,26-Nov-25,54,,,,
"$18,299.0",$11.4,66,,AFN 750,خریداری گوشت سرخی به دفتر,26-Nov-25,55,,,,
"$18,450.5",$151.5,66,,"AFN 10,000",برداشت حاجی صبغت الله از دفتر,27-Nov-25,56,,,,
"$18,521.3",$70.8,66,,"AFN 4,670",پرداخت برای خریداری شیر تازه به خانه,27-Nov-25,57,,,,
"$19,142.5",$621.2,66,,"AFN 41,000",پرداخت برای تصفیه مکمل حساب احمد بابت زمین گل باغ بدست عبدالباقی ولد امام به گفته حاجی احمد,27-Nov-25,58,,,,
"$19,242.5",$100.0,66.2,$100.00,,برشت حاجی عاشق الله از دفتر,28-Nov-25,59,,,,
"$19,243.4",$0.9,66,,AFN 60,خریداری گاز به دفتر,30-Nov-25,60,,,,
"$19,546.4",$303.0,66,,"AFN 20,000",پرداخت برای خیاطی لباس بابت خرید و تهیه لباس به خانه,30-Nov-25,61,,,,
"$29,546.4","$10,000.0",66,"$10,000.00",AFN 0,پرداخت برای احمد پوپل نعمتی از پول احمد نبی نعمتی,30-Nov-25,62,,,,
"$29,758.6",$212.1,66,,"AFN 14,000",پرداخت معاش مطیع الله ولد محمد یونس بابت ماه عقرب سال 2025,30-Nov-25,63,,,,
"$29,814.1",$55.6,63,,"AFN 3,500",خریداری مین سوچ 160 - 200 A اصل و کرایه حمل تعمیر للندر 2,2-Dec-25,64,,,,
"$29,820.5",$6.3,63,,AFN 400,پرداخت مزد دو روزه زکریا نلدوان بابت خانه کارته سه و للندر 2,3-Dec-25,65,,,,
"$29,828.2",$7.7,63,,AFN 486,پرداخت برای خبازی عبدلمطلب بغلانی بابت خریداری نان خشک به تعمیر للندر 2,3-Dec-25,66,,,,
"$29,836.7",$8.6,66.12,,AFN 567,پرداخت برای خبازی عبدالمطب بغلانی به للندر 1,3-Dec-25,67,,,,
"$29,846.3",$9.5,66.12,,AFN 630,پرداخت برای خبازی عبدالمطب بغلانی به للندر 3,3-Dec-25,68,,,,
"$29,876.8",$30.6,66.12,,"AFN 2,020","وال کاک زیر کمود,مسلم شاور,نیچه بایلر و غیره به L3",3-Dec-25,69,,,,
"$29,998.0",$121.2,66,,"AFN 8,000",پرداخت برای گل احمد ار طرف دفتر,4-Dec-25,70,,,,
"$30,149.6",$151.5,66,,"AFN 10,000",پراخت فعلی برای ذکریا نلدوان بابت تعمیر للندر 3,4-Dec-25,71,,,,
"$30,158.8",$9.2,65,,AFN 600,خریداری گاز بابت دفتر ,14-Dec-25,72,,,,
"$30,166.3",$7.5,64,,AFN 480,خریداری چای به دفتر,15-Dec-25,73,,,,
"$30,187.4",$21.1,64,,"AFN 1,350","خریداری خامه, سینه مرغ و مسکه به دفتر",15-Dec-25,74,,,,
"$30,414.0",$226.6,66.2,,"AFN 15,000",پرداخت حاجی صبغت الله به خاطری خریداری برده به خانه,15-Dec-25,75,,,,
"$30,420.9",$6.9,65,,AFN 450,خریداری از فروشگاه مهب زاده به دفتر,15-Dec-25,76,,,,
"$30,571.9",$151.1,66.2,,"AFN 10,000",پرداخت حاجی صاحب کلان از دفتر ,15-Dec-25,77,,,,
"$30,722.8",$150.8,66.3,,"AFN 10,000",پرداخت برای سفر برقی  مربوط تعمیر گذرگاه للندر 3,18-Dec-25,78,,,,
"$30,724.0",$1.2,66.38,,AFN 80,خریداری پل برمه 10 ملی بابت دفتر,24-Dec-25,79,یکیش موجود است,,,
"$30,734.5",$10.5,66.38,,AFN 700,خریداری سینه مرغ بابت دفتر ,24-Dec-25,80,,,,
"$30,735.7",$1.2,66.38,,AFN 80,خریداری پل برمه 10 میلی بابت دفتر,24-Dec-25,81,,,,
"$30,740.3",$4.5,66.38,,AFN 300,خریداری کچالو بابت دفتر,24-Dec-25,82,,,,
"$30,742.2",$2.0,66.38,,AFN 130,خریداری کشمش پلوی بابت دفتر,24-Dec-25,83,,,,
"$30,744.3",$2.1,66,,AFN 140,خریداری پیاز و نمک بابت دفتر,24-Dec-25,84,,,,
"$30,755.6",$11.3,66.38,,AFN 750,خریداری سه ساکته بابت دفتر,24-Dec-25,85,,,,
"$30,761.7",$6.0,66.38,,AFN 400,خریداری جوس مالته بابت دفتر,24-Dec-25,86,,,,
"$30,762.4",$0.8,66,,AFN 50,خریداری نمک بابت دفتر,25-Dec-25,87,,,,
"$30,776.7",$14.2,66,,AFN 940,"خریداری سیر, زنجفیل, رومی بابت دفتر",25-Dec-25,88,,,,
"$30,792.1",$15.5,66,,"AFN 1,020",خریداری گاز بابت دفتر,25-Dec-25,89,,,,
"$30,798.9",$6.8,66,,AFN 450,خریداری یک بسته دستمال کاغذی بابت دفتر,25-Dec-25,90,,,,
"$30,802.6",$3.6,66,,AFN 240,خریداری پلاستک سیاه بابت دفتر,25-Dec-25,91,,,,
"$30,804.8",$2.3,66,,AFN 150,خریداری جبلک بابت دفتر,25-Dec-25,92,,,,
"$30,817.0",$12.1,66,,AFN 800,"خریداری باطله دانی, جالی و پاس پاس بابت دفتر",25-Dec-25,93,,,,
"$30,873.2",$56.2,66,,"AFN 3,710","خریداری ترموز, گیلاس, قندانی بابت دفتر",25-Dec-25,94,,,,
"$30,880.6",$7.4,66,,AFN 490,"خریداری اسپره, جوراب, کراچی کرایی بابت دفتر",25-Dec-25,95,,,,
"$30,884.8",$4.2,66,,AFN 280,"خریداری 2 کیلو رومی, زنجفیل, سیر, نعنا و ماست بابت دفتر",25-Dec-25,96,,,,
"$30,888.6",$3.8,66.06,,AFN 250,خریداری آرپیک کلان و پودر گل رنک برای شستن ظروف به دفتر,27-Dec-25,97,,,,
"$31,408.6",$520.0,66.06,,"AFN 34,350","خریداری لوازم دفتر ار قبیل کرایی, سطل ,کاسه, تشت, کفگیر, کارد, ترشک,دیگ,طعام بخش, مکسر و چاینک بابت دفتر ",27-Dec-25,98,,,,
"$31,423.6",$15.0,66.06,,AFN 990,خریداری کردیت به دفتر,27-Dec-25,99,,,,
"$31,426.3",$2.7,66.06,,AFN 180,خریداری نیم سیر بوره به دفتر,27-Dec-25,100,,,,
"$31,429.9",$3.6,66.06,,AFN 240,خریداری قلم ریزی به دفتر,27-Dec-25,101,,,,
"$31,438.3",$8.3,66.06,,AFN 550,خریداری چاکلیت آیدین دار و هیل به دفتر,27-Dec-25,102,,,,
"$31,439.8",$1.5,66.06,,AFN 100,خریداری زنجفیل به دفتر,27-Dec-25,103,,,,
"$31,725.9",$286.1,66.05,,"AFN 18,900","خریداری دیگ کلان المونیم , دیگ کلان متوسط صاف , چسکش چوبی , مثاله سوپ , شیر صاف , شیر صافی چوبی , ساطول وغیره به دفتر",27-Dec-25,104,,,,
"$31,737.0",$11.1,66.06,,AFN 730,خریداری آش به دفتر,27-Dec-25,105,,,,
"$31,744.6",$7.6,66.06,,AFN 500,خریداری گاز مایه به دفتر,27-Dec-25,106,,,,
"$31,767.2",$22.7,66.1,,"AFN 1,500",پرداخت برای نوید الله ولد عصمت الله  بابت هفته سوم دسمبر 2025,27-Dec-25,107,,,,
"$31,789.9",$22.7,66.1,,"AFN 1,500",پرداخت برای انیل ولد عصمت الله بابت هفته سوم دسمبر 2025,27-Dec-25,108,,,,
"$31,793.3",$3.3,66.06,,AFN 220,"خریداری دلمه, نوش پیاز, زردک, کرم, رومی به دفتر",27-Dec-25,109,,,,
"$31,794.8",$1.5,66.06,,AFN 100,خریداری گاز مایه به دفتر,27-Dec-25,110,,,,
"$31,799.3",$4.5,66.06,,AFN 300,"خریداری مبلایل, کتابچه, جارو به دفتر",27-Dec-25,111,,,,
"$31,802.4",$3.0,66.06,,AFN 200,خریداری مایح ظرف شویی به دفتر,27-Dec-25,112,,,,
"$31,809.9",$7.6,66.06,,AFN 500,خریداری گاز برای ایزوگام کاری تشناب به دفتر,27-Dec-25,113,,,,
"$31,815.5",$5.6,66.06,,AFN 370,خریداری 2 کیلو بوره به دفتر,27-Dec-25,114,,,,
"$31,816.4",$0.9,66.2,,AFN 60, خریداری تکه صافی قالین  بابت دفتر ,28-Dec-25,115,,,,
"$31,818.7",$2.3,66.2,,AFN 150,پردخت برای جمعه آوری کثافات بابت دفتر ,28-Dec-25,116,,,,
"$31,825.4",$6.7,66.2,,AFN 445,"خریداری لوبیا, رومی, زنجفیل, سیر بابت دفتر ",28-Dec-25,117,,,,
"$31,828.4",$3.0,66.2,,AFN 200,خریداری گاز بابت دفتر ,28-Dec-25,118,,,,
"$31,829.9",$1.5,66.2,,AFN 100,خریداری جوس بابت دفتر ,28-Dec-25,119,,,,
"$31,839.8",$9.8,66.2,,AFN 650,خریداری باطله دانی و کرای رفت و آمد بابت دفتر ,28-Dec-25,120,,,,
"$31,847.5",$7.7,65,,AFN 500,خریداری گاز  به دفتر,28-Dec-25,121,,,,
"$31,850.0",$2.6,66.2,,AFN 170,خریداری مایح ظرف شویی و سیخ ظروف بابت دفتر ,28-Dec-25,122,bill not found,,,
"$31,850.8",$0.8,66.2,,AFN 50,خریداری ماست بابت دفتر ,28-Dec-25,123,,,,
"$31,851.6",$0.8,65,,AFN 50,خریداری ماست بابت دفتر ,29-Dec-25,124,,,,
"$31,854.6",$3.1,65,,AFN 200,خریداری گاز به دفتر,29-Dec-25,125,,,,
"$31,862.0",$7.4,65,,AFN 480,"خریداری بادنجان سیاه , رومی , چکه به دفتر",29-Dec-25,126,,,,
"$31,924.2",$62.2,65.96,,"AFN 4,100",خریداری ظرف دانی طلایی و کیک دانی به دفتر,30-Dec-25,127,,,,
"$32,523.3",$599.1,65.96,,"AFN 39,518",پرداخت تعرفه جایدادی دولتی 33 متر باغ قاضی بابت ماه جدی 1404 مربوط دفتر,30-Dec-25,128,,,,
"$32,533.9",$10.6,65.96,,AFN 700,خریداری چای سبز و صافی کتان به دفتر,30-Dec-25,129,,,,
"$32,538.0",$4.1,65.96,,AFN 270,خریداری سگرت دانی به دفتر,30-Dec-25,130,,,,
"$32,544.4",$6.4,65.96,,AFN 420,"خریداری الکول پت ،کاسه، مایع ظرف شوی و چبلق به دفتر",30-Dec-25,131,,,,
"$32,559.5",$15.2,65.97,,"AFN 1,000",خریداری تیل برای موتر لکسس به دفتر,31-Dec-25,132,,,,
"$32,561.0",$1.5,65.97,,AFN 100,خریداری کریدت موبایل به دفتر,31-Dec-25,133,,,,
"$32,583.7",$22.7,66.2,,"AFN 1,500",پرداخت برای بشیر کرن کار بابت انتقال جنراتور از خانه گل احمد به گدام کارته,1-Jan-26,134,,,,
"$32,606.4",$22.7,66,,"AFN 1,500",خریداری پطرول برای موتری فرونر به دفتر,1-Jan-26,135,,,,
"$32,624.6",$18.2,66,,"AFN 1,200",خریداری پرزه به جنراتور گدام کارته سه به دفتر,1-Jan-26,136,,,,
"$32,627.8",$3.2,66,,AFN 210,خریداری گاز بابت دفتر ,1-Jan-26,137,,,,
"$32,631.0",$3.2,66,,AFN 210,خریداری گاز بابت دفتر ,1-Jan-26,138,,,,
"$32,637.0",$6.1,66,,AFN 400,خریداری گاز بابت دفتر ,1-Jan-26,139,,,,
"$32,637.6",$0.6,66,,AFN 40,خریداری تخم مرغ بابت دفتر ,1-Jan-26,140,,,,
"$32,644.5",$6.8,66,,AFN 450,خریداری گوشت گوساله بابت دفتر ,1-Jan-26,141,,,,
"$32,647.6",$3.2,66,,AFN 210,خریداری گاز بابت دفتر ,1-Jan-26,142,,,,
"$32,653.8",$6.2,66,,AFN 410,خریداری برنج و روغن بابت دفتر ,1-Jan-26,143,,,,
"$32,669.8",$15.9,66,,"AFN 1,050","خریداری گوشت گوسفند, زردک, شلغم, روغن, گاز, کیک بابت دفتر",1-Jan-26,144,,,,
"$32,672.9",$3.2,66,,AFN 210,"خریداری کیک , قیماق, تخم مرغ بابت دفتر ",1-Jan-26,145,,,,
"$32,675.5",$2.6,66,,AFN 170,خریداری چوچه وال 1 دانه به دفتر,1-Jan-26,146,,,,
"$32,684.6",$9.1,66,,AFN 600,خریداری گاز بابت دفتر ,3-Jan-26,147,,,,
"$32,707.3",$22.7,66,,"AFN 1,500",پرداخت برای نوید الله ولد عصمت الله بابت هفته اول جنوری 2026,3-Jan-26,148,,,,
"$32,730.1",$22.7,66,,"AFN 1,500",پرداخت برای انیل ولد عصمت الله بابت هفته اول جنوری 2026 ,3-Jan-26,149,,,,
"$32,745.2",$15.2,66,,"AFN 1,000",خریداری گوشت گوساله بابت دفتر ,3-Jan-26,150,,,,
"$32,751.3",$6.1,66,,AFN 400,"خریداری رومی, گشنیز, پیاز, زنجفیل و مرچ بابت دفتر ",3-Jan-26,151,,,,
"$32,752.0",$0.8,66,,AFN 50,خریداری کچالو و شلغم به دفتر,3-Jan-26,152,,,,
"$32,768.4",$16.4,66,,"AFN 1,080",خریداری سینه مرغ  به دفتر,3-Jan-26,153,,,,
"$32,844.8",$76.4,66,,"AFN 5,040",خریداری شیر به دفتر,4-Jan-26,154,,,,
"$33,290.0",$445.3,66,,"AFN 29,389","پرداخت بل برق دفتر کارته سه , واحد نمبر 3 کارته سه, واحد نمبر 4 کارته سه, واحد نمبر 7 کاته سه,واحد نمبر 23 کارته سه و واحد 22 کارته سه بابت ماه قوس 1404",4-Jan-26,155,,,,
"$33,307.9",$17.9,66,,"AFN 1,180",خریداری پیتزا بابت دفتر ,4-Jan-26,156,,,,
"$33,316.7",$8.8,66,,AFN 580,"خریداری ساکت چنایی, پلک ترکی سویچ, گروپ و ولدر  به دفتر",4-Jan-26,157,,,,
"$33,363.5",$46.8,66,,"AFN 3,089",خریداری پیتزا بابت دفتر ,4-Jan-26,158,,,,
"$33,365.3",$1.8,66,,AFN 120,"خریداری رومی, گشنیز, مرچ و تخم بابت دفتر ",5-Jan-26,159,,,,
"$33,368.9",$3.5,65,,AFN 230,"خریداری رومی , زردک, پیاز و کلچه بابت دفتر",5-Jan-26,160,,,,
"$33,505.2",$136.4,66,,"AFN 9,000",پرداخت و تصفیه حساب ذکریا نلدوان بابت ترمیم کاری خانه گزرگاه,5-Jan-26,161,,,,
"$33,516.6",$11.4,66,,AFN 750,خریداری گوشت گوسفند بابت دفتر ,5-Jan-26,162,,,,
"$33,517.8",$1.2,65,,AFN 80,خریداری تیز بابت گدام کارته سه به دفتر,5-Jan-26,163,,,,
"$33,537.8",$20.0,65,,"AFN 1,300",خریداری قفل به دروازه آشپز خانه و تشناب بابت دفتر,5-Jan-26,164,,,,
"$33,541.2",$3.3,66,,AFN 220,خریداری پیاز و رومی بابت دفتر ,5-Jan-26,165,,,,
"$33,580.7",$39.5,65,,"AFN 2,570","مصارف رحیم از قبیل کرای راه رفت و آمد به باغ قاضی, نان چاشت و خریداری نمک و دستمال  کاغذی بابت دفتر",5-Jan-26,166,,,,
"$33,589.2",$8.5,65,,AFN 550,خریداری پرزه جات جنراتور گدام کارته سه به دفتر,5-Jan-26,167,,,,
"$33,590.4",$1.2,65,,AFN 80,خریداری صافی بابت دفتر,5-Jan-26,168,,,,
"$33,593.0",$2.6,65,,AFN 170,خریداری دال سفید بابت دفتر,5-Jan-26,169,,,,
"$33,597.6",$4.5,66,,AFN 300,خریداری برنج به دفتر,5-Jan-26,170,,,,
"$33,609.1",$11.5,65,,AFN 750,خریداری نیم کیلو گوشت بابت دفتر,5-Jan-26,171,,,,
"$33,612.3",$3.2,65,,AFN 210,خریداری گاز بابت دفتر 200 افغانی رسید 10 افغانی باقی,5-Jan-26,172,,,,
"$33,615.2",$2.9,66.2,,AFN 190,"خریداری نوش پیاز , گشنیز , نمک و مرچ به دفتر",6-Jan-26,173,,,,
"$33,649.2",$34.0,66.2,,"AFN 2,250",خریداری عذا از رستورانت به مهمانان دفتر و خریداری غذا به بی بی حاجی همسایه  للندر 5 تمامش مربوط دفتر,6-Jan-26,174,,,,
"$33,686.4",$37.2,66.1,,"AFN 2,460","خریداری گوشت مرغ , رومی,ماست,سیر,مرچ,زنجفیل, گاز و مصاله به دفتر",6-Jan-26,175,,,,
"$33,697.0",$10.6,66,,AFN 700,"خریداری نوشابه به مهمان های دفتر , گاز و تخم مرغ به دفتر",6-Jan-26,176,,,,
"$33,727.2",$30.2,66.2,,"AFN 2,000",پرداخت برای قاری ماهر بابت کرای موتر  بخششی بخاطری موضوی پسر بی بی حاجی ,6-Jan-26,177,,,,
"$33,732.5",$5.3,64,,AFN 340,"خریداری کرم, دولمه, زردک و گشنیز بابت دفتر",6-Jan-26,178,,,,
"$33,733.1",$0.6,66,,AFN 40,خریداری بالتی قلمی بابت دفتر,6-Jan-26,179,,,,
"$33,734.4",$1.3,64,,AFN 80,خریداری میخک بابت دفتر,6-Jan-26,180,,,,
"$33,740.6",$6.3,64,,AFN 400,خریداری دال و ماش بابت دفتر,6-Jan-26,181,,,,
"$33,758.8",$18.2,66,,"AFN 1,200",خریداری گاز  کیت 4 سلند به جنراتور گدام کارته سه,7-Jan-26,182,,,,
"$33,766.8",$7.9,63,,AFN 500,خریداری زنگ دروازه بابت دفتر,7-Jan-26,183,,,,
"$33,767.5",$0.8,63,,AFN 50,"خریداری زردچوبه , رنگ دیگ بابت دفتر",7-Jan-26,184,,,,
"$33,775.4",$7.8,64,,AFN 500,خریداری مکرونی بابت دفتر,7-Jan-26,185,,,,
"$33,864.4",$89.1,64,,"AFN 5,700","خریداری روغن , لوبیا, برنج و چاکلیت بابت دفتر",7-Jan-26,186,,,,
"$33,873.8",$9.4,64,,AFN 600,"انتقال کراچی به باغ قاضی, نان چاشت و کرای راه رحیم بابت دفتر ",7-Jan-26,187,,,,
"$33,874.6",$0.8,66,,AFN 50,خریداری کارت مبایل به عبدالرحیم,7-Jan-26,188,,,,
"$33,906.5",$31.9,66.1,,"AFN 2,110","خریداری گاز , خلال زردک, کشمش, بادرنگ, کاهو,گشنیز, نوش پیاز و رومی به دفتر",7-Jan-26,189,,,,
"$33,907.2",$0.8,66,,AFN 50,خریداری کارت مبایل به مطیع الله سهاک,7-Jan-26,190,,,,
"$33,919.6",$12.4,63,,AFN 780,"خریداری پیاز, رومی, کجالو و مرچ بابت دفتر",7-Jan-26,191,,,,
"$33,927.6",$7.9,63,,AFN 500,خریداری کیک و کلچه بابت دفتر,7-Jan-26,192,,,,
"$33,957.9",$30.3,66,,"AFN 2,000",خریداری پرزه جات به جنراتور گدام کارته سه به دفتر,7-Jan-26,193,,,,
"$33,958.6",$0.8,64,,AFN 50,خریداری تخم مرغ بابت دفتر ,8-Jan-26,194,,,,
"$33,960.2",$1.6,64,,AFN 100,خریداری جوس بابت مهمانانی دفتر ,8-Jan-26,195,,,,
"$33,972.7",$12.5,64,,AFN 800,خریداری پرزه جنراتور گدام کارته سه,8-Jan-26,196,,,,
"$33,997.7",$25.0,64,,"AFN 1,600",خریداری مبلایل بابت جنراتور گدام کارته سه,8-Jan-26,197,,,,
"$34,007.1",$9.4,64,,AFN 600,خریداری جوس بابت مهمانانی دفتر ,8-Jan-26,198,,,,
"$34,010.0",$2.9,66,,AFN 190,"خریداری مصاله بریانی ,سیر و رومی بابت دفتر",8-Jan-26,199,,,,
"$34,049.3",$39.4,66,,"AFN 2,600",پرداخت برای مبلایل تبدیلی جنراتور تعمیرللندر 1 کارته سه ,9-Jan-26,200,,,,
"$34,052.5",$3.2,66,,AFN 210,خریداری گاز بابت دفتر,11-Jan-26,200,,,,
"$34,061.6",$9.1,66,,AFN 600,خریداری گاز بابت دفتر,11-Jan-26,201,,,,
"$34,067.1",$5.5,66,,AFN 360,"خریداری زنجفیل , شلغم, ترکاری, ملی سفید, کاهو و نارنج به دفتر",11-Jan-26,202,,,,
"$34,082.2",$15.2,66,,"AFN 1,000",خریداری گوشت بابت دفتر,11-Jan-26,203,,,,
"$34,105.0",$22.7,66,,"AFN 1,500",خریداری گاز بابت دفتر,11-Jan-26,204,,,,
"$34,105.3",$0.4,66,,AFN 25,خریداری رومی بابت دفتر,11-Jan-26,205,,,,
"$34,107.1",$1.8,66,,AFN 120,خریداری گشنیز و چکه به دفتر,11-Jan-26,206,,,,
"$34,116.2",$9.1,66,,AFN 600,خریداری گاز بابت دفتر,11-Jan-26,207,,,,
"$34,117.0",$0.8,66,,AFN 50,خریداری رومی بابت دفتر,12-Jan-26,208,,,,
"$34,171.5",$54.5,66,,"AFN 3,600",خریداری ماهی بابت مهمان های دفتر,12-Jan-26,209,,,,
"$34,178.1",$6.5,66,,AFN 430,خریداری گاز و کلفت بابت دفتر,12-Jan-26,210,,,,
"$34,184.9",$6.8,66,,AFN 450,خریداری بریانی بابت دفتر,12-Jan-26,211,,,,
"$34,185.9",$1.1,66,,AFN 70,خریداری تخم مرغ بابت دفتر ,12-Jan-26,212,,,,
"$34,285.9",$100.0,66,$100.00,,پراداخت برای تداوی دندان سمیر  للندر,12-Jan-26,213,,,,
"$34,286.8",$0.9,66,,AFN 60,خریداری شلغم بابت دفتر,12-Jan-26,214,,,,
"$34,408.2",$121.4,66,,"AFN 8,010","خریداری قابلی به سمیر و عرش الله , پاچه به دفتر, نوشابه, گلوکوز به حاجی بابه و کلچه و خریداری گوشت گوساله , گوشت مرغ , ترکاری , کشمش و میوه تازه به مهمانی  به دفتر",12-Jan-26,215,,,,
"$34,543.0",$134.8,66.18,,"AFN 8,920","خریداری شیر خشک, پمپرس, برس دندان و غیره مواد بهداشتی به خانه",12-Jan-26,216,,,,
"$34,565.7",$22.7,66.18,,"AFN 1,500",پرداخت برای انیل ولد عصمت الله بابت هفته دوم جنوری 2026 ,12-Jan-26,217,,,,
"$34,588.3",$22.7,66.18,,"AFN 1,500",پرداخت برای نوید الله  ولد عصمت الله بابت هفته دوم جنوری 2026 ,12-Jan-26,218,,,,
"$34,595.6",$7.3,66.19,,AFN 480,"خریداری پاچه,پیپ های زانو خم و کرایی موتر به دفتر",13-Jan-26,219,,,,
"$34,605.8",$10.3,66.22,,AFN 680,خریداری سینه مرغ به دفتر,14-Jan-26,220,,,,
"$34,608.9",$3.0,66.22,,AFN 200,خریداری جوس به مهمانان دفتر,15-Jan-26,221,,,,
"$34,609.8",$0.9,66.22,,AFN 60,خریداری تخم مرغ به دفتر,15-Jan-26,222,,,,
"$34,614.9",$5.1,66.22,,AFN 340,خریداری سینه مرغ به دفتر,15-Jan-26,223,,,,
"$34,615.8",$0.9,66.22,,AFN 60,خریداری دبل روتی به دفتر,15-Jan-26,224,,,,
"$34,617.3",$1.5,66.22,,AFN 100,خریداری گاز به دفتر,15-Jan-26,225,,,,
"$34,640.0",$22.7,66.22,,"AFN 1,500",پرداخت برای انیل ولد عصمت الله بابت هفته سوم جنوری 2026 ,15-Jan-26,226,,,,
"$34,662.6",$22.7,66.22,,"AFN 1,500",پرداخت برای نوید الله ولد عصمت الله بابت هفته سوم جنوری 2026 ,15-Jan-26,227,,,,
"$34,719.7",$57.1,66.22,,"AFN 3,780",خریداری گاز به دفتر,17-Jan-26,228,,,,
"$34,742.1",$22.4,66.22,,"AFN 1,485",خریداری چای و هیل به دفتر,17-Jan-26,229,,,,
"$34,755.3",$13.1,66.22,,AFN 870,خریداری پلی و گر بابت دفتر,17-Jan-26,230,,,,
"$34,763.7",$8.5,66.22,,AFN 560,خریداری شیشه پاکن و خوشبویی اطاق به دفتر,17-Jan-26,231,,,,
"$34,801.5",$37.8,66.22,,"AFN 2,500",پرداخت برای انترنیت دفتر پکیج یک ماه,17-Jan-26,232,,,,
"$34,869.9",$68.4,66.22,,"AFN 4,530","خریداری نمک دانی ,کاسه, قاشق, ترموز و سگرت دانی به دفتر",17-Jan-26,233,,,,
"$34,898.7",$28.8,66.22,,"AFN 1,910","مصارفات بیرونی عبدلرحیم از قبیل کرای موتر,نان چاشت به صدور مجوز",17-Jan-26,234,,,,
"$34,904.8",$6.0,66.22,,AFN 400,خریداری میخک و زنجفیل بابت دفتر,17-Jan-26,235,,,,
"$34,952.2",$47.4,66.22,,"AFN 3,140",مصارف بیرونی عبدرالرحیم از قبیل کرایه رفتن به کوته سنگی- شهر نو-دفتر و کارته سه همراه با نان چاشت از تاریخ 15 جنوری الی 27 جنوری,17-Jan-26,236,,,,
"$34,952.9",$0.8,66.22,,AFN 50,خریداری چکه به دفتر,17-Jan-26,237,,,,
"$35,252.9",$300.0,66.5,$300.00,,پرداخت فیس مرکز گرمی آپارتمان های تعمیر للندر 1 از مجموع 109500 افغانی به هدایت حاجی صبغت الله بابت سال 1404,17-Jan-26,,,,,
"$35,254.5",$1.5,66.29,,AFN 100,خریداری کباب به مهمان های دفتر,21-Jan-26,238,,,,
"$35,262.0",$7.5,66.29,,AFN 500,خریداری جوس به مهمانان دفتر,21-Jan-26,239,,,,
"$35,265.6",$3.6,66.29,,AFN 240,خریداری گاز به دفتر,21-Jan-26,240,,,,
"$35,268.9",$3.3,66.29,,AFN 220,خریداری پلاستیک به دفتر,21-Jan-26,241,,,,
"$35,279.5",$10.6,66.29,,AFN 700,خریداری جوس و برگر به مهمانان دفتر,21-Jan-26,242,,,,
"$35,282.8",$3.3,66.29,,AFN 220,خریداری پلاستیک به دفتر,21-Jan-26,243,,,,
"$35,311.8",$29.0,66.5,,"AFN 1,928",خریداری اسعار دالری مبلغ 29$ به نرخ 66.5 ,22-Jan-26,244,,,,
"$35,460.7",$148.9,66.5,,"AFN 9,900",پرداخت قسط فیس مرکز گرمی آپارتمان های تعمیر للندر1 کارته سه بابت سال 1404,22-Jan-26,245,,,,
"$35,483.3",$22.7,66.22,,"AFN 1,500",پرداخت برای انیل ولد عصمت الله بابت هفته چهارم جنوری به دفتر,24-Jan-26,246,,,,
"$35,506.0",$22.7,66.22,,"AFN 1,500",پرداخت برای نوید الله ولد عصمت الله بابت هفته چهارم به دفتر,24-Jan-26,247,,,,
"$35,516.3",$10.3,66.22,,AFN 680,خریداری سینه مرغ به دفتر,24-Jan-26,248,,,,
"$35,519.3",$3.0,66.22,,AFN 200,"خریداری آش,زردک,نیش پیاز و کرم به دفتر",24-Jan-26,249,,,,
"$35,569.1",$49.8,66.22,,"AFN 3,300",خریدرای گوشت قاق به دفتر,24-Jan-26,250,,,,
"$35,576.7",$7.6,66.22,,AFN 500,خریداری سوپ به دفتر,24-Jan-26,251,,,,
"$35,578.8",$2.1,66.22,,AFN 140,خریداری چیلی ساس به دفتر,25-Jan-26,252,,,,
"$35,579.5",$0.8,66.22,,AFN 50,خریداری پیاز و گشنیز به دفتر,25-Jan-26,253,,,,
"$35,620.3",$40.8,66.22,,"AFN 2,700",خریداری تیل پطرول به موتر انجینیر برای رفتن به گزرگاه,25-Jan-26,254,,,,
"$35,623.3",$3.0,66.22,,AFN 200,خریداری شورمه به مهمان دفتر ,25-Jan-26,255,,,,
"$35,630.9",$7.6,66.22,,AFN 500,خریداری جوس به مهمانان دفتر,25-Jan-26,256,,,,
"$35,638.4",$7.6,66.22,,AFN 500,خریداری سوپ به دفتر,25-Jan-26,257,,,,
"$35,643.3",$4.8,66.22,,AFN 320,خریداری کیک به دفتر,25-Jan-26,258,,,,
"$35,646.4",$3.2,66.22,,AFN 210,خریداری گاز به دفتر,25-Jan-26,259,,,,
"$35,660.5",$14.0,66.22,,AFN 930,خریداری گاز و آب به دفتر,25-Jan-26,260,,,,
"$35,662.9",$2.4,66.22,,AFN 160,خریداری انرژی به دفتر,25-Jan-26,261,,,,
"$35,690.1",$27.2,66.22,,"AFN 1,800",خریداری تیل دیزل برای جنراتور للندر1 به دفتر,25-Jan-26,262,,,,
"$35,717.3",$27.3,66,,"AFN 1,800",خریداری پلیتر به دفتر ,25-Jan-26,263,,,,
"$35,720.5",$3.2,66.22,,AFN 210,"خریداری پالک, گندنه و رومی به دفتر",25-Jan-26,264,,,,
"$35,734.1",$13.6,66.22,,AFN 900,خریداری گوشت و پیاز به دفتر ,25-Jan-26,265,,,,
"$35,764.3",$30.2,66.22,,"AFN 2,000",خریدرای گاز به دفتر,25-Jan-26,266,,,,
"$35,779.0",$14.6,66.22,,AFN 970,"خریدرای هندی چیکن, دال ماش و نان به دفتر",25-Jan-26,267,,,,
"$35,794.4",$15.4,66.17,,"AFN 1,020",خریداری سینه مرغ به دفتر,26-Jan-26,268,,,,
"$35,799.5",$5.1,66.17,,AFN 340,خریداری سینه مرغ به دفتر,26-Jan-26,269,,,,
"$35,801.8",$2.3,66.17,,AFN 150,خریدرای قهوه به دفتر,26-Jan-26,270,,,,
"$35,829.0",$27.2,66.17,,"AFN 1,800",خریدرای پلیتر به دفتر,26-Jan-26,271,,,,
"$35,830.8",$1.8,66.42,,AFN 120,خریدرای نوش پیاز و دلمه به دفتر,26-Jan-26,272,,,,
"$35,834.7",$3.9,66.17,,AFN 260,"خریداری سیر, زنجفیل, قیماق و ماست به دفتر",26-Jan-26,273,,,,
"$35,861.9",$27.2,66.17,,"AFN 1,800",خریداری پلیتر به دفتر ,26-Jan-26,274,,,,
"$35,863.4",$1.5,66.17,,AFN 100,خریدرای چوس به مهمان دفتر,26-Jan-26,275,,,,
"$35,871.6",$8.2,66.17,,AFN 540,خریداری قلف به دفتر,26-Jan-26,276,,,,
"$35,881.9",$10.3,66.17,,AFN 680,"خریدرای پیاز, رومی, تخم و رنگ زرد به دفتر",26-Jan-26,277,,,,
"$35,894.7",$12.8,66.17,,AFN 850,خریداری گاز و  واسلین به دفتر,26-Jan-26,278,,,,
"$35,897.9",$3.2,66.13,,AFN 210,"خریداری مرچ, گشنیز و چکه به دفتر",27-Jan-26,279,,,,
"$35,921.6",$23.7,66.13,,"AFN 1,570",مصارفات بیرونی عبدلرحیم از قبیل کرایه رفت به کوته سنگی- شهر نو- صدور مجاز و کارته سه همراه با نان چاشت از تاریخ 7 جنوری الی 15 جنوری,27-Jan-26,280,,,,
"$35,944.3",$22.7,66.13,,"AFN 1,500",پرداخت برای نویدالله ولد عصمت الله بابت تعمیر کمپیوتر مربوط دفتر,27-Jan-26,281,,,,
"$35,991.7",$47.4,66.22,,"AFN 3,140",مصارف بیرومی عبدرالرحیم از قبیل کرایه رفتن به کوته سنگی - شهر نو- دفتر و کارته سه همراه با نان چاشت از تاریخ 15 جنوری الی 27 جنوری,27-Jan-26,,,,,
"$36,005.4",$13.6,66,,AFN 900,خریداری گوشت گوساله به دفتر,28-Jan-26,282,,,,
"$36,014.5",$9.1,66,,AFN 600,خریداری گاز به دفتر,28-Jan-26,283,,,,
"$36,035.4",$20.9,66,,"AFN 1,380","خریداری گوشت گوساله و کوفته یی همراه با پیاز, رومی و زردک به دفتر ",28-Jan-26,284,,,,
"$36,038.5",$3.2,66,,AFN 210,"خریداری ماست,مایح,لیمو و گشنیز به دفتر",28-Jan-26,285,,,,
"$36,176.3",$137.7,66,,"AFN 9,090","خریداری پمپرس Boss مایع سفید کننده تشناب, شیر خشک دیتامیل به اطفال و کرایه تکسی به دفتر",28-Jan-26,286,,,,
"$36,183.3",$7.0,66,,AFN 465,خریداری گاز به دفتر,29-Jan-26,287,,,,
"$36,326.3",$143.0,65.25,,"AFN 9,333",پرداخت عبدل کریم ولد محمد ضاهر بابت ماه جدی 1404,29-Jan-26,288,,,,
"$36,329.5",$3.2,66,,AFN 210,خریداری گاز به دفتر,29-Jan-26,289,,,,
"$36,332.0",$2.4,66,,AFN 160,خریداری کیک و شیر قوت به دفتر,29-Jan-26,290,,,,
"$36,333.5",$1.5,66,,AFN 100,خریداری قیماق به دفتر,29-Jan-26,291,,,,
"$36,337.1",$3.6,66,,AFN 240,"خریداری مبلاین,تیل و پلک موتور به دفتر",29-Jan-26,293,,,,
"$36,359.8",$22.7,66.22,,"AFN 1,500",پرداخت برای انیل ولد عصمت الله بابت هفته آخر ماه جنوری ,29-Jan-26,294,,,,
"$36,378.9",$19.1,65.4,,"AFN 1,250",پرداخت برای حاچی شریف بابت خریداری پروفیل 40/40  به تعمیر للندر 1 کارته سه,29-Jan-26,295,,,,
"$36,401.5",$22.7,66.22,,"AFN 1,500",پرداخت برای نویدالله ولد عصمت الله بابت هفته آخر ماه جنوری ,29-Jan-26,296,,,,
"$36,404.4",$2.9,66,,AFN 190,"خریداری رومی, سیر,زنجفیل و گشنیز به دفتر",30-Jan-26,297,,,,
"$36,904.4",$500.0,65.4,,"AFN 32,700",پرداخت قسط مرکز گرمی آپارتمان های کارته سه بابت سال 1404,31-Jan-26,298,,,,
"$36,912.1",$7.7,65.25,,AFN 500,پرداخت برای عریضه نویس بابت نوشتن عریضه تعمیر   ,31-Jan-26,299,,,,
"$36,927.9",$15.8,66.5,,"AFN 1,050",خریداری گوشت سینه مرغ به دفتر,31-Jan-26,300,,,,
"$36,935.4",$7.5,66.5,,AFN 500,خریداری عذا از رستورانت به کارمندان دفتر,31-Jan-26,301,,,,
"$36,936.9",$1.5,66.5,,AFN 100,خریداری مرچ تازه و گشنیز به دفتر,31-Jan-26,302,,,,
"$36,959.4",$22.5,66.29,,"AFN 1,490","خریداری روغن, زنجفیل و روغن به دفتر",31-Jan-26,303,,,,
"$36,977.6",$18.2,66.5,,"AFN 1,210","خریداری گوشت کوفته, رومی, زنجفیل, پیاز و سیر و مرچ تازه به دفتر",31-Jan-26,304,,,,
"$36,982.4",$4.8,66.5,,AFN 320,خریداری دستمال کاغذی و شیشه پاکن به دفتر,31-Jan-26,305,,,,
"$36,984.0",$1.7,66.5,,AFN 110,"خریداری مرچ, تخم مرغ و مرچ تازه به دفتر",31-Jan-26,306,,,,
"$36,990.3",$6.3,66.5,,AFN 420,خریداری گاز مایع به بخاری های دفتر ,31-Jan-26,307,,,,
"$37,013.2",$22.8,65.25,,"AFN 1,490","خریداری رول, زنجفیل و روغن به دفتر",31-Jan-26,308,,,,
"$37,013.9",$0.8,65.25,,AFN 50,خریداری ماست به دفتر   ,31-Jan-26,309,,,,
"$37,025.4",$11.5,65.25,,AFN 750,"خریداری لین, سیخ, کولا وال وغیره  پرزه جات به جنراتور گدام کارته سه به دفتر   ",31-Jan-26,310,,,,
"$37,039.2",$13.8,65.25,,AFN 900,خریداری گوشت به دفتر,1-Feb-26,311,,,,
"$37,046.6",$7.4,65.25,,AFN 480,خریداری کیک به مهمانان دفتر,1-Feb-26,312,,,,
"$37,060.2",$13.6,65.25,,AFN 890,"خریداری زردک, روغن, تخم, نوش پیاز و کرم به دفتر   ",1-Feb-26,313,,,,
"$37,062.4",$2.1,65.25,,AFN 140,خریداری چیلی ساس به دفتر,1-Feb-26,314,,,,
"$37,065.7",$3.4,65.25,,AFN 220,خریداری شیر به دفتر,1-Feb-26,315,,,,
"$37,073.2",$7.5,65.25,,AFN 490,خریداری گاز و للیتر به دفتر   ,1-Feb-26,316,,,,
"$37,082.4",$9.2,65.25,,AFN 600,خریداری گاز به دفتر,1-Feb-26,317,,,,
"$37,083.5",$1.1,65.25,,AFN 70,"خریداری دلمه, بادرنگ و مرچ به دفتر ",1-Feb-26,318,,,,
"$37,085.5",$2.0,65.25,,AFN 130,خریداری شلغم و روغن به دفتر,1-Feb-26,319,,,,
"$37,086.4",$0.9,65.25,,AFN 60,خریداری ماست به دفتر   ,1-Feb-26,320,,,,
"$37,097.3",$10.9,65.25,,AFN 710,"مصارف بیرونی رحیم از قبیل کرای راه رفت و آمد به کوته سنگی, ناحیه چهار, صدور مجوز و شهرنو نان چاشت از تاریخ 31 جنوری 2025 الی فیبروری 2026 ",1-Feb-26,321,,,,
"$57,097.3","$20,000.0",65.39,"$20,000.00",AFN 0,پرداخت قسط چهارم خرید یک دربند حویلی واقع پل سرخ برای محمد فیاض ولد عبدالصمد ,1-Feb-26,322,,,,
"$57,112.6",$15.3,65.39,,"AFN 1,000",خریداری گوشت به دفتر ,2-Feb-26,323,,,,
"$57,113.1",$0.5,65.39,,AFN 30,خریداری پیاز به دفتر     ,2-Feb-26,324,,,,
"$57,114.6",$1.5,65.39,,AFN 100,پرداخت برای فوتوکاپی قباله توسط مطیح الله و خریداری ماست به دفتر ,2-Feb-26,325,,,,
"$57,116.1",$1.5,65.39,,AFN 100,خریداری رومی به دفتر,2-Feb-26,326,,,,
"$57,162.0",$45.9,65.39,,"AFN 3,000",خریداری تیل پطرول به دفتر,2-Feb-26,327,,,,
"$57,178.1",$16.1,65.39,,"AFN 1,050",خریداری گوشت مرغ به دفتر     ,2-Feb-26,328,,,,
"$57,182.6",$4.5,65.39,,AFN 295,"خریداری رومی, گشنیز, مرچ , زنجفیل و سیر به دفتر  ",2-Feb-26,329,,,,
"$58,818.9","$1,636.3",65.39,,"AFN 107,000",خریداری گوساله به خیرات عمه بی بی توسط حاجی احسان الله همراه با کرایه و اجرت قصاب,2-Feb-26,330,,,,
"$58,875.9",$57.0,65.39,,"AFN 3,730",پرداخت عرش الله بخاطر میوه به خانه,2-Feb-26,331,,,,
"$58,937.1",$61.2,65.39,,"AFN 4,000",پرداخت رشوه برای سهلوان کارمند ریاست تذکره الکترونیکی بابت مقروضیت های بل برق دوره جمهوریت تعمیر چهلستون,3-Feb-26,332,,,,
"$58,949.8",$12.7,65.39,,AFN 830,خریداری گاز مایع به بخاری و آشپزخانه دفتر  ,3-Feb-26,333,,,,
"$58,952.3",$2.4,65.4,,AFN 160,"پرداخت برای چاپ 16 قطعه عکس های حاجی جاوید الله, حاجی صدیق الله , حاجی صبغت الله و حاجی رفیع الله ",3-Feb-26,334,,,,
"$58,953.6",$1.4,64.7,,AFN 90,خریداری ماست و نعنا به دفتر,4-Feb-26,335,,,,
"$58,956.0",$2.3,64.7,,AFN 150,خریداری گلپی به دفتر,4-Feb-26,336,,,,
"$58,988.1",$32.1,64.7,,"AFN 2,080","خریداری دستمال کاغذی, کاغذ تشناب, مایع ظرف شوی , مکی رول, صافی و غیره به دفتر",4-Feb-26,337,,,,
"$58,991.5",$3.4,64.7,,AFN 220,"خریداری کریم دندان, خلال دندان و دستمال کاغذی به دفتر",4-Feb-26,338,,,,
"$59,007.0",$15.5,64.7,,"AFN 1,000",خریداری کارت مبایل توسط مطیع الله به هدایت حاجی دفیع ,4-Feb-26,339,,,,
"$59,011.3",$4.3,64.7,,AFN 280,خریداری گاز و آب به دفتر,4-Feb-26,340,,,,
"$59,027.1",$15.8,64.7,,"AFN 1,020",خریداری سینه مرغ به دفتر,4-Feb-26,341,,,,
"$59,029.2",$2.2,64.7,,AFN 140,خریداری چیلی ساس به دفتر,4-Feb-26,342,,,,
"$59,031.1",$1.9,64.7,,AFN 120,خریداری تخم مرغ به دفتر,4-Feb-26,343,,,,
"$59,035.1",$4.0,64.7,,AFN 260,خریداری قهوه به دفتر,4-Feb-26,344,,,,
"$59,037.4",$2.3,64.7,,AFN 150,پرداخت برای جمع آوری کثافت دفتر بابت ماه دلو 1404,4-Feb-26,345,,,,
"$59,041.1",$3.7,64.7,,AFN 240,خریداری گاز به دفتر,4-Feb-26,346,,,,
"$59,048.3",$7.2,64.7,,AFN 465,"خریداری آش , زردک, مرچ دلمه, کرم و نوش پیاز به دفتر",4-Feb-26,347,,,,
"$59,052.3",$3.9,64.7,,AFN 255,"خریداری نخود , رومی و مرچ به دفتر",4-Feb-26,348,,,,
"$59,063.1",$10.8,64.7,,AFN 700,خریداری گوشت مرغ به دفتر     ,4-Feb-26,349,,,,
"$59,090.7",$27.7,64.7,,"AFN 1,790",خریداری گاز و کرایی کراچی به دفتر,4-Feb-26,350,,,,
"$59,092.3",$1.5,64.7,,AFN 100,خریداری لابرتیب به دفتر,4-Feb-26,351,,,,
"$59,097.7",$5.4,64.7,,AFN 350,خریداری یک سیر بوره به دفتر,4-Feb-26,352,,,,
"$59,105.4",$7.7,64.7,,AFN 500,خریداری یک درجن سنگی  گیلاس به دفتر,4-Feb-26,353,,,,
"$59,114.1",$8.7,64.7,,AFN 560,خریداری سرفرشی و چبلک به دفتر,4-Feb-26,354,,,,
"$59,117.9",$3.9,64.7,,AFN 250,خریداری تشت لباس شویی به دفتر,4-Feb-26,355,,,,
"$59,124.1",$6.2,64.7,,AFN 400,خریداری چای سبز به دفتر,4-Feb-26,356,,,,
"$59,142.1",$17.9,64.7,,"AFN 1,160",خریداری پلی  و گر همراه با کرایی راه و کارت موبایل به دفتر,4-Feb-26,357,,,,
"$59,147.9",$5.9,64.7,,AFN 380,خریداری گوشت مرغ به دفتر     ,4-Feb-26,358,,,,
"$59,159.5",$11.6,64.7,,AFN 750,"خریداری روغن , رومی و مرچ به دفتر ",4-Feb-26,359,,,,
"$59,160.8",$1.3,64.7,,AFN 85,خریداری سیر و زنجفیل به دفتر,4-Feb-26,360,,,,
"$59,771.6",$610.8,64.7,,"AFN 39,520",پرداخت کرایی 33 متر جایداد دولتی باغ قاضی بابت ماه دلو 1404,4-Feb-26,361,,,,
"$59,788.6",$17.0,64.85,,"AFN 1,100",خریداری ترموستات و آب گرمی بایلر به دفتر,5-Feb-26,362,,,,
"$59,797.7",$9.1,64.85,,AFN 590,خریداری پیتزا  لارج به خانه,5-Feb-26,363,,,,
"$59,807.7",$10.0,64.85,,AFN 650,خریداری ماهی بابت حاجی صاحب کلان,5-Feb-26,364,,,,
"$59,884.2",$76.5,65.4,,"AFN 5,000",پرداخت حاجی جاوید الله بخاطری پرداخت برای کاکا اسد آشپز بطور ذکات,5-Feb-26,365,,,,
"$59,885.0",$0.8,64.85,,AFN 50,خریداری تخم مرغ و رومی به دفتر,8-Feb-26,366,,,,
"$59,909.0",$24.1,64.85,,"AFN 1,560",خریداری گاز مایع و زنجفیل به دفتر,8-Feb-26,367,,,,
"$59,940.5",$31.5,64.85,,"AFN 2,040",خریداری سینه مرغ به دفتر,8-Feb-26,368,,,,
"$59,942.2",$1.7,64.85,,AFN 110,خریداری تخم مرغ و مرچ به دفتر,8-Feb-26,369,,,,
"$59,953.7",$11.6,64.85,,AFN 750,خریداری روغن و مایع ظرف شویی به دفتر,8-Feb-26,370,,,,
"$59,964.5",$10.8,64.85,,AFN 700,خریداری قیماق به دفتر,9-Feb-26,371,,,,
"$59,970.7",$6.2,64.85,,AFN 400,خریداری کریم رول به دفتر ,9-Feb-26,372,,,,
"$59,976.9",$6.2,64.85,,AFN 400,خریداری کریم رول به دفتر ,9-Feb-26,373,,,,
"$59,978.1",$1.2,64.85,,AFN 81,خریداری مسکه به دفتر,9-Feb-26,374,,,,
"$59,983.4",$5.2,64.85,,AFN 340,خریداری گاز و ماست به دفتر,9-Feb-26,375,,,,
"$59,984.4",$1.1,64.85,,AFN 70,خریداری مسکه به دفتر,9-Feb-26,,,,,
"$59,989.2",$4.8,64.85,,AFN 310,"خریداری مواد خوراکه از قبیل دال نخود, قیماق و گشنیز به دفتر",9-Feb-26,376,,,,
"$59,994.5",$5.2,64.85,,AFN 340,"خریداری نتفلون, نیچه بایلر, نوار به دفتر",10-Feb-26,377,,,,
"$59,996.9",$2.5,64.85,,AFN 160,"خریداری رومی , پیاز و گشنیز به دفتر",10-Feb-26,378,,,,
"$60,003.9",$6.9,64.85,,AFN 450,"خریداری دلمه, کرم, سویا ساس, رول و مایع به دفتر",10-Feb-26,379,,,,
"$60,014.3",$10.5,64.85,,AFN 680,خریداری سینه مرغ به دفتر,10-Feb-26,380,,,,
"$60,015.7",$1.4,64.85,,AFN 90,خریداری قیماق به دفتر,10-Feb-26,381,,,,
"$60,028.4",$12.6,64.85,,AFN 820,خریداری سینه مرغ به دفتر,10-Feb-26,382,,,,
"$60,031.8",$3.5,64.85,,AFN 225,"خریداری مواد از قبیل کرم , نوش پیاز, انرژی و آش به دفتر",10-Feb-26,383,,,,
"$60,032.6",$0.8,64.85,,AFN 50,خریداری کاست به دفتر ,10-Feb-26,384,,,,
"$60,051.1",$18.5,64.85,,"AFN 1,200",خریداری جنج آور اتومات به خانه کارته سه  ,10-Feb-26,385,,,,
"$62,051.1","$2,000.0",63,"$2,000.00",,پرداخت برای وکیل قیومی به هدایت حاجی رفیع الله,10-Feb-26,386,,,,
"$62,136.7",$85.6,64.85,,"AFN 5,550",خریداری واتر پمپ زیر  بایلر و نیچه به دفتر,11-Feb-26,387,,,,
"$62,138.3",$1.6,64.85,,AFN 105,"خریداری رومی, پیاز , زردک و شلغم به دفتر",11-Feb-26,,,,,
"$62,184.6",$46.3,64.85,,"AFN 3,000",پرداخت برای نوید الله و لد عصمت الله بابت دو هفته اول ماه فیبروری ,12-Feb-26,388,,,,
"$62,187.7",$3.1,65.2,,AFN 200,خریداری  جوس به مهمانان دفتر,12-Feb-26,389,,,,
"$62,233.9",$46.3,64.85,,"AFN 3,000",پرداخت برای انیل ولد عصمت الله بابت دو هفته اول ماه فیبروری,12-Feb-26,390,,,,
"$62,238.9",$5.0,65.2,,AFN 325,خریداری گاز و ناخن گیر به دفتر,12-Feb-26,391,,,,
"$62,251.8",$12.9,65.2,,AFN 840,خریداری گاز به دفتر,12-Feb-26,392,,,,
"$62,253.6",$1.8,65.2,,AFN 120,خریداری دک 16x16 به دفتر,12-Feb-26,393,,,,
"$62,259.8",$6.1,65.2,,AFN 400,"مصارفات بیرونی رحیم از  قبیل کرایه رفتن به کوته سنگی, دفتر نو  آباد  دهمزنگ و محکمه و اجر  عریضه نویس همراه با کاپی اسناد مومند ",12-Feb-26,394,,,,
"$62,358.1",$98.3,65.39,,"AFN 6,430","پرداخت برای عبدلرحیم از قبیل رفتن به کوته سنگی , صدور مجاز, شهر نو,  پرداخت برای نان چاشت , کاپی اسناد و غیره ",12-Feb-26,395,,,,
"$62,359.8",$1.7,63.8,,AFN 110,خریداری رومی و پیاز به دفتر,14-Feb-26,396,,,,
"$62,375.5",$15.7,63.8,,"AFN 1,000",خریداری گوشت به دفتر,14-Feb-26,397,,,,
"$62,377.4",$1.9,63.8,,AFN 120,خریداری تخم مرغ به دفتر,14-Feb-26,398,,,,
"$62,387.6",$10.2,63.8,,AFN 650,خریداری ماهی به دفتر,14-Feb-26,399,,,,
"$62,391.0",$3.4,63.9,,AFN 220,خریداری گاز به دفتر,15-Feb-26,400,,,,
"$62,396.0",$5.0,63.9,,AFN 320,خریداری کیک به مهمانان دفتر,15-Feb-26,401,,,,
"$62,399.1",$3.1,63.9,,AFN 200,خریداری کباب به مهمان های دفتر,15-Feb-26,402,,,,
"$62,400.2",$1.1,63.9,,AFN 70,خریداری دستمال کاغذی به دفتر,15-Feb-26,403,,,,
"$62,402.9",$2.7,63.9,,AFN 170,خریداری برنج به دفتر,15-Feb-26,404,,,,
"$62,403.7",$0.8,63.9,,AFN 50,خریداری ذغال به دفتر,15-Feb-26,405,,,,
"$62,405.2",$1.6,63.9,,AFN 100,خریداری جوس به دفتر,15-Feb-26,406,,,,
"$62,409.6",$4.4,63.8,,AFN 280,"خریداری مواد خوراکه از قبیل کدو, رومی و پیاز به دفتر",15-Feb-26,407,,,,
"$62,412.2",$2.6,65.2,,AFN 170,خریداری دک 40x40 و کرایه موتر به دفتر,15-Feb-26,408,,,,
"$62,419.8",$7.6,63.07,,AFN 480,"خریداری مایع ظرف شویی, صافی و مایح شیشه پاکن به دفتر",16-Feb-26,409,,,,
"$62,919.8",$500.0,63,,"AFN 31,500",پرداخت فعلی از مجموع پول باقیمانده برای وکیل تعمیر للندر 2 وکیل پرویز و پول باقیمانده حفر چاه عمیق و فیس مرکز گرمی واحد های نمبر 1 و نمبر 24 حاجی خلیل الله و پسرش بابت سال 1403 و سال 1404,16-Feb-26,410,,,,
"$62,920.7",$0.9,62.61,,AFN 55,خریداری ماست به دفتر  ,16-Feb-26,411,,,,
"$62,925.9",$5.2,62.61,,AFN 325,"خریداری رومی, پیاز و پالک به دفتر  ",16-Feb-26,412,,,,
"$62,928.5",$2.6,62.61,,AFN 160,"خریداری مواد خوراکه از قبیل رومی, زردک, مرچ و پیاز به دفتر  ",16-Feb-26,413,,,,
"$62,938.2",$9.7,62.61,,AFN 610,"پرداخت برای عبدالرحیم غفوری بابت گرفتن عکس برای 2 نفر حاجی, کرایی راه الی دفتر, کارته چهار, پوهنتون کابل, تانگ تیل, صدور مجوز, پرنت نقشه مهندسی , رفتن به کوته سنگی و نان",16-Feb-26,414,,,,
"$62,941.4",$3.2,62.61,,AFN 200,خریداری ساکت ایرانی و پلک به دفتر,16-Feb-26,415,,,,
"$63,117.5",$176.1,62.61,,"AFN 11,024",پرداخت بل برق خانه,16-Feb-26,416,,,,
"$63,125.8",$8.3,62.61,,AFN 520,خریداری میخک و زنجفیل  به دفتر,16-Feb-26,417,,,,
"$63,134.4",$8.6,62.61,,AFN 540,"خریداری باطله دانی, کراه راه, پرداخت برای کراچی, پرداخت برای رفتن به چوک, ریاست برشنا و کاپی فورم   به دفتر",16-Feb-26,418,,,,
"$63,171.2",$36.7,62.61,,"AFN 2,300","خریداری رول, دستکش, دست  مال کاغذی, اسپری, مایع ظرف شوی, سیمک ظرف, مایح دست شوی و شیشه پاکن به دفتر",16-Feb-26,419,,,,
"$63,185.0",$13.9,62.61,,AFN 870,خریداری پلی و گر  به دفتر,16-Feb-26,420,,,,
"$63,206.8",$21.7,62.61,,"AFN 1,360",خریداری چای سبز .هیل  به دفتر,16-Feb-26,421,,,,
"$63,244.3",$37.5,62.61,,"AFN 2,350","خریداری 2 درجن کارد, 1 دانه کارد کلان, کاسه و جک  به دفتر",16-Feb-26,422,,,,
"$63,249.1",$4.8,62.61,,AFN 300,خریداری چایبر سفید به دفتر,16-Feb-26,423,,,,
"$63,254.8",$5.7,62.61,,AFN 360,خریداری خریطه به دفتر,16-Feb-26,424,,,,
"$63,262.8",$8.0,62.61,,AFN 500,خریداری جاروی برقی به دفتر,16-Feb-26,425,,,,
"$63,272.2",$9.3,62.61,,AFN 585,پرداخت بل برق خانه,16-Feb-26,426,,,,
"$63,272.9",$0.7,62.9,,AFN 45,خریداری تخم مرغ به دفتر,18-Feb-26,427,,,,
"$63,283.2",$10.3,62.9,,AFN 650,خریداری ماهی به دفتر,18-Feb-26,428,,,,
"$63,283.9",$0.7,62.9,,AFN 45,خریداری تخم به دفتر,18-Feb-26,429,,,,
"$63,286.0",$2.1,62.9,,AFN 130,خریداری گوشت ساسچ گوساله به دفتر,18-Feb-26,,,,,
"$63,287.1",$1.1,63.07,,AFN 70,خریداری آرد ترمیده  به دفتر,19-Feb-26,430,,,,
"$63,287.9",$0.8,63.07,,AFN 50,خریداری سودا به دفتر,19-Feb-26,431,,,,
"$63,292.3",$4.4,63.07,,AFN 275,"خریداری آرد, پیاز, گشنیز, مرچ و غیره  به دفتر",19-Feb-26,432,,,,
"$63,294.6",$2.4,63.07,,AFN 150,خریداری دال به دفتر,19-Feb-26,433,,,,
"$63,299.1",$4.4,63.07,,AFN 280,"خریداری آرد نخود, تخم مرغ و مرچ تازه به دفتر",19-Feb-26,434,,,,
"$63,314.9",$15.9,63.07,,"AFN 1,000",خریداری گوشت سرخی به دفتر,19-Feb-26,435,,,,
"$63,318.1",$3.2,63.07,,AFN 200,خریداری ساکت و دبل به دفتر,19-Feb-26,436,,,,
"$63,357.7",$39.6,63.07,,"AFN 2,500",پرداخت برای انترنت خانه,19-Feb-26,437,,,,
"$63,362.2",$4.4,63.07,,AFN 280,"خریداری گشنیز, نعنا, نوش پیاز و گلپی به دفتر",19-Feb-26,438,,,,
"$63,376.5",$14.3,63.07,,AFN 900,خریداری گوشت به دفتر,19-Feb-26,439,,,,
"$63,377.3",$0.8,63.07,,AFN 50,خریداری چکه به دفتر,19-Feb-26,440,,,,
"$63,384.2",$7.0,63.07,,AFN 440,خریداری گاز به دفتر,19-Feb-26,441,,,,
"$63,388.5",$4.3,65.39,,AFN 280,"پرداخت برای عبدالکریم غفوری بابت رفتن به کوته سنگی, صدور مجوز, جاده ریاست برق, شهر و آمدن به دفتر , پرداخت برای رفتن به صدور مجوز, کوته سنگی, دفتر و کاته سه و پرداخت برای رفتن به ایستادگاه دواخانه بخاطری نقشه لابراتوار جواب مکتوب ",21-Feb-26,443,,,,
"$63,736.9",$348.4,63.07,,"AFN 21,974","پرداخت برای خیاطی لباس بابت لباس های حاجی جاوید, حاجی صبغت, حاجی خسرو, ارش و اطفال",21-Feb-26,444,,,,
"$64,736.9","$1,000.0",66.2,"$1,000.00",AFN 0,اچر احوله از امریکا توسط حاجی رفیق الله للندر برای حسن وردک دارنده نمبر تذکره 1400.0107.43362 در کابل,21-Feb-26,445,,,,
"$65,736.9","$1,000.0",63,"$1,000.00",AFN 0,پرداخت برای بی بی حاجی همسایه تعمیر للندر 5 به هدایت حاجی رفیع الله ( پرداخت شده پول وکیل رحمانی),21-Feb-26,446,,,,
"$65,745.2",$8.2,63.07,,AFN 520,خریداری پرس غذا و پرداخت برای کرایی آن مربوط دفتر,22-Feb-26,447,,,,
"$65,753.1",$7.9,63.07,,AFN 500,پرداخت کرایی راه انجنیر سلیم از دفتر الی ریش خور,22-Feb-26,448,,,,
"$65,757.3",$4.2,63.07,,AFN 264,"خریداری تخم, گشنیز و کچالو به دفتر",22-Feb-26,449,,,,
"$65,770.8",$13.5,63.07,,AFN 850,"پرداخت برای مصارفات بیرونی عبدالرحیم از قبیل رفتن به کوته سنگی , چهاراهی شهر, دفتر و غیره  همراه با پرداخت بخاطری احکام",22-Feb-26,450,,,,
"$65,794.5",$23.8,63.07,,"AFN 1,500",پرداخت برای انیل ولد عصمت الله بابت هفته سوم ماه فیبروری ,23-Feb-26,451,,,,
"$65,818.3",$23.8,63.07,,"AFN 1,500",پرداخت برای نوید الله ولد عصمت الله بابت هفته سوم ماه فیبروری ,23-Feb-26,452,,,,
"$65,819.3",$1.0,63,,AFN 60,خریداری نمک به دفتر,23-Feb-26,453,,,,
"$65,843.2",$24.0,63,,"AFN 1,510","خریداری چنجور A32,A63, A40 به دفتر",23-Feb-26,454,,,,
"$65,845.1",$1.9,63,,AFN 120,خریداری مصاله پکوره به دفتر,23-Feb-26,455,,,,
"$65,849.4",$4.3,63,,AFN 270,خریداری آرد نخود پاکتی به دفتر,23-Feb-26,456,,,,
"$65,850.9",$1.4,63,,AFN 90,خریداری گروپ و ولدر به دفتر,23-Feb-26,457,,,,
"$65,853.7",$2.9,63,,AFN 180,خریداری شییت به تشناب دفتر,23-Feb-26,458,,,,
"$65,854.7",$1.0,63,,AFN 60,خریداری مایع سفید کننده به دفتر,23-Feb-26,459,,,,
"$65,865.4",$10.7,63,,AFN 674,"خریداری مواد خوراکی از قبیل روغن , گشنیز, تخم و رنگ زرد به دفتر",23-Feb-26,460,,,,
"$69,866.3","$4,001.0",63,,"AFN 252,060",پرداخت تعرفه موتر های خریداری شده از امریکا توسط حاجی ثنا الله,23-Feb-26,461,,,,
"$69,886.6",$20.3,63,,"AFN 1,280","خریداری مسلم شاور , شاور تفلون,  چوچه وال و غیره به دفتر",23-Feb-26,462,,,,
"$69,895.4",$8.7,63,,AFN 550,خریداری چنجور انومات به تشناب دفتر,23-Feb-26,463,,,,
"$69,902.8",$7.4,63.57,,AFN 470,"پرداخت برای عبدالرحیم از قبیل رفتن به کوته سنگی ع صدور  , شهر  و غیره  همراه کارت مبایل , کاپی اسناد, رفتن به وزارت داخله و دفتر همراه با عکسش بابت معرفی نامه ",24-Feb-26,464,,,,
"$70,972.0","$1,069.2",63.3,,"AFN 67,680","خریداری جانماز, قرآنکریم و سامان تتفین به خانه توسط حاجی احسان الله سهاک  و  خریداری برنج سیله , روغن , روب, مایع ظرفشویی , نمک,چای سبز, کشمش, خرما, پیاز, کچالو و خلال زردک روز جنازه توسط حاجی احسان الله سهاک ",24-Feb-26,465,,,,
"$71,025.4",$53.5,63.57,,"AFN 3,400","پرداخت برای ترمیم شیشه , گلاس و ریبن موبایل iphone pro 14 پسر حاجی صاحب عاشق الله و خریداری سه ساکته به دفتر",24-Feb-26,466,,,,
"$71,031.6",$6.1,63.53,,AFN 390,خریداری رنج به گدام به تعداد 5 عدد ,25-Feb-26,467,,,,
"$71,036.9",$5.4,63.53,,AFN 340,"پرداخت برای عکس سمیر , پرنت اسناد و تعرفه بانکی توسط عبدالرحیم ",25-Feb-26,468,,,,
"$71,047.5",$10.5,63.53,,AFN 670,"خریداری تایر موتر سایکل , تیوپ موتر سایکل و پیپ تیل به گدام ",25-Feb-26,469,,,,
"$71,191.0",$143.6,63.53,,"AFN 9,121","پرداخت تعرفه موتر فرونر توسط حاجی  عاشق الله, پرداخت کمیشن بانکی تعرفه موتر فرونر",25-Feb-26,470,,,,
"$71,309.1",$118.1,63.53,,"AFN 7,500",پرداخت برای ترمیم یخچال خانه توسط سمیر للندر ,25-Feb-26,471,,,,
"$71,427.2",$118.1,63.53,,"AFN 7,500","پرداخت برای ترمیم ماشین کالا شویی, یخچال و یخچال خورد از خانه",25-Feb-26,472,,,,
"$71,431.7",$4.6,63.21,,AFN 290,"خریداری مواد خوراکی از قبیل کچالو , کرم, گشنیز, مرچ و تخم به دفتر",26-Feb-26,473,,,,
"$71,432.7",$0.9,63.21,,AFN 60,خریداری قیماق به دفتر,26-Feb-26,474,,,,
"$71,472.2",$39.6,63.21,,"AFN 2,500",برداشت عرش الله از دفتر,26-Feb-26,475,,,,
"$71,474.8",$2.5,63.21,,AFN 160,خریداری قیماق به دفتر,26-Feb-26,476,,,,
"$71,633.0",$158.2,63.21,,"AFN 10,000",پرداخت برای عبدالکریم ولد محمد زاهر بابت ماه دلو 1404 ,26-Feb-26,477,,,,
"$71,645.2",$12.2,63.21,,AFN 770,خریداری گاز به  دفتر,26-Feb-26,478,,,,
"$72,151.4",$506.2,63.21,,"AFN 32,000","پرداخت برای مسجد سلجوقی گذرگاه, خریداری گوشت به خانه و دفتر و کاریگران بخاطری افطار , برداشت شخصی حاجی صبغت از دفتر",26-Feb-26,479,,,,
"$72,175.1",$23.7,63.21,,"AFN 1,500",پرداخت برای نوید الله ولد عصمت الله بابت هفته چهارم ماه فیبروری,28-Feb-26,480,,,,
"$72,248.9",$73.8,63.21,,"AFN 4,662",پرداخت برای خبازی عصر بابت خریداری نان خشک به ختم قرآن کریم خانه,28-Feb-26,481,,,,
"$72,272.6",$23.7,63.21,,"AFN 1,500",پرداخت برای انیل ولد عصمت الله بابت هفته چهارم ماه فیبروری ,28-Feb-26,482,,,,
"$72,275.6",$3.0,63.21,,AFN 190,خریداری آرد نخود و تخم مرغ به دفتر,28-Feb-26,483,,,,
"$72,289.4",$13.8,63.21,,AFN 870,خریداری کچالو و گوشت مرغ به دفتر,1-Mar-26,484,,,,
"$72,300.7",$11.3,63.21,,AFN 715,خریداری گروپ آلوژن به دفتر,1-Mar-26,485,,,,
"$72,307.0",$6.3,63.21,,AFN 400,"خریداری رومی, مرچ, برنج و تخم به دفتر",1-Mar-26,486,,,,
"$72,312.6",$5.5,63.21,,AFN 350,خریداری گوشت مرغ به دفتر,1-Mar-26,487,,,,
"$72,322.4",$9.8,63.21,,AFN 620,خریداری قیماق و مربا به دفتر,1-Mar-26,488,,,,
"$72,336.0",$13.6,63.21,,AFN 860,"خریداری تخم , روغن, مصاله پکوره, نوش پیاز به دفتر",1-Mar-26,489,,,,
"$72,337.9",$1.9,63.21,,AFN 120,خریداری گازکیت و اشاره به موتر سایکل مربوط دفتر,1-Mar-26,490,,,,
"$72,352.9",$15.0,63.21,,AFN 950,خریداری چنجاور به دفتر کارته سه ,1-Mar-26,491,,,,
"$72,361.5",$8.5,63.21,,AFN 540,"خریداری باروقلی, سمارق و گندنه به دفتر",1-Mar-26,492,,,,
"$72,370.9",$9.5,63.21,,AFN 600,"پرداخت برای مصارف بیرونی رحیم از قبیل رفتن به سینمای پامیر, باغ قاضی, وزارت داخله, چهار راه شهید و دفتر",1-Mar-26,493,,,,
"$72,391.5",$20.6,63.21,,"AFN 1,300","خریداری مبلایل , گازکیت, شریش, تیل دیزل و غیره به جنراتور  گدام",1-Mar-26,494,,,,
"$72,439.7",$48.2,66.65,,"AFN 3,210","خریداری نان برگر کلان, پنیر ورقی پگاه, مصاله, خمیر مایه,خیار, ساس, تن یمارق, زیتون سیاه, سینه مرغ, ساسچ گوساله و آرد ترمیده به مهمانی  دفتر",2-Mar-26,495,,,,
"$72,446.6",$6.9,66.65,,AFN 460,خریداری انرژی به دفتر,2-Mar-26,496,,,,
"$72,447.8",$1.2,66.65,,AFN 80,پرداخت مصارف بیرونی رحیم از قبیل رفتن به بانک بخاطری تعرفه خلیل للندر 5 و کرای پس آمد,2-Mar-26,497,,,,
"$72,462.2",$14.4,66.65,,AFN 960,خریداری پیوند و پتنوس به دفتر,2-Mar-26,498,,,,
"$72,468.3",$6.2,66.65,,AFN 410,"خریداری مواد خوراکی از قبیل کرم , لیمو , بادرنگ , نخود, جواری, تخم مرغ, گشنیز و سرکه به دفتر",2-Mar-26,499,,,,
"$72,474.2",$5.9,66.65,,AFN 390,"خریداری شیر قوت, مرچ دولمه, کچپ, بوره , تخم مرغ و ماینوز به دفتر",2-Mar-26,500,,,,
"$72,475.5",$1.4,66.65,,AFN 90,خریداری تخم مرغ و کانفلو به دفتر,2-Mar-26,501,,,,
"$73,475.5","$1,000.0",64.85,"$1,000.00",,پرداخت برای بشیر احمد جویا از درک فروش آپارتمان نمبر 28 تعمیر للندر 2 بدست فواد جویا ,3-Mar-26,502,,,,
"$73,479.5",$4.0,64.85,,AFN 260,"پرداخت برای مصارف بیرونی رحیم از قبیل رفتن به کوته سنگی , صدرو مجاوز , شهر بخاطری پول حاجی خانی گل الی دفتر",3-Mar-26,503,,,,
"$73,731.5",$252.0,64.85,,"AFN 16,340",پرداخت بل برق خانه چهلستون ,3-Mar-26,504,,,,
"$73,741.7",$10.2,64.85,,AFN 660,"خریداری برنج, تخم مرغ, زردک, نوش پیاز, دلمه و کرم به دفتر",3-Mar-26,505,,,,
"$73,772.5",$30.8,64.9,,"AFN 2,000",پرداخت برای محمد یوسف بابت نصب و تهیه یک عدد پله کلکین pvc به واحد نمبر 4 تعمیر کارته سه للندر 1,4-Mar-26,506,,,,
"$73,782.5",$10.0,64.9,,AFN 650,خریداری ماهی به دفتر,4-Mar-26,507,,,,
"$73,784.7",$2.2,64.9,,AFN 140,خریداری سویا ساس به دفتر,4-Mar-26,508,,,,
"$73,786.1",$1.4,64.9,,AFN 90,خریداری مصاله دانه کنجد به دفتر,4-Mar-26,509,,,,
"$73,789.1",$3.1,64.9,,AFN 200,پرداخت برای انتقال اسلحه از شش درک الی دفتر به دحیم ,4-Mar-26,510,,,,
"$73,792.5",$3.4,64.9,,AFN 220,خریداری گاز و تخم به دفتر,4-Mar-26,511,,,,
"$73,805.6",$13.1,64.9,,AFN 850,"خریداری تخم مرغ, مرچ سیاه, کانفلو, قیماق, آب لیمو, مرچ تازه و ترکاری به دفتر",4-Mar-26,512,,,,
"$73,806.7",$1.1,64.9,,AFN 70,خریداری سمارق و نوش پیاز به دفتر,4-Mar-26,513,,,,
"$73,826.3",$19.6,63.9,,"AFN 1,250",پربرای بریانی نمودن ممپلی به دفتر توسط عبدالرحیم به هدابت حاجی رفیح الله همرا با کرای کراچی و بطری چارجر,5-Mar-26,514,,,,
"$73,849.7",$23.5,63.9,,"AFN 1,500",مصارف کلنیک بخاطری تداوی دندان عزت الله ,5-Mar-26,515,,,,
"$73,873.4",$23.6,63.5,,"AFN 1,500",پرداخت برای انیل ولد عصمت الله بابت هفته اول ماه مارچ ,8-Mar-26,516,,,,
"$73,897.0",$23.6,63.5,,"AFN 1,500",پرداخت برای نوید الله ولد عصمت الله بابت هفته اول ماه مارچ ,8-Mar-26,517,,,,
"$73,975.7",$78.7,63.5,,"AFN 5,000",برداشت عرش الله از دفتر,8-Mar-26,518,,,,
"$73,990.7",$15.0,63.5,,AFN 950,"خریداری کچالو, گشنیز و روغن به  دفتر",8-Mar-26,519,,,,
"$73,996.2",$5.5,63.5,,AFN 350,خریداری گوشت مرغ به دفتر,8-Mar-26,520,,,,
"$74,004.1",$7.9,63.5,,AFN 500,پرداخت برای چاپ تاپه به مطبعه ,8-Mar-26,521,,,,
"$74,007.4",$3.3,63.5,,AFN 210,"خریداری گشنیز, تخم , دلمه و کرم به دفتر",8-Mar-26,522,,,,
"$74,010.5",$3.1,63.5,,AFN 200,"خریداری رومی , آرد, نخود و گشنیز به دفتر",9-Mar-26,523,,,,
"$74,015.1",$4.6,63.5,,AFN 290,"خریداری برنج پلوی , تخم مرغ و رومی به دفتر",9-Mar-26,524,,,,
"$74,140.0",$124.9,63.5,,"AFN 7,930","خریداری میوه خشک از قبیل بادام, کشمش, نخود, توت توسط حاجی عاشق الله به خانه",9-Mar-26,525,,,,
"$74,140.9",$0.9,63.5,,AFN 60,خریداری ماست به دفتر,9-Mar-26,526,,,,
"$74,203.8",$62.8,63.5,,"AFN 3,990","خریداری مواد بهداشتی به خانه از قبیل پمپرس Bass, داستمال تر وغیره به خانه ",9-Mar-26,527,,,,
"$74,217.0",$13.2,63.5,,AFN 840,خریداری گاز به دفتر,9-Mar-26,528,,,,
"$74,297.6",$80.6,63.5,,"AFN 5,120","خریداری قیماق, مربا و پنیرک به خانه و دفتر بخاطر رمضان",9-Mar-26,529,,,,
"$74,301.4",$3.8,63.5,,AFN 240,خریداری گاز به دفتر,9-Mar-26,530,,,,
"$74,309.3",$7.9,63.5,,AFN 500,خریداری گوشت سرخی به دفتر ,9-Mar-26,531,,,,
"$74,311.0",$1.7,63.5,,AFN 110,خریداری ماست به دفتر ,9-Mar-26,532,,,,
"$74,312.6",$1.6,63.5,,AFN 100,خریداری ماست به دفتر ,9-Mar-26,533,,,,
"$74,411.0",$98.4,63.5,,"AFN 6,250",خریداری ترموز توسط حاجی عاشق الله  به خانه ,9-Mar-26,534,,,,
"$74,412.3",$1.3,63.5,,AFN 80,"خریداری مواد خوراکی از قبیل رومی, پیاز و گشنیز به دفتر",9-Mar-26,535,,,,
"$74,413.5",$1.3,63.5,,AFN 80,"پرداخت برای عبدالرحیم غفوری بابت رفتن به لیسه حبیبیه, نو آباد دهمزنگ, محکمه و دفتر",9-Mar-26,536,,,,
"$74,476.5",$62.9,63.55,,"AFN 4,000","خریداری مغز به خانه, ترکاری به خانه, حادثه ترافیکی سمیر و برذاشت شخصی سمیر للندر از دفتر",10-Mar-26,537,,,,
"$74,552.5",$76.0,63.55,$76.00,,"پرداخت برای شرکت دما تجهیز بابت خریداری پلیت مرکز گرمی, وال گرما, سامی بیرونی چوری, نوار تفلون و کرای زرنج به واحد نمبر A19 تعمیر للندر 3",10-Mar-26,538,,,,
"$74,556.2",$3.8,63.55,,AFN 240,"پرداخت برای عبدالرحیم بابت رفتن به کوته سنگی , صدرو مجاوز, کوته سنگی, دفتر, چاپ عکس های حاجی رفیع و غیره",10-Mar-26,539,,,,
"$74,561.0",$4.7,63.5,,AFN 300,"خریداری تخم مرغ, آرد نخود, آرد پکوره, مایع ظرفشویی و گشنیز به دفتر",11-Mar-26,540,,,,
"$75,466.5",$905.5,63.5,,"AFN 57,500",پرداخت برای خردیداری یک راس گوساله به خیرات ماه رمضان 1404 توسط حاجی احسان الله سهاک,11-Mar-26,541,,,,
"$75,663.3",$196.9,63.5,,"AFN 12,500",پرداخت برای ماما الله بخاطری شاخه بری نهال های زمین باغ بالا و باغ پاین بابت سال 1405 و پرداخت جمع آوری و پاک کاری ساحه از شاخچه های قطع شده بالا و باغ پاین گلباغ,11-Mar-26,542,,,,
"$75,678.8",$15.4,63.5,,AFN 981,پرداخت برای خبازی عبدالمطلب بغلان بابت خریداری نان خشک به دفتر,11-Mar-26,543,,,,
"$75,700.8",$22.0,63.5,,"AFN 1,400",خریداری گاز مایع به دفتر,11-Mar-26,544,,,,
"$75,702.1",$1.3,63.5,,AFN 80,خریداری تخم مرغ و قیماق به دفتر,11-Mar-26,545,,,,
"$75,704.4",$2.4,63.5,,AFN 150,خریداری دال سفید به دفتر,11-Mar-26,546,,,,
"$75,712.5",$8.0,63.5,,AFN 510,"خریداری روغن, تخم, گشنیز و کرم به دفتر",11-Mar-26,547,,,,
"$75,846.3",$133.9,63.5,,"AFN 8,500",خریداری عینک به خانه از عینک فروشی علیمی,11-Mar-26,548,,,,
"$75,853.0",$6.6,63.5,,AFN 420,"خریداری سینه مرغ, تخم و مصاله زرد چوبه به دفتر",13-Mar-26,549,,,,
"$75,876.5",$23.5,63.7,,"AFN 1,500",پرداخت برای انیل ولد عصمت الله بابت هفته دوم ماه مارچ,14-Mar-26,550,,,,
"$75,900.0",$23.5,63.7,,"AFN 1,500",پرداخت برای نویدالله ولد عصمت الله بابت هفته دوم ماه مارچ,14-Mar-26,551,,,,
"$75,904.9",$4.9,63.7,,AFN 310,"پرداخت برای عبدالرحیم غفوری بابت رفتن به نوآباد دهمزنگ, محکمه, حوزه مالیاتی, کارته چهار حوزه مالیاتی, کوته سنگی, صدور مجاوز و غیره  ",14-Mar-26,552,,,,
"$75,908.2",$3.3,63.7,,AFN 210,"پرداخت برای عبدالرحیم غفوری بابت رفتن به کوته سنگی, صدور مجوز, شهر نو, وزارت داخله و غیره   ",14-Mar-26,553,,,,
"$75,934.4",$26.2,63.7,,"AFN 1,670","خریداری پاچه به خانه, خلال زردک و کشمش به خانه",14-Mar-26,554,,,,
"$75,993.8",$59.3,63.7,,"AFN 3,780",خریداری راد پلاستیک و راد به خانه ,14-Mar-26,555,,,,
"$76,006.0",$12.2,63.7,,AFN 780,"خریداری مواد خوراکی از قبیل خلال زردک, لیمو, سیر, مرچ و کشمش به دفتر",14-Mar-26,,,,,
"$76,012.0",$6.0,63.7,,AFN 380,"خریداری مواد خوراکی از قبیل کچالو, مرچ, گشنیز, قیماق, رومی, زردک و تخم به دفتر",14-Mar-26,,,,,
"$76,031.0",$19.0,63.7,,"AFN 1,210","خریداری سینه مرغ, روغن, چیلی ساس, کانفلور, مصاله گشنیز و مصاله به دفتر",14-Mar-26,,,,,
"$76,032.5",$1.6,63.7,,AFN 100,خریداری پیاز به دفتر ,14-Mar-26,,,,,
"$76,042.7",$10.2,63.7,,AFN 650,خریداری ماهی به مهمان دفتر,14-Mar-26,,,,,
"$76,051.9",$9.1,63.7,,AFN 580,خریداری مواد خوراکی از قبیل خلال زردک و کشمش به دفتر,14-Mar-26,,,,,
"$76,061.9",$10.1,63.5,,AFN 640,"خریداری مواد خوراکی از قبیل پیاز, خلال زردک و کشمش به دفتر",15-Mar-26,556,,,,
"$76,064.3",$2.4,63.5,,AFN 150,"پرداخت برای مصارف بیرونی رحیم از قبیل رفتن به کوته سنگی, صدور مجاوز, پل باغ عمومی, دفتر و کاپی اسناد زیر بنا",15-Mar-26,557,,,,
"$76,069.9",$5.6,63.72,,AFN 360,پرداخت کرای موتر رحیم رفتن به دوکان شهر نو بابت چهار روز,15-Mar-26,558,,,,
"$76,081.1",$11.1,63.72,,AFN 710,پرداخت برای وکیل منطقه کارته چهار بابت وثیقه نصیر مومند همراه با کرای تکسی معراج و رحیم رفت و برگشت,15-Mar-26,559,,,,
"$76,095.2",$14.1,63.72,,AFN 900,"خریداری مواد خوراکی از قبیل ترکاری, سمارق و رومی به دفتر",15-Mar-26,560,,,,
"$76,190.8",$95.6,63.72,,"AFN 6,090","خریداری میوه خشک از قبیل بادام, کشمش,نخود, چهارمغز, کاجو و سیمیان به خانه توسط حاجی عاشق الله",16-Mar-26,561,,,,
"$76,239.1",$48.3,63.72,,"AFN 3,078",پرداخت برای خبازی عبدالمطلب بابت خریداری نان خشک به دفتر بابت 20 روزه ماه حوت 1404,16-Mar-26,562,,,,
"$76,246.9",$7.8,63.72,,AFN 500,خریداری گوشت سرخی به دفتر,16-Mar-26,563,,,,
"$76,248.2",$1.3,63.72,,AFN 80,خریداری کنسر نخود به دفتر,16-Mar-26,564,,,,
"$76,248.5",$0.3,63.72,,AFN 20,خریداری زنجفیل به دفتر,16-Mar-26,565,,,,
"$76,249.6",$1.1,63.72,,AFN 70,خریداری پرس قاب به دفتر,16-Mar-26,566,,,,
"$76,251.6",$2.0,63.72,,AFN 130,"خریداری پالک, گشنیز و پیاز به دفتر",16-Mar-26,567,,,,
"$76,253.1",$1.4,63.72,,AFN 90,"خریداری کرم, گشنیز و تخم به دفتر",16-Mar-26,568,,,,
"$76,254.3",$1.3,63.72,,AFN 80,خریداری پیاز به دفتر,16-Mar-26,569,,,,
"$76,256.4",$2.1,63.72,,AFN 131,"خریداری مواد خوراکی از قبیل کچالو, مرچ و کارنفلور به دفتر",16-Mar-26,570,,,,
"$76,257.2",$0.8,63.72,,AFN 50,خریداری کچالو به دفتر,16-Mar-26,571,,,,
"$76,296.4",$39.2,63.72,,"AFN 2,500",پرداخت برای فعال کردن بسته انترنیت به خانه,16-Mar-26,572,,,,
"$76,296.7",$0.3,63.72,,AFN 20,خریداری سرکه به دفتر,16-Mar-26,573,,,,
"$76,304.1",$7.4,63.72,,AFN 470,"خریداری رومی, گشنیز و تخم به دفتر",16-Mar-26,574,,,,
"$76,341.7",$37.7,63.72,,"AFN 2,400","خریداری مغز, پاچه, سینه مرغ, رومی ,ترکاری, گوشت گوساله و غیره توسط عرش الله",16-Mar-26,575,,,,
"$76,349.7",$8.0,63.72,,AFN 510,"خریداری چارجر برای حاجی صاحب جاوید, خلال زردک بخاطر ختم, پیاز, پلاستیک و کرای تکسی از مندوی الی کارته سه توسط عرش الله",16-Mar-26,576,,,,
"$76,352.7",$3.0,63.72,,AFN 191,"خریداری مرچ, چپلی و نمک به دفتر",16-Mar-26,577,,,,
"$76,450.5",$97.8,63.72,,"AFN 6,230","خریداری میوه خشک از قبیل پسته, بادام, کشمش, نخود و چاکلیت به خانه توسط حاجی عاشق الله ",16-Mar-26,578,,,,
"$76,452.4",$1.9,63.72,,AFN 120,خریداری پرس قاب و کچالو به دفتر,16-Mar-26,579,,,,
"$76,456.8",$4.4,63.72,,AFN 280,خریداری سن ایچ و آب به دفتر,16-Mar-26,580,,,,
"$76,613.8",$157.0,63.7,,"AFN 10,000","پول باقیمانده ذکریا نلدوان بابت حساب باقیمانده تعمیر للندر 3 گذرگاه , پرداخت فعلی برای ذکریا نلدوان از حساب باقیمانده للندر 3 گذرگاه",17-Mar-26,581,,,,
"$76,616.8",$3.0,63.7,,AFN 190,"پرداخت برای مصارف بیرونی رحیم از قبیل رفتن به کوته سنگی, صدور مجاوز, شهر نو , وزیر اکبر خان , چهارراهی انصاری و برگشت به دفتر",17-Mar-26,582,,,,
"$76,619.3",$2.5,63.7,,AFN 160,"پرداخت برای مصارف بیرونی رحیم از قبیل رفتن به صدور مجوز, کوته سنگی و برگشت به دفتر",17-Mar-26,583,,,,
"$76,620.5",$1.3,63.7,,AFN 80,خریداری پیاز به دفتر,17-Mar-26,584,,,,
"$76,630.6",$10.0,63.7,,AFN 640,"خریداری مواد خوراکی از قبیل پیاز, خلال زردک و کشمش به دفتر",17-Mar-26,585,,,,
"$76,787.6",$157.0,63.7,,"AFN 10,000",پرداخت معاش عبدالکریم ولد محمد ظاهر بابت ماه حوت سال 1404    ,18-Mar-26,586,,,,
"$76,834.7",$47.1,63.7,,"AFN 3,000",پرداخت برای انیل ولد عصمت الله بابت هفته سوم و چهارم ,18-Mar-26,587,,,,
"$76,881.8",$47.1,63.7,,"AFN 3,000",پرداخت برای نویدالله ولد عصمت الله بابت هفته سوم و چهارم ,18-Mar-26,588,,,,
"$76,991.6",$109.9,63.7,,"AFN 7,000","خریداری گوشت, ترکاری, خلال زردک, کشمش و روغن به خیرات رمضان توسط سمیر للندر ",18-Mar-26,589,,,,
"$77,006.3",$14.6,63.7,,AFN 933,"خریداری آرد سخاری و مصاله دانه کنجد, مصاله پکوره, کانفلور, تخم مرغ, کچالو, گاز مایح به دفتر ",18-Mar-26,590,,,,
"$78,006.3","$1,000.0",63.7,"$1,000.00",,پرداخت برای ریس هارون از درک پول باقیمانده واحد نمبر 5 تعمیر للندر 2 بدست محمد نعیم حمیدی,18-Mar-26,591,,,,
"$78,016.4",$10.1,64.3,,AFN 650,خریداری ماهی برای دفتر توسط سمیر ,24-Mar-26,592,,,,
"$78,018.3",$1.9,64.3,,AFN 120,"مصارف بیرونی عبدالرحیم از قبیل رفتن به صدور مجاوز, کوته سنگی, پل باغ عمومی و دفتر",24-Mar-26,593,,,,
"$78,023.4",$5.1,64.3,,AFN 330,"پرداخت کرای موتر به وزارت داخله, کاپی اسناد, چاپ عکس های حاجی رفیع الله و برگشت به دفتر",24-Mar-26,594,,,,
"$78,064.3",$40.9,64.3,,"AFN 2,630","پرداخت مصارف عبدالرحیم از قبیل 1000 افغانی پول جعلی, کمیشن بانکی تعرفه ها و پرداخت تعرفه تمدیدی و کرای موتر",24-Mar-26,595,,,,
"$78,075.2",$10.9,64.3,,AFN 700,"پرداخت برای مصارف عبدالرحیم به صدور مجاوز, وزارت داخله,کارت مبایل , کاپی اسناد حاجی  زیور, وزارت داخله و انتقال اسلحه به دفتر",24-Mar-26,596,,,,
"$78,078.3",$3.1,64.3,,AFN 200,خریداری کارت موبایل به عبدالرحیم موبوط دفتر,24-Mar-26,597,,,,
"$78,264.9",$186.6,64.3,,"AFN 12,000",پرداخت تعرفه امر سلاح تفنگچه تروس برازیلی,24-Mar-26,598,,,,
"$79,815.8","$1,550.9",64.3,,"AFN 99,720",پرداخت تعرفه ریاست آبرسانی حاجی زیور (آریا تاور) ,24-Mar-26,599,,,,
"$80,429.6",$613.8,64.3,,"AFN 39,468",پرداخت تعرفه 33 متر جایداد دولتی تعمیر باغ قاضی بابت ماه حوت 1404,24-Mar-26,600,,,,
"$80,616.2",$186.6,64.3,,"AFN 12,000",پیش پرداخت برای عبدالرحیم ولد عبدالغفور بابت ماه حوت سال 1404 ,24-Mar-26,601,,,,
"$81,549.3",$933.1,64.3,,"AFN 60,000",پرداخت تعرفه امر سلاح کلاکوف روسی ,24-Mar-26,602,,,,
"$82,482.5",$933.1,64.3,,"AFN 60,000",پرداخت تعرفه امر سلاح کلاشینکوف روسی ,24-Mar-26,603,,,,
"$82,491.5",$9.0,64.3,,AFN 580,"پرداخت برای مصارفات کرای موتر عبدالرحیم به طی مراحل اسناد دولتی به صدور مجوز, وزارت داخله به تاریخ 3- مارچ 2026",24-Mar-26,604,,,,
"$82,508.4",$16.9,63.21,,"AFN 1,070","مصارف بیرونی عبدالرحیم از قبیل رفتن به کوته سنگی, صدور مجاوز, کاپی اسناد دستور نقشه میر علم برکی, چهارراهی شهر وزارت داخله , تحویلی برای کارمند وزارت داخله, چهاراهی شهر و برکی, صدور مجاوز, پل باغ عمومی, نان چاشت, صدور مجاوز الی دفتر کوته سنگی",25-Mar-26,605,,,,
"$82,522.2",$13.8,63.21,,AFN 870,خریداری پلی به دفتر,25-Mar-26,606,,,,
"$82,533.2",$11.1,63.21,,AFN 700,خریداری چای سبز به دفتر,25-Mar-26,607,,,,
"$82,535.1",$1.9,63.21,,AFN 120,خریداری اسفنج و پیش بند به دفتر,25-Mar-26,608,,,,
"$82,544.6",$9.5,63.21,,AFN 600,خریداری میخک و زنجفیل به دفتر,25-Mar-26,609,,,,
"$82,557.6",$13.0,63.21,,AFN 820,"خریداری هیل اکبر, کرایی کراچی, کرای راه رحیم الی دفتر",25-Mar-26,610,,,,
"$82,570.4",$12.8,63.21,,AFN 810,"خریداری اسپری, ورق الکوزی و پودر به دفتر",25-Mar-26,611,,,,
"$82,576.3",$5.9,63.21,,AFN 370,خریداری چای سبز به دفتر,25-Mar-26,612,,,,
"$82,595.0",$18.7,64.2,,"AFN 1,200",پرداخت برای چاپ 20 جلد بل بوک به نان خشک دفتر و پروژه های للندر,26-Mar-26,613,,,,
"$82,598.1",$3.1,64.2,,AFN 200,خریداری پایپ خرطومی نیم انج به کیبل فابیر نوری انترنت دفتر,26-Mar-26,614,,,,
"$82,672.9",$74.8,64.2,,"AFN 4,800","خریداری روترفایبر نوری به دفتر, پرداخت فیس انترنت ماهوار فایبر نوری به دفتر از 23 مارچ الی 23 اپریل 2026",26-Mar-26,615,,,,
"$82,676.0",$3.1,64.2,,AFN 200,"مصارف بیرونی عبدالرحیم بابت رفتن به کوته سنگی, صدور مجوز, شهر نو, وزیر اکبر خان , شعر نو, صدور مجوز, کوته سنگی دفتر",26-Mar-26,616,,,,
"$82,679.1",$3.1,64.1,,AFN 200,پرداخت کرای تکسی رفت و برگشت به تعمیر باغ قاضی بابت تخریب تعمیر ,28-Mar-26,617,,,,
"$82,686.9",$7.8,64.1,,AFN 500,پرداخت برای رشوه به ترفیک بابت پلیت موتر تقره یی,28-Mar-26,618,,,,
"$82,691.7",$4.8,64.1,,AFN 310,"خریداری کوک, تخم مرغ, الکوزی برای مهمان ها و تخم مرغ به دفتر ",28-Mar-26,619,,,,
"$82,695.3",$3.6,64.1,,AFN 230,"پرداخت برای عبدالرحیم غفوری بابت رفتن به پل باغ عمومی, برکی, چهاراهی شهر, خیر خانه, برکی, دفتر و غیره ",28-Mar-26,620,,,,
"$82,728.9",$33.5,64.1,,"AFN 2,150","خریداری ترکاری از قبیل کرم, گشنیز, رومی, پیاز و غیره و خریداری گوشت و گوشت مرغ به دفتر ",28-Mar-26,621,,,,
"$82,734.3",$5.5,64.1,,AFN 350,"خریداری کدوگک, کچالو, رومی, مرچ تازه, گشنیز به دفتر ",28-Mar-26,622,,,,
"$82,736.7",$2.3,64.1,,AFN 150,خریداری قهوه به دفتر ,28-Mar-26,623,,,,
"$82,737.4",$0.8,64.1,,AFN 50,خریداری سیر و زنجفیل به دفتر,29-Mar-26,624,,,,
"$82,740.1",$2.6,65,,AFN 170,"مصارف بیرونی رحیم از قبیل رفتن به کوته سنگی, صدور مجوز, شهرنو, وزیراکبر خان, شهر نو, صدور, کوته سنگی و دفتر ",29-Mar-26,625,,,,
"$82,745.4",$5.4,65,,AFN 350,خریداری کچالو به دفتر ,29-Mar-26,626,,,,
"$82,764.2",$18.8,65,,"AFN 1,220","خریداری سینه مرغ, تخم مرغ , برنج پلویی و نوش پیاز به دفتر",29-Mar-26,627,,,,
"$82,766.2",$2.0,65,,AFN 130,"خریداری شیشه پاکن, کوک کلان و قهوه به دفتر ",29-Mar-26,628,,,,
"$82,767.7",$1.5,65,,AFN 100,خریداری پیاز به دفتر,29-Mar-26,629,,,,
"$82,856.4",$88.6,65,,"AFN 5,760",پرداخت فیس مکتب تااه للندر بابت مارچ سال 2026 و حمل 1405,29-Mar-26,630,,,,
"$82,957.0",$100.6,65,,"AFN 6,540",پرداخت فیس مکتب تله للندر بابت مارچ سال 2026,29-Mar-26,631,,,,
"$83,003.1",$46.2,65,,"AFN 3,000",خریداری گاز مایح به دفتر,29-Mar-26,632,,,,
"$83,016.4",$13.2,65,,AFN 860,"خریداری روغن, چیلی ساس و سویا به دفتر",29-Mar-26,633,,,,
"$83,016.8",$0.5,65,,AFN 30,خریداری نمک به دفتر,30-Mar-26,634,,,,
"$83,045.1",$28.3,65,,"AFN 1,840",پرداخت بخاطر شستن چهار قالین دفتر کارته سه ,30-Mar-26,635,,,,
"$83,052.4",$7.2,65,,AFN 470,"خریداری مواد خوراکی از قبیل خلال زردک, لیمو, سیر, مرچ و کشمش به دفتر",30-Mar-26,636,,,,
"$83,060.1",$7.7,65,,AFN 500,خریداری قابلی و قبلی پلو به دفتر,30-Mar-26,637,,,,
"$83,061.9",$1.8,65,,AFN 120,خریداری پیپ مسلم شاور به دفتر کارته سه,30-Mar-26,638,,,,
"$83,065.0",$3.1,65,,AFN 200,خریداری کشمش و خلال زردک به دفتر,30-Mar-26,639,,,,
"$83,070.4",$5.4,65,,AFN 350,خریداری کچالو به دفتر ,30-Mar-26,640,,,,
"$83,075.6",$5.2,65,,AFN 340,خریداری سینه مرغ به دفتر,30-Mar-26,641,,,,
"$83,114.1",$38.5,65,,"AFN 2,500","خریداری شیرینی برای دهن دروازه ریس صاحب, معغاون صاحب توسط رحیم غفوری",30-Mar-26,642,,,,
"$83,114.7",$0.6,65,,AFN 40,خریداری کوک به دفتر,30-Mar-26,643,,,,
"$83,117.7",$3.1,65,,AFN 200,"مصارف بیرونی رحیم از قبیل رفتن به کوته سنگی, صدور مجوز, چهاراهی شهر, شهر نو , صدور, کوته سنگی و دفتر",30-Mar-26,644,,,,
"$83,120.8",$3.1,65,,AFN 200,پرداخت بابت ترمیم فلتر آب کارته سه,30-Mar-26,645,,,,
"$83,130.2",$9.4,65,,AFN 610,خریداری گوشت مرغ به دفتر,31-Mar-26,637,,,,
"$83,893.4",$763.2,64.2,,"AFN 49,000",خریداری یک راس گاو به هدایت حاجی عاشق الله بابت ختم و پرداخت کرایه موتری آن مربوط دفتر,31-Mar-26,631.5,,,,
"$83,894.7",$1.2,64.2,,AFN 80,خریداری سبزی و تخم به دفتر,31-Mar-26,628,,,,
"$83,903.1",$8.4,64.2,,AFN 540,"خریداری آش, چیلی ساس و سینه مرغ به دفتر",31-Mar-26,624.5,,,,
"$83,909.0",$5.9,64.2,,AFN 380,خریداری آچار به دفتر,31-Mar-26,621,,,,
"$83,919.6",$10.6,64.2,,AFN 680,"خریداری برنج, کشنیز, رومی و ماست به دفتر",31-Mar-26,617.5,,,,
"$83,923.8",$4.2,64.2,,AFN 270,"مصارف بیرونی عبدالرحیم از قبیل رفتن به کوته سنگی, صدور مجاوز, شهر نو, وزیر اکبر خان, اسکن اسناد میر علم, شهر نو و صدور مجوز, کوته سنگی و دفتر",31-Mar-26,614,,,,
"$84,728.5",$804.7,64.82,,"AFN 52,160",پرداخت قسط دوم پول باقیمانده وکیل پرویز بابت حفر چاه و فیس مرکز گرمی واحد های حاجی خلیل تعمیر للندر 2,1-Apr-26,600,,,,
"$84,729.3",$0.8,64.82,,AFN 50,خریداری تخم مرغ به دفتر,1-Apr-26,596.5,,,,
"$84,731.0",$1.7,64.82,,AFN 110,خریداری تخم مرغ و بوره به دفتر,1-Apr-26,593,,,,
"$84,733.6",$2.6,64.82,,AFN 170,خریداری صابون و روی پاک به دفتر,1-Apr-26,589.5,,,,
"$84,735.9",$2.3,64.82,,AFN 150,خریداری قهوه کاپوچینو به دفتر,1-Apr-26,642,,,,
"$84,737.5",$1.5,64.82,,AFN 100,خریداری کوک به دفتر,1-Apr-26,643,,,,
"$84,740.8",$3.4,64.82,,AFN 220,"خریداری کچالو, کرم و تخم به دفتر",1-Apr-26,644,,,,
"$84,742.5",$1.7,64.82,,AFN 110,خریداری ماش میده به دفتر,1-Apr-26,645,,,,
"$84,754.9",$12.3,64.82,,AFN 800,خریداری مساله جات به دفتر,1-Apr-26,646,,,,
"$84,756.4",$1.5,64.82,,AFN 100,"مصارف بیرونی عبدالرحیم از قبیل رفتن به دهمزنگ , دفتر, کارته سه, دفتر و اسکن قباله نیک",1-Apr-26,647,,,,
"$84,759.8",$3.4,64.82,,AFN 220,"خریداری مرچ, سیر, زنجفیل و پیاز به دفتر",1-Apr-26,648,,,,
"$84,765.5",$5.7,64.82,,AFN 370,"خریداری کچالو, کرم و گشنیز به دفتر",1-Apr-26,649,,,,
"$84,777.6",$12.0,64.82,,AFN 780,خریداری گاز به رستورانت عافیت,2-Apr-26,650,,,,
"$84,787.1",$9.6,64.82,,AFN 620,"مصارف بیرونی عبدالرحیم از قبیل رفتن به کوته سنگی, صدور مجاوز, شهرنو, وزیر اکبر خان, شهر نو, صدور, کوته سنگی, کارته سه, دفتر و پرنت نقشه میرعلم ",4-Apr-26,,,,,
"$84,795.1",$8.0,65,,AFN 520,"خریداری برنج, کشمش و خلال به دفتر",5-Apr-26,651,,,,
"$84,795.9",$0.8,65,,AFN 50,خریداری کوک به دفتر,5-Apr-26,652,,,,
"$85,095.9",$300.0,65,,"AFN 19,500",پرداخت فیس مکتب و نان چاشت اطفال خانه (سادت الله),5-Apr-26,653,,,,
"$85,395.9",$300.0,65,,"AFN 19,500",پرداخت فیس مکتب و نان چاشت اطفال خانه (عبادالله),5-Apr-26,654,,,,
"$85,397.7",$1.8,65,,AFN 120,خریداری چکه و سیر به دفتر ,5-Apr-26,655,,,,
"$85,402.4",$4.6,65,,AFN 300,"مصارف بیرونی عبدالرحیم از قبیل رفتن به کوته سنگی, صدور مجوز, دفتر, اسکن اسناد میرعلم برای انجنیرها و کرای راه پل سرخ",5-Apr-26,656,,,,
"$85,414.7",$12.3,65,,AFN 800,"خریداری رومی, کچالو, ترکاری و روغن به دفتر",6-Apr-26,657,,,,
"$85,430.1",$15.4,65,,"AFN 1,000",خریداری گوشت گوساله به دفتر,6-Apr-26,658,,,,
"$85,436.2",$6.2,65,,AFN 400,خریداری برنج هندی به دفتر ,6-Apr-26,659,,,,
"$85,467.0",$30.8,64.93,,"AFN 2,000",پرداخت بابت ترمسم کوچ های دفتر,6-Apr-26,654,,,,
"$85,477.0",$10.0,64.93,,AFN 650,پرداخت اجرت ایزوگام کاری تشنابهای خانه مصطفی انوری للندر 1 کارته سه,6-Apr-26,655,,,,
"$85,523.2",$46.2,64.93,,"AFN 3,000",پیش پرداخت برای نصیر بابت سنگ کاری باغ قاضی ,6-Apr-26,656,,,,
"$85,526.9",$3.7,64.93,,AFN 240,"مصارف بیرونی عبدالرحیم از قبیل رفتن به کارته سه, کوته سنگی, صدور, شهرنو, وزیراکبر خان, شهر, کوته سنگی و دفتر ",7-Apr-26,657,,,,
"$85,541.9",$15.0,64.93,,AFN 975,خریداری گاز به دفتر,7-Apr-26,658,,,,
"$85,546.6",$4.6,64.93,,AFN 300,خریداری پنیر به دفتر,7-Apr-26,659,,,,
"$85,547.3",$0.8,64.93,,AFN 50,خریداری قیماق به دفتر,7-Apr-26,660,,,,
"$85,558.1",$10.8,64.93,,AFN 700,"خریداری مواد خوراکی از قبیل پالک, رومی, پیاز, گشنیز, زنجفیل, سیر, ماست و مرچ به دفتر",7-Apr-26,661,,,,
"$85,567.0",$8.9,64.93,,AFN 575,"خریداری مواد خوراکی از قبیل رومی, کدوگک, پیاز, گشنیز, مرچ تازه و روغن به دفتر",7-Apr-26,662,,,,
"$85,570.0",$3.1,64.93,,AFN 200,خریداری کارت موبایل توسط عبدالرحیم,8-Apr-26,663,,,,
"$85,572.7",$2.6,64.93,,AFN 170,"خریداری رومی, پیاز, گشنیز و زردچوبه به دفتر",8-Apr-26,664,,,,
"$85,576.5",$3.9,64.93,,AFN 250,خریداری بامیه به دفتر,8-Apr-26,665,,,,
"$85,583.4",$6.9,64.93,,AFN 450,"مصارف بیرونی رحیم از قبیل رفتن به کوته سنگی, صدور مجوز, شهر نو, وریر اکبر خان, دفتر, پرنت نقشه ساختمان نیک محمد به دفتر",8-Apr-26,666,,,,
"$87,183.4","$1,600.0",64.93,"$1,600.00",,پرداخت کرای آپارتمان 24 تعمیر للندر 2 استفاده برای حاجی خلیل الله از تاریخ 16 حوت 1404 الی 15 سرطان 1405,8-Apr-26,667,,,,
"$87,185.6",$2.2,64.93,,AFN 140,خریداری سویا ساس به دفتر,8-Apr-26,,,,,
"$87,416.6",$231.0,64.93,,"AFN 15,000",پرداخت برای ذکریا نلدون از درک حساب باقیمانده تعمیر للندر 3 گذرگاه ,9-Apr-26,668,,,,
"$89,416.6","$2,000.0",64.93,"$2,000.00",,پرداخت برای وکیل رحمانی که قبلا توسط بی بی حاجی پرداخت گردیده بوده در جمع حساب جایداد عبدالله مجرا داد می شود  پرداخت برای وکیل رحمانی به هدایت حاجی رفیع الله بابت جایداد عبدالله ,9-Apr-26,669,,,,
"$89,420.8",$4.2,64.93,,AFN 270,"خریداری رومی, زردک, ترکاری, سیر, زنجفیل, پیاز, کچالو و مرچ به دفتر ",11-Apr-26,670,,,,
"$89,431.2",$10.5,64.93,,AFN 680,خریداری گوشت گوساله به دفتر,11-Apr-26,671,,,,
"$89,444.8",$13.6,64.8,,AFN 880,"مصارف بیرونی عبدالرحیم بابت رفتن به کارته سه, دفتر, کوته سنگی, صدور مجوز, کوته سنگی, دفتر, شهرنو, پرنت اسناد و نقشه نیک محمد به هدایت حاجی احسان و پرنت دستور نقشه",11-Apr-26,672,,,,
"$89,753.5",$308.6,64.8,,"AFN 20,000",به مقدار 20000 افغانی به احمدالله از درک لباس های خانه داده شد,11-Apr-26,673,,,,
"$89,757.3",$3.9,64.8,,AFN 250,خریداری مصاله به دفتر,11-Apr-26,674,,,,
"$89,769.8",$12.5,64.8,,AFN 810,خریداری روغن مایح و برنج  به دفتر ,11-Apr-26,675,,,,
"$89,775.2",$5.4,64.8,,AFN 350,خریداری گوشت گوساله به دفتر ,11-Apr-26,676,,,,
"$89,777.5",$2.3,64.8,,AFN 150,خریداری چیلی ساس به دفتر ,11-Apr-26,677,,,,
"$89,788.3",$10.8,64.8,,AFN 700,خریداری گوشت مرغ به دفتر,11-Apr-26,678,,,,
"$89,802.9",$14.5,64.8,,AFN 940,خریداری مالته و سیب به دفتر,11-Apr-26,679,,,,
"$89,811.0",$8.2,64.8,,AFN 530,"خریداری مواد خوراکی دلمه, زردک, تخم, ترکاری, کرم   به دفتر ",11-Apr-26,680,,,,
"$89,811.6",$0.6,64.8,,AFN 36,خریداری تخم مرغ به دفتر,11-Apr-26,681,,,,
"$89,813.0",$1.4,64.6,,AFN 90,مصارف بیرونی رحیم از قبیل رفتن به کارته سه بابت دیدن خانه به هدایت حاجی صبغت الله ,12-Apr-26,682,,,,
"$89,943.0",$130.0,64.6,,"AFN 8,400","خریداری وسایل موتر از قبیل سویچ اینه, لیلیتر موتر و غیره و پرداخت اجرت کاریگر موتر به دفتر ",12-Apr-26,683,,,,
"$90,014.2",$71.2,64.6,,"AFN 4,600",خریداری و تبدیلی مبلایل موتری هایلکس به دفتر ,12-Apr-26,684,,,,
"$90,019.6",$5.4,64.9,,AFN 350,خریدرای بولت و دسته آهنی به دفتر ,13-Apr-26,685,,,,
"$90,089.2",$69.6,64.9,,"AFN 4,518",پرداخت بابت خریداری گوشت به خانه ,13-Apr-26,686,,,,
"$90,100.2",$10.9,64.9,,AFN 710,"مصارف بیرونی رحیم از قبیل رفتن به کارته , کوته سنگی, صدور, شهر نو, صدور, صدور مجاوز و خریداری 5 انرژی بخاطر دیدن مشتری های للندر 4 و 6 ",13-Apr-26,687,,,,
"$90,171.7",$71.5,64.9,,"AFN 4,640","خریداری پیاز, کاهو, زردک, کدو, مرچ, پاکت, شلغم, بادنجان سیاه و غیره به دفتر ",13-Apr-26,688,,,,
"$90,173.8",$2.2,64.7,,AFN 140,خریداری مایح ظرف شویی به دفتر ,14-Apr-26,689,,,,
"$90,178.8",$4.9,64.7,,AFN 320,"خریداری رومی, کچالو, گشنیز, نعنا, مرچ و ماست به دفتر ",14-Apr-26,690,,,,
"$90,180.3",$1.5,64.7,,AFN 100,خریداری شیر به دفتر ,14-Apr-26,691,,,,
"$90,186.4",$6.1,64.7,,AFN 395,"خریدرای مواد خوراکی از قبیل متر, کچالو, زردک, گشنیز و لیمو به دفتر",14-Apr-26,692,,,,
"$90,191.2",$4.8,64.7,,AFN 310,خریداری گوشت مرغ به دفتر,14-Apr-26,693,,,,
"$90,214.4",$23.2,64.7,,"AFN 1,500",پرداخت مصارف چای صبح و نان چاشت گلکار و کاریگران باغ قاضی بابت 5 فی روز 300 افغانی,14-Apr-26,694,,,,
"$90,241.4",$27.0,64.7,,"AFN 1,750",پرداخت اجرت 5 روزه زمری کاریگران بابت سنگ کاری تعمیر باغ قاضی فی روز از قرار 350 افغانی ,14-Apr-26,695,,,,
"$90,268.5",$27.0,64.7,,"AFN 1,750",پرداخت اجرت 5 روزه هارون کاریگر بابت سنگ کاری تعمیر باغ قاضی فی روز از قرار 350 افغانی ,14-Apr-26,696,,,,
"$90,284.0",$15.5,64.7,,"AFN 1,000",پرداخت پول باقیمانده روز مزد نصیر احمد بابت سنگ کاری تعمیر باغ قاضی,14-Apr-26,697,,,,
"$90,299.8",$15.9,64.8,,"AFN 1,030",پرداخت برای مصارفات بیرونی عبدالرحیم از درک نان شب و کرای موتر به ریاست صدور مجوز ,16-Apr-26,698,,,,
"$90,408.3",$108.5,64.8,,"AFN 7,030","خریداری میخک, زنجفیل, بوره, گر, ممپلی, کاغذ, اسپری, پودر لباس شویی, سیمک, چاکلیت, چای و هیل بابت دفتر ",16-Apr-26,699,,,,
"$90,414.0",$5.7,64.8,,AFN 370,"خریداری دبل, نوار تفلون, سامی و پیوند بابت دفتر ",16-Apr-26,700,,,,
"$90,452.6",$38.6,64.8,,"AFN 2,500",پرداخت برای انترنت دفتر,18-Apr-26,701,,,,
"$140,452.6","$50,000.0",64.8,"$50,000.00",,پرداخت برای خانم لیلما و محمد فیاض بابت خریداری یک دربند حویلی واقع سرک عمومی کارته چهار پل سرخ,18-Apr-26,702,,,,
"$140,460.0",$7.4,64.8,,AFN 480,"پرداخت مصارف بیرونی عبدالرحیم از قبیل رفتن به کوته سنگی, صدور , دفتر, شهر نو, صدور, کوته سنگی, دفتر و پرداخت برای سمیر",18-Apr-26,703,,,,
"$140,468.1",$8.0,64.8,,AFN 520,"پرداخت مصارف بیرونی عبدالرحیم از قبیل رفتن به سینمای پامیر, میدان چهاراهی برشنا عرضه برای خانه گدام, چهارهی عبدالحق, وزارت شهر سازی, چهارهی صحت عامه, میدان چهارهی شهر و صدور مجاوز کوته سنگی همرای مهراج دو نفر کارت",19-Apr-26,704,,,,
"$140,506.6",$38.6,64.8,,"AFN 2,500",پیش پرداخت برای نوید الله امیری ولد عصمت الله بابت ماه اپریل سال 2026,19-Apr-26,705,,,,
"$140,552.9",$46.3,64.8,,"AFN 3,000",پیش پرداخت برای پلستر کاران تعمیر باغ قاضی به دست نجیب الله,19-Apr-26,706,,,,
"$140,560.8",$7.9,64.8,,AFN 510,"پرداخت مصارف بیرونی رحیم از قبیل رفتن به کوته سنگی, صدور مجاوز, اسکن اسناد میر علم, نان چاشت, شهر, سرای شهزاده و دفتر",21-Apr-26,707,,,,
"$140,562.4",$1.6,64.5,,AFN 100,خریداری دسترخوان بابت دفتر,22-Apr-26,708,,,,
"$140,577.1",$14.7,64.5,,AFN 950,"خریداری پلاستیک, نوت استیک, رنگ تاپه بابت دفتر",22-Apr-26,709,,,,
"$140,583.6",$6.5,64.5,,AFN 420,"پرداخت مصارف بیرونی رحیم از قبیل رفتن به پل باغ عمومی, کوته سنگی, صدور مجاوز, وزیر اکبر خان و دفتر, صدور مجاوز و غیره",22-Apr-26,710,,,,
"$140,897.5",$314.0,64.5,,"AFN 20,250",پرداخت برای مواد ساختمانی شیر باز بابت خریداری ریگ شسته و 26 متر سنگ به تعمیر باغ قاضی,23-Apr-26,711,,,,
"$140,918.5",$20.9,64.5,,"AFN 1,350",پرداخت اجرت روز مزد سه نفر مزدورکار بابت پاک کاری اطراف سنگ کاری بابت پلستر کاری تعمیر باغ قاضی,23-Apr-26,712,,,,
"$141,018.3",$99.8,64.5,,"AFN 6,440",پرداخت پول باقیمانده اجرت پلستر کاری سنگ کاری و خشت کاری تعمیر باغ قاضی,23-Apr-26,713,,,,
"$141,217.4",$199.1,64.5,,"AFN 12,840",پرداخت فعلی برای لعل پاچاه بابت تهیه و خریداری لباس به خانه,25-Apr-26,714,,,,
"$141,422.4",$205.0,64.4,,"AFN 13,200",پرداخت معاش عبدالرحیم ولد عبدالقفار بابت ماه حمل سال 1405,27-Apr-26,715,,,,
"$141,430.1",$7.8,64.4,,AFN 500,پرداخت برای وکیل کارته چهار عبدالصمد بابت تاپه نمودن فورم ضمانت حاجی صبغت الله به حوزه سوم امنیتی کابل,27-Apr-26,716,,,,
"$141,484.5",$54.3,64.4,,"AFN 3,500",پرداخت معاش نویدالله ولد عصمت الله بابت ماه آپریل سال 2026                                                                                                                                                                                                                              ,28-Apr-26,717,,,,
"$141,577.6",$93.2,64.4,,"AFN 6,000",پرداخت معاش انیل ولد عصمت الله بابت ماه آپریل سال 2026                                                                                                                                                                                                                              ,28-Apr-26,718,,,,
"$142,121.4",$543.7,64.4,,"AFN 35,015","خریداری پمپرس, مکرونی, آش, رومی مرچ, زنجفیل, نخود, لوبیا, آرد و غیره بابت خانه ",30-Apr-26,719,,,,
"$142,314.5",$193.1,64.4,,"AFN 12,438",پرداخت تعرفه صفایی تعمیر چهلستون و کمیشن بابت سال 1405,30-Apr-26,720,,,,
"$142,451.2",$136.7,64.4,,"AFN 8,803",پرداخت تعرفه صفایی جایداد دارالامان بابت سال 1405 و کمیشن همراه با کرای موتر ,30-Apr-26,721,,,,
"$142,466.7",$15.5,64.57,,"AFN 1,000",خریداری کارت برای خانه و خاجی رقیح الله                           ,2-May-26,722,,,,
"$142,493.3",$26.6,64.57,,"AFN 1,720",خریداری 7 خوراک قابلی پلو و 6 خوراک کباب بابت دفتر ,3-May-26,723,,,,
"$142,511.9",$18.6,64.57,,"AFN 1,200",حریداری پیتزا برای مهمانان دفتر ,4-May-26,724,,,,
"$142,759.0",$247.1,64.4,,"AFN 15,913",تصفیه حساب لعل پادشاه بابت خریداری و تهیه لباس بابت خانه ,5-May-26,725,,,,
"$142,805.6",$46.6,64.4,,"AFN 3,000",حریداری مایح ظرفشویی فورم به خانه از انجنیر صفی الله صدیقی ,5-May-26,726,,,,
"$146,672.0","$3,866.5",64.4,,"AFN 249,000","پرداخت برای خریداری دو راس گاو, یک راس گوساله و یک راس گوسفند به قربانی عید السعید الضی توسظ حاجی احسان الله ",5-May-26,727,,,,
"$146,695.3",$23.3,64.4,,"AFN 1,500",پرداخت پول برای وکیل و میتر خوان و خریداری انرژی برای میتر خوان و انجنیری,5-May-26,728,,,,
"$146,749.7",$54.3,64.4,,"AFN 3,500",خریداری نیل پطرول برای موتر فرونربابت دفتر ,5-May-26,729,,,,
"$146,904.9",$155.3,64.4,,"AFN 10,000",پرداخت فغلی از درک جمهوریت به خانه از چمله 25000 افغانی,5-May-26,730,,,,
"$147,904.9","$1,000.0",64.4,"$1,000.00",,اجر احواله شفیق الله صدیقی از کشور امریکا توسط حاجی رفیح اللله برای انجمیر صفی الله در کابل                                                                                                                   ,5-May-26,731,,,,
"$157,904.9","$10,000.0",64.4,"$10,000.00",,اجر  حواله نقدی برای وکیل زرشوی بابت جایداد عبدالحبیب ولد عبدالاحد سرکت عمومی کارته چهار توسط قاری تمیم توسط چک نمبر 2412,6-May-26,732,,,,
"$158,021.7",$116.8,64.4,,"AFN 7,520","پرداخت برای موتر شویی بابت شستن موتر, رنگ مالی, ترمیم شیشه موتر, نوشابه, آبو کرای راه موتر ",6-May-26,733,,,,
"$158,236.5",$214.8,64.4,,"AFN 13,830",پرداخت تعرفه صفایی تعمیر چلستون بابت سال 1405 همرای کرای تکسی و کمیشن بانکی,7-May-26,734,,,,
"$168,236.5","$10,000.0",63.8,"$10,000.00",,اجرا حواله تقدی برای عزیز طارق از کشور امریکا توسط چک نمبر 2415 برای انجنیر حیات که پول را به دوکان دار روان عبدالستار دار نده نمبر تذکره 1403.0702.25400,9-May-26,735,,,,
"$168,244.3",$7.9,63.48,,AFN 500,پرداخت برای وزارت خارجه  بابت تاپه نمودن شهادت نامه سمیر للندر ,10-May-26,736,,,,
"$168,275.8",$31.5,63.5,,"AFN 2,000",پرداخت به خیرات مدرسه توسط حاجی صبغت الله ,11-May-26,737,,,,
"$168,427.6",$151.8,64.4,,"AFN 9,774","پرداخت صفایی واحد های خانه گزرگاه نمبر های 11349270, 11360377 و 11384317",11-May-26,738,,,,
"$168,538.9",$111.3,64.4,,"AFN 7,166","پرداخت صفایی واحد های خانه گزرگاه نمبر تعرفه 11360547, 11364871 و غیره ",11-May-26,739,,,,
"$168,724.4",$185.5,64.4,,"AFN 11,944",پرداخت صفایی حویلی پارکینک بخارا نمبر تعرفه 11187314 ,11-May-26,740,,,,
"$168,741.6",$17.3,63.63,,"AFN 1,100","مصارف بیرونی عبدالرحیم از قبیل رفتن به برشنا, کوته سنگی رفت و آمد, مندوی, کاپی اسناد و رفتن به ناحیه پل سرخ مصارف ذکر شده مربوط روز های چهارشنبه, شنبه و دوشنبه می شود",11-May-26,741,,,,
"$168,748.7",$7.1,63.63,,AFN 450,خریداری انرژی برای کارمند های برشنا و کرایی راه ,11-May-26,742,,,,
"$168,752.0",$3.3,63.63,,AFN 210,"مصارف بیرونی عبدالرحیم از قبیل کرای راه الی دفتر, کرای راه نان چاشت نوید بابت پرداخت تعرفه ",12-May-26,743,,,,
"$168,753.9",$1.9,63.63,,AFN 120,حریداری منر بابت دفتر ,13-May-26,744,,,,
"$168,766.6",$12.7,63.21,,AFN 800,خریداری کباب گوسفندی و تکه به مهمان ,16-May-26,745,,,,
"$168,788.1",$21.6,63.5,,"AFN 1,370","مصارف بیرونی رحیم از قبیل رفتن به ناحیه, دفتر, سینمای پامیر برشنا, شهر نو, دهمزنگ, نان چاشت, سیم کارت, شهرک آریا و غیره مصارف در روز های 12, 13, 14 و 16 می صورت کرفته است. ",16-May-26,746,,,,
"$168,868.4",$80.3,63.5,,"AFN 5,100",حریداری دو توپ تکه عربی به رنگ های مختلف ,16-May-26,747,,,,
"$168,907.8",$39.4,63.5,,"AFN 2,500",پرداخت برای انترینت خانه به شرکت رهانت ,16-May-26,748,,,,
"$168,910.5",$2.7,63.5,,AFN 170,حریداری شیر به خانه توسط ادریس به هدایت حاجی عاشق الله ,17-May-26,749,,,,
"$169,168.5",$258.0,63.5,,"AFN 16,385","پرداخت مصرف واحد های نمبر 1, 3, 4,7,23 و 22 بابت ماه حمل سال 1405",17-May-26,750,,,,
"$176,168.5","$7,000.0",63.7,"$7,000.00",,پرداخت برای مواد ارتزاقی ذبیع الله ذاخیل بابت ذکات سال 1404 سال جاری توسط حاجی عاشق الله توسط چک نمبر 2427  از صرافی خانی گل,19-May-26,,,,,
"$176,172.3",$3.8,63.62,,AFN 242,"خریداری قیماق, پیاز, رومی, بادرنگ, لیمو, مرچ بابت رستوانت",20-May-26,751,,,,
"$176,184.1",$11.8,63.62,,AFN 750,خریداری جوس به مهمانان دفتر,20-May-26,755,,,,
"$176,186.5",$2.4,63.7,,AFN 150,"پرداخت کرای موتر به ریاست مالیه دهنده گان و ثبت مالکیت های فرکری کابل ننداری, و چاپ عکس حاجی جاوید و کاپی تذکره حاجی عاشق الله و حاجی جاوید",20-May-26,756,,,,
"$176,200.5",$14.0,63.62,,AFN 890,کمیشن بانکی جواز focus کرایه دو طرفه و نان چاشت از جمله مصارف رحیم می باشد,20-May-26,,,,,
"$176,209.1",$8.7,63.57,,AFN 550,"مصارف بیرونی رحیم از قبیل رفتن به کوته سنگی, چهاراهی شهر, وزارت داخله و کارت موبایل",20-May-26,,,,,
"$176,232.7",$23.6,63.62,,"AFN 1,500",پرداخت به کم بودی تعریفه تمدید جواز ساختمانی focus به  حاجی ثنا الله,21-May-26,,,,,
"$176,235.0",$2.4,63.7,,AFN 150,"پرداخت کرای به ریاست مالیه دهنده گان و ثبت مالکیت های فرکری کابل ننداری, و چاپ عکس حاجی جاوید و کاپی تذکره حاجی عاشق الله و حاجی جاوید",21-May-26,758,,,,
"$176,366.2",$131.2,64.8,,"AFN 8,500",خریداری لباس ورزشی و پروتین توسط سمیر للندر ,21-May-26,763,,,,
"$176,387.1",$20.9,63.62,,"AFN 1,330","خریداری کیک سالکره, شمع به دفتر",23-May-26,764,,,,
"$206,387.1","$30,000.0",63.62,"$30,000.00",,پرداخت برای فیض محمد عطایی یایت  واپسی سه باب آپاذتمان از چت منزل هشتم سکشن A که بتاریخ 6 حمل 1405 توسط همایون نعیم در صرافی خانی گل واقح سرای شهزاده جمح گردیده بود,8-Jun-26,765,,,,
"$207,125.9",$738.8,63.62,,"AFN 47,000",پرداخت اجرت کانتینر های گدام کارته سه به زمین دارلمان ,8-Jun-26,766,,,,
"$207,162.3",$36.5,63.62,,"AFN 2,320",پرداخت برای مصارف انتقال میتر آب زمین دارالامان,10-Jun-26,767,,,,
"$207,178.9",$16.5,63.62,,"AFN 1,050",پرداخت اجرت روز مزد سه روزه محمد بصیر بابت کار در زمین دارالامان ,10-Jun-26,768,,,,
"$207,226.0",$47.2,63.62,,"AFN 3,000",پرداخت قسط اول برای خیاطی خان فیشن رشاد صیفی بابت تهیه لباس خانه  ,14-Jun-26,769,,,,
"$207,320.3",$94.3,63.62,,"AFN 6,000",پرداخت قسط دوم برای خیاطی خان فیشن رشاد صیفی بابت تهیه لباس خانه  ,14-Jun-26,770,,,,
"$207,508.9",$188.6,63.62,,"AFN 12,000",پرداخت قسط سوم برای خیاطی خان فیشن رشاد صیفی بابت تهیه لباس خانه  ,14-Jun-26,771,,,,
"$207,511.8",$2.8,63.62,,AFN 180,خریداری سگرت به مهمانان دفتر ,15-Jun-26,772,,,,
"$207,579.4",$67.6,63.62,,"AFN 4,300","پرداخت برای چاپ بل بوک های رسید پول, بل قراردادی و بل نان خشک به دفتر ",15-Jun-26,761,,,,
"$207,585.5",$6.1,63.62,,AFN 390,پرداخت برای فتوکاپی اسناد حوزه مالیاتی اول و کرای موتر و کرای تکسی عبدلرحیم به دفتر ,15-Jun-26,762,,,,
"$207,838.6",$253.1,63.62,,"AFN 16,100",خریداری یک پایه کولر آبی نشنل به دفتر,15-Jun-26,763,,,,
"$207,954.9",$116.3,63.62,,"AFN 7,400",خریداری یک پایه کولر آبی نشنل به دفتر,15-Jun-26,764,,,,
"$207,978.4",$23.6,63.62,,"AFN 1,500","پرداخت برای مصارفات بیرونی عبدالرحیم از قبیل رفتن به پل سرخ, شهرنو, برداشت سمیر بخاطر سلمانی, رفتن به ریاست صدور مجوز, کارت مبایل, سرای شمالی و صدور و محیط زیست, به شرکت کابل بن, کرای ناحیه سوم و چهاراهی سرسبزی",16-Jun-26,765,,,,
"$207,983.9",$5.5,63.62,,AFN 350,خریداری فلش 64 جی بی به ضرورت حاجی جاویدالله ,16-Jun-26,766,,,,
"$208,983.9","$1,000.0",63.62,"$1,000.00",,پرداخت برای عمران بابت خریداری تکت ثناالله به کشور امریکا,16-Jun-26,767,,,,
"$218,983.9","$10,000.0",63.62,"$10,000.00",,پرداخت برای مایار ریاست صدور مجوز به هدایت حاجی رفیح الله ,16-Jun-26,768,,,,
"$219,016.2",$32.2,63.62,,"AFN 2,050",پرداخت برای مصارفات کرای تکسی وکرای موتر عبدالرحیم و پاک کاری واحد دو اطاقه حاجی گل تاور,17-Jun-26,769,,,,
"$221,550.6","$2,534.4",63.62,,"AFN 161,240",پرداخت تعرفه مالیه بر کرایه تعمیر للندر باغ قاضی بابت سال 1404,17-Jun-26,770,,,,
"$221,589.9",$39.3,63.62,,"AFN 2,500",پرداخت فیس انترنیت خانه از تاریخ 16 جون الی 17 جولای 2026 ,17-Jun-26,771,,,,
"$221,592.9",$3.0,63.62,,AFN 190,پرداخت کرای تکسی عبدالرحیم بابت تحویلی تعرفه مالیه بر کرایه باغ قاضی و ترتیب عریضه تخریب جایداد باغ قاضی به حوزه مالیاتی اول ,17-Jun-26,772,,,,`
"$221,792.9",$200.0,63.62,$200.00,,برداشت سمیر للندر از دفتر به هدایت حاجی عاشق الله ,17-Jun-26,773,,,,
"$221,795.2",$2.4,63.62,,AFN 150,خریداری ماست به دفتر ,20-Jun-26,774,,,,
"$221,797.1",$1.9,63.62,,AFN 120,خریداری سگرت به مهمانان دفتر ,22-Jun-26,775,,,,
"$222,011.5",$214.4,63.62,,"AFN 13,637",پرداخت مصارف بل های برق دفتر و خانه های کارته سه بابت ماه ثور 1405,23-Jun-26,776,,,,
"$222,096.6",$85.2,63.62,,"AFN 5,419",پرداخت معاش نویدالله ولد عصمت الله بابت ماه جوزا سال 1405,24-Jun-26,777,,,,
"$222,596.6",$500.0,63.62,$500.00,,پرداخت برای اعمار مسجد توسط حاجی عاشق الله بدست حاجی زیور ,24-Jun-26,778,,,,
"$226,180.7","$3,584.0",63.62,,"AFN 228,016",پرداخت تعرفه موترخریداری شده از کشور امریکا توسط حاجی عاشق الله ,28-Jun-26,779,,,,
"$226,287.4",$106.7,63.62,,"AFN 6,790",خریداری برنج روغن به خانه توسط حاجی عاشق الله ,28-Jun-26,780,,,,
"$227,038.0",$750.6,63.62,,"AFN 47,753",پرداخت تعرفه صفایی تعمیرباغ قاضی بابت سال 1405 اسامی عتیق الله ولد عصمت الله و جمعه خان ولد غلام عیدر ,29-Jun-26,781,,,,
"$227,041.8",$3.8,63.62,,AFN 240,پرداخت کرای تکسی دو طرف عبدالرحیم با بانک و مصرف نان چاشت بخاطر تحویلی تعرفه صفایی تعمیر باغ قاضی ,29-Jun-26,782,,,,
"$227,827.7",$785.9,63.62,,"AFN 50,000",پرداخت برای احمد نبی نعمتی مبلغ پنجاه هزار افغانی توسط حاجی عاشق الله ,29-Jun-26,783,,,,
"$227,984.9",$157.2,63.62,,"AFN 10,000",پرداخت برای عبدالله گلکار بابت خشت کاری دیوار احاطوی زمین گلباغ بدست برادرش مصطفی ,29-Jun-26,784,,,,
"$237,984.9","$10,000.0",63.62,"$10,000.00",,پرداخت برای احمد نبی نعمتی مبلغ ده هزار دالر امریکایی توسط حاجی عاشق الله ,29-Jun-26,785,,,,
"$238,137.5",$152.7,65.5,,"AFN 10,000",پرداخت معاش عبدالکریم ولد محمد ظاهر بابت ماه ثور سال 1405,2-Jul-26,786,,,,
"$238,290.2",$152.7,65.5,,"AFN 10,000",پرداخت معاش عبدالکریم ولد محمد ظاهر بابت ماه جوزا سال 1405,2-Jul-26,787,,,,
"$238,293.3",$3.1,65.5,,AFN 200,خریداری پیاز و کچالو به آشپزخانه دفتر ,2-Jul-26,788,,,,
"$238,295.1",$1.8,65.5,,AFN 120,پرداخت برای اسکن قباله شرعی حاجی خلیل به حاجی رفیح الله از تعمیر للندر 5 و خریداری change usb to type c برای حاجی رفیح الله ,2-Jul-26,789,,,,
"$238,295.9",$0.8,63.62,,AFN 50,خریداری ماست به دفتر ,4-Jul-26,790,,,,
"$238,321.8",$25.9,63.62,,"AFN 1,650",پرداخت مصارفات بیرونی عبدالرحیم بابت طی مراحل اسناد دوایر دولتی دفتر ,4-Jul-26,791,,,,
"$238,337.5",$15.7,63.62,,"AFN 1,000",خریداری تیل دیزل به جنرتور زمین گلباغ ,4-Jul-26,792,,,,
"$238,581.2",$243.6,63.62,,"AFN 15,500",پرداخت خدمات اخذ شده توسط حاجی عاشق الله از واحد A01 تعمیر للندر 3 گزرگاه,8-Dec-25,793,,,,
"$239,081.2",$500.0,63.62,$500.00,,پرداخت برای محمد تعمیم بابت نصب و خریداری کلکین pvc واخد نمبر 23,8-Dec-25,794,,,,
"$239,082.7",$1.6,63.62,,AFN 100,خریداری گاز  به فتر,8-Dec-25,795,,,,
"$239,085.6",$2.8,63.62,,AFN 180,خریداری شرش کاط به دفتر ,8-Dec-25,796,,,,
"$239,088.7",$3.1,63.62,,AFN 200,خریداری جوس به مهمانانی دفتر مربوط للندر 5 ,15-Dec-25,797,,,,
"$239,113.9",$25.1,63.62,,"AFN 1,600",خریداری ترموز پارتی به دفتر ,15-Dec-25,798,,,,
"$239,117.0",$3.1,63.62,,AFN 200,"خریداری گوشت, ماست و غیره به دفتر ",15-Dec-25,799,,,,
"$239,120.5",$3.5,63.62,,AFN 220,"خریداری ماست, آب و نوشابه به دفتر ",14-Dec-25,800,,,,
"$239,139.5",$19.0,63.62,,"AFN 1,210",پرداخت برای عبدالرحیم بابت نان و کرای تکسی و غیره,14-Dec-25,801,,,,
"$239,165.4",$25.9,63.62,,"AFN 1,650","پرداخت برای رحیم بابت کرای راه, کاپی اسناد و قفل برای خانه کارته سه ",13-Dec-25,802,,,,
"$239,203.6",$38.2,63.62,,"AFN 2,430",خریداری قفل دروازه به دفتر ,11-Dec-25,803,,,,
"$239,209.1",$5.5,63.62,,AFN 350,خریداری گوشت گوسفند به دفتر ,11-Dec-25,804,,,,
"$239,214.3",$5.2,63.62,,AFN 330,"پرداخت کرای راه رحیم بابت رفتن به نوایی کوته سگی, شهر و غیره و دادن بل برق خانه چهل ستون",11-Dec-25,805,,,,
"$239,221.9",$7.5,63.62,,AFN 480,خریداری قفل و گچ پلاستیکی به دفتر ,11-Dec-25,806,,,,
"$240,021.9",$800.0,63.62,$800.00,,پرداخت برای وکیل صاحب قیومی بابت پیش برد امورات ادراری محکمه بابت دعوای جایداد عبدالله ولد حبیب,11-Dec-25,807,,,,
"$240,084.7",$62.9,63.62,,"AFN 4,000","خریداری گوشت گوساله استخوان دار, گوشت سرخی گوساله ران مرغ و غیره بابت دفتر ",11-Dec-25,808,,,,
"$240,091.0",$6.3,63.62,,AFN 400,خریداری کچالو 2 سیر به دفتر ,17-Dec-25,809,,,,
"$240,107.5",$16.5,63.62,,"AFN 1,050","خریداری سیر, کوک, آب , ترکاری, دال و ترکاری  به دفتر ",17-Dec-25,810,,,,
"$240,121.7",$14.1,63.62,,AFN 900,خریداری گوشت گوساله 2 کیلو به للندر 5,17-Dec-25,811,,,,
"$240,123.2",$1.6,63.62,,AFN 100,خریداری پیاز یک سیر به دفتر,17-Dec-25,812,,,,
"$240,131.9",$8.6,63.62,,AFN 550,خریداری مرغ و ترکاری به دفتر,16-Dec-25,813,,,,
"$240,133.5",$1.6,63.62,,AFN 100,خریدرای گروپ 12 وات ولدر 1 دانه به دفتر,16-Dec-25,814,,,,
"$240,172.8",$39.3,63.62,,"AFN 2,500",پرداخت برای انترنیت بابت خانه ,16-Dec-25,815,,,,
"$240,175.4",$2.7,63.62,,AFN 170,"پرداخت برای رحیم بابت کرای راه رفتن به شهر نو, کوته سنگی آمدن به دفتر ",21-Dec-25,816,,,,
"$240,181.7",$6.3,63.62,,AFN 400,خریداری کیک 2 کیلو به دفتر ,21-Dec-25,817,,,,
"$240,195.5",$13.8,63.62,,AFN 875,خریداری اش 500 گرام و سینه مرغ به دفتر ,20-Dec-25,818,,,,
"$240,206.5",$11.0,63.62,,AFN 700,پرداخت برای رحیم غفوری بابت کرای راه به دفتر ,18-Dec-25,819,,,,
"$240,520.8",$314.4,63.62,,"AFN 20,000",برداشت فیض الله نجار بابت دروازه دفتر ,18-Dec-25,820,,,,
"$240,560.1",$39.3,63.62,,"AFN 2,500",پرداخت برای فیض الله نجار بابت تهیه دروازه و الماری دفتر ثناالله للندر ,25-Dec-25,821,,,,
"$240,874.5",$314.4,63.62,,"AFN 20,000",برداشت حاجی صبغت الله از دفتر بخاطر ترمیم موتر فرونر,29-Dec-25,822,,,,
"$241,495.7",$621.2,63.62,,"AFN 39,518",پرداخت برای تعرفه 33 متر جایداد دولتی تعمیر باغ قاضی بابت ماه میزان 1404,14-Oct-25,823,,,,
"$241,505.9",$10.2,63.62,,AFN 650,خریداری نان از رستورانت به دفتر ,4-Dec-25,824,,,,
"$241,507.4",$1.6,63.62,,AFN 100,پرداخت کرای تکسی بابت جمح آوری کرایه باغ قاضی ,4-Dec-25,825,,,,
"$241,509.0",$1.6,63.62,,AFN 100,خریداری گاز مایح به دفتر ,4-Dec-25,826,,,,
"$241,511.8",$2.8,63.62,,AFN 180,خریداری سه عدد مساله بریانی به دفتر ,4-Dec-25,827,,,,
"$242,133.0",$621.2,63.62,,"AFN 39,518",پرداخت تعرفه جایداد دولتی تعمیر باغ قاضی ماه قوس 1404,4-Dec-25,828,,,,
"$242,134.9",$1.9,63.62,,AFN 120,خریداری روغن خورد به دفتر ,2-Dec-25,829,,,,
"$242,154.5",$19.6,63.62,,"AFN 1,250",خریداری چینج آور 80 امپیر اتومات و 2 پول به تعمیر کارته سه,7-Dec-25,830,,,,
"$242,217.4",$62.9,63.62,,"AFN 4,000",خریداری کباب گوسفندی به خانه ,7-Dec-25,831,,,,
"$242,255.6",$38.2,63.62,,"AFN 2,430","خریداری گوشت سرخی, گوشت استخوان دار, ترکاری و خلال",7-Dec-25,832,,,,
"$242,260.3",$4.7,63.62,,AFN 300,خریداری نوشابه به دفتر,7-Dec-25,833,,,,
"$242,323.3",$63.0,63.62,,"AFN 4,010","خریداری کلچه, کشمش, نخود, چپه نمک و بادام به دفتر",1-Dec-25,834,,,,
"$242,422.1",$98.7,63.62,,"AFN 6,280","خریداری کیک, مرغ, سمبوسه, کیله وسیب به خانه ",1-Dec-25,835,,,,
"$242,423.3",$1.3,63.62,,AFN 80,"کرای راه حوزه مالیات, کوته سنگی, دفتر صدور و کرای آمد مربوط عبدالرحیم غفوری",6-Dec-25,836,,,,
"$242,439.3",$16.0,63.62,,"AFN 1,020","پول راه عبدلرحیم بابت رفتن به کوته سنگی, شهر نو, ریاست مالیاتی و نان جاشت",6-Dec-25,837,,,,
"$242,456.6",$17.3,63.62,,"AFN 1,100","پول راه عبدلرحیم بابت رفتن به کوته سنگی, شهر نو, ریاست مالیاتی و نان جاشت",6-Dec-25,838,,,,
"$242,464.5",$7.9,63.62,,AFN 500,"پول راه عبدلرحیم بابت رفتن به کوته سنگی, شهر نو, ریاست مالیاتی و نان جاشت",6-Dec-25,839,,,,
"$242,700.3",$235.8,63.62,,"AFN 15,000",برداشت حاجی صبغت الله از دفتر بخاطر ترمیم موتر فرونر,27-Nov-25,840,,,,
"$242,936.0",$235.8,63.62,,"AFN 15,000",پرداخت به مصارف ختم قرانکریم توسط حاجی صبغت الله ,6-Jun-25,841,,,,
"$242,938.4",$2.4,63.62,,AFN 150,خریداری مسلم شاور توسط حاجی صبغت الله ,27-May-25,842,,,,
"$243,061.0",$122.6,63.62,,"AFN 7,800",خریداری کنجاره سبوس به گاو های زمین گلباغ,28-Apr-25,843,,,,
"$243,068.9",$7.9,63.62,,AFN 500,پرداخت برای سلمانی حاجی رفیح الله ,7-Apr-25,844,,,,
"$243,072.5",$3.6,63.62,,AFN 230,"خریداری بادنجان سیاه, رومی و کچالو به دفتر",15-Oct-25,845,,,,
"$243,074.8",$2.4,63.62,,AFN 150,"خریداری مرچ تازه, رومی و پیاز به دفتر ",15-Oct-25,846,,,,
"$243,177.0",$102.2,63.62,,"AFN 6,500","پراخت برای فعال نمودن انترنیت افغان تلیکام بابت شماره دیجیتال, لین, روتر و فیس ماهوار",15-Oct-25,847,,,,
"$243,188.8",$11.8,63.62,,AFN 750,خریداری گوشت مرغ,15-Oct-25,848,,,,
"$243,204.5",$15.7,63.62,,"AFN 1,000","خریداری چاکلیت, چای سبز, بوره , مایح ظرفشویی و دستمال کاغذی به دفتر",15-Oct-25,849,,,,
"$243,243.8",$39.3,63.62,,"AFN 2,500",پرداخت فیس انترنیت واحد نمبر کارته سه از تاریخ 16 اکتوبر الی 16 نوامبر 2025,15-Oct-25,850,,,,
"$243,250.3",$6.4,63.62,,AFN 410,پرداخت برای نان چاشت مطیح الله و رحیم و کرای پارکینگ موتر میدان هوایی بابت اسناد های حاجی رفیح,15-Oct-25,851,,,,
"$243,253.4",$3.1,63.62,,AFN 200,خریداری گاز مایح به دفتر ,15-Oct-25,852,,,,
"$243,255.0",$1.6,63.62,,AFN 100,خریداری مصاله بریانی به دفتر ,15-Oct-25,853,,,,
"$243,257.5",$2.5,63.62,,AFN 160,خریداری کچالو به دفتر ,15-Oct-25,854,,,,
"$243,261.7",$4.2,63.62,,AFN 270,خریداری گروپ سه رنگه و سویچ به دفتر ,29-Oct-25,855,,,,
"$243,290.3",$28.6,63.62,,"AFN 1,820","خریداری روغن, مصاله و زردچوبه به آشپزخانه کارته سه",29-Oct-25,856,,,,
"$243,306.1",$15.7,63.62,,"AFN 1,000",خریداری گاز به دفتر ,23-Oct-25,857,,,,
"$243,318.6",$12.6,63.62,,AFN 800,خریداری گوشت مرغ و مصاله بریانی به دفتر ,23-Oct-25,858,,,,
"$243,322.7",$4.1,63.62,,AFN 260,خریداری پیاز و چالو به دفتر ,22-Oct-25,859,,,,
"$243,330.6",$7.9,63.62,,AFN 500,خریداری گاز به دفتر ,22-Oct-25,860,,,,
"$243,333.1",$2.5,63.62,,AFN 160,خریداری کچالو به دفتر ,22-Oct-25,861,,,,
"$243,342.5",$9.4,63.62,,AFN 600,خریداری غذا از رستورانت به کارمندان صفایی تعمیر للندر 1,21-Oct-25,862,,,,
"$243,351.8",$9.3,63.62,,AFN 590,خریداری برای وکیل کارته چهار بابت اسناد پلسرخ و فوتوکاپی اسناد صفایی للندر 1 کرای موتر یه کوته سنگی,21-Oct-25,863,,,,
"$243,364.4",$12.6,63.62,,AFN 800,پرداخت برای چاپ بل بوک به نان خشک دفتر ,21-Oct-25,864,,,,
"$243,376.6",$12.3,63.62,,AFN 780,خریداری گوشت مرغ به دفتر ,20-Oct-25,865,,,,
"$243,378.2",$1.6,63.62,,AFN 100,خریداری مصاله بریانی به دفتر ,20-Oct-25,866,,,,
"$243,379.8",$1.6,63.62,,AFN 100,خریداری پیاز به دفتر ,20-Oct-25,867,,,,
"$243,382.6",$2.8,63.62,,AFN 180,خریداری کچالو به دفتر ,20-Oct-25,868,,,,
"$243,389.8",$7.2,63.62,,AFN 460,خریداری کچالو و پیاز به دفتر ,20-Oct-25,869,,,,
"$243,394.4",$4.6,63.62,,AFN 290,"خریداری متر, میخ, نت و بولت یه دفتر",20-Oct-25,870,,,,
"$243,406.2",$11.8,63.62,,AFN 750,خریداری گوشت مرغ و آشپزخانه ,16-Oct-25,871,,,,
"$243,407.3",$1.1,63.62,,AFN 70,خریداری نارنج و مالته بابت دفتر ,23-Dec-25,872,,,,
"$243,410.6",$3.3,63.62,,AFN 210,خریداری برنج به دفتر,23-Dec-25,873,,,,
"$243,418.1",$7.5,63.62,,AFN 480,خریداری یک کیلو گوشت بابت دفتر,23-Dec-25,874,,,,
"$243,420.8",$2.7,63.62,,AFN 170,خریداری دال و نخود بابت پروژه دفتر,23-Dec-25,875,,,,
"$243,471.1",$50.3,63.62,,"AFN 3,200",خریداری برکت ساده دو عدد بابت دفتر,23-Dec-25,876,,,,
"$243,474.6",$3.5,63.62,,AFN 220,خریداری پل بابت پروژه دفتر,23-Dec-25,877,,,,
"$243,484.0",$9.4,63.62,,AFN 600,پرداخت گاز بابت دفتر,23-Dec-25,878,,,,
"$243,502.9",$18.9,63.62,,"AFN 1,200",خریداری چارچر کمپیوتر بابت پرژه دفتر,23-Dec-25,879,,,,
"$243,518.6",$15.7,63.62,,"AFN 1,000",خریداری دو کیلو گوشت بابت پروژه دفتر ,23-Dec-25,880,,,,
"$243,523.6",$5.0,63.62,,AFN 320,"خریداری کدو, رومی و مرچ به دفتر",23-Dec-25,881,,,,
"$243,524.5",$0.9,63.62,,AFN 60,"خریداری کدو, رومی و مرچ به دفتر ",23-Dec-25,882,,,,
"$243,526.4",$1.9,63.62,,AFN 120,قفل و دستک به دفتر ,23-Dec-25,883,,,,
"$243,543.7",$17.3,63.62,,"AFN 1,100",چاپ کتابچه به دفتر,23-Dec-25,884,,,,
"$243,550.0",$6.3,63.62,,AFN 400,کاغذ رول به دفتر ,23-Dec-25,885,,,,
"$243,594.5",$44.5,63.62,,"AFN 2,830","ساکت, کرای راه به دفتر",23-Dec-25,886,,,,
"$252,094.5","$8,500.0",63.62,"$8,500.00",,اجرا حواله حاجی رفیح الله به ترکیه ,2-Dec-25,887,,,,
"$252,097.6",$3.1,63.62,,AFN 200,رب هدیه به دفتر ,2-Dec-25,888,,,,
"$252,101.1",$3.5,63.62,,AFN 220,کچالو و نمک به دفتر ,2-Dec-25,889,,,,
"$252,104.2",$3.1,63.62,,AFN 200,خریداری برگر به کمبودی نان چاشت ,4-Dec-25,890,,,,
"$252,120.0",$15.7,63.62,,"AFN 1,000",خریداری کارت به حاجی رفیح,30-Nov-25,891,,,,
"$252,130.0",$10.1,63.62,,AFN 640,روغن به دفتر ,30-Nov-25,892,,,,
"$252,137.2",$7.2,63.62,,AFN 460,روغن به دفتر ,30-Nov-25,893,,,,
"$252,157.4",$20.1,63.62,,"AFN 1,280",گوشت مرغ به دفتر,30-Nov-25,894,,,,
"$252,158.1",$0.8,63.62,,AFN 50,کچالو به دفتر ,30-Nov-25,895,,,,
"$252,159.7",$1.6,63.62,,AFN 100,مصاله بریانی به دفتر ,30-Nov-25,896,,,,
"$252,175.4",$15.7,63.62,,"AFN 1,000",خریداری گاز مایح به دفتر ,30-Nov-25,897,,,,
"$252,180.5",$5.0,63.62,,AFN 320,"خریداری متر, کچالو, شلغم, زردک, رومی و بادرنگ به دفتر ",30-Nov-25,898,,,,
"$252,187.2",$6.8,63.62,,AFN 430,خریداری فلش و موس به دفتر ,29-Nov-25,899,,,,
"$252,218.7",$31.4,63.62,,"AFN 2,000",برداشت سمیر للندر از دفتر ,29-Nov-25,900,,,,
"$252,250.1",$31.4,63.62,,"AFN 2,000",برداشت غر از دفتر ,29-Nov-25,901,,,,
"$252,269.0",$18.9,63.62,,"AFN 1,200","خریداری شرینی, کلچه به خانه ",26-Nov-25,902,,,,
"$252,271.2",$2.2,63.62,,AFN 140,خریداری رب و رومی به دفتر ,26-Nov-25,903,,,,
"$252,287.2",$16.0,63.62,,"AFN 1,020",خریداری کاز مایح به دفتر                                                                                    ,26-Nov-25,904,,,,
"$252,310.8",$23.6,63.62,,"AFN 1,500",نصب سیستم سولر به دفتر ,26-Nov-25,905,,,,
"$252,326.5",$15.7,63.62,,"AFN 1,000",فیس کلپ سمیر للندر,24-Nov-25,906,,,,
"$252,334.4",$7.9,63.62,,AFN 500,گوشت گوساله به دفتر,24-Nov-25,907,,,,
"$252,336.2",$1.9,63.62,,AFN 120,خلال و کشکش بخ دفتر ,24-Nov-25,908,,,,
"$252,337.7",$1.4,63.62,,AFN 90,خریداری رومی پیاز به دفتر ,24-Nov-25,909,,,,
"$252,340.5",$2.8,63.62,,AFN 180,گاز به دفتر ,24-Nov-25,910,,,,
"$252,343.0",$2.5,63.62,,AFN 160,"خریداری کچالو, زردک, رومی و مرچ به دفتر ",23-Nov-25,911,,,,
"$252,343.8",$0.8,63.62,,AFN 50,خریداری بادنجان رومی به دفتر ,12-Oct-25,912,,,,
"$252,345.5",$1.7,63.62,,AFN 110,خریداری دو کیلو شیر ,12-Oct-25,913,,,,
"$252,358.1",$12.6,63.62,,AFN 800,خریدرای بوره به خانه ,12-Oct-25,914,,,,
"$252,979.2",$621.2,63.62,,"AFN 39,518",کرای 33 متر جایداد دولتی تعمیر باغ قاضی ,11-Oct-25,915,,,,
"$253,053.7",$74.5,63.62,,"AFN 4,740",فیس انترنیت ماه دسمبر 2025 منزل هفتم کارته سه ,9-Oct-25,916,,,,
"$253,071.8",$18.1,63.62,,"AFN 1,150","نان چاشت, و پرداخت به کایگران و کرن کار بابت انتقال کانتیر های گدام کارته سه",7-Oct-25,917,,,,
"$253,276.2",$204.3,63.62,,"AFN 13,000",پرداخت برای کرن کار و جابجایی کانتیرنر ها ,7-Oct-25,918,,,,
"$253,318.2",$42.0,63.62,,"AFN 2,673",پرداخت برای خبازی عبدالمطلب بغلانی بابت خریداری نان خشک دفتر کراته چهار ,6-Oct-25,919,,,,
"$253,328.4",$10.2,63.62,,AFN 650,"پرداخت موتربه شهرنو, کنترول ساختمانی, چاپ عکس و اسناد های تعمیر و خریداری کارت موبایل برای مهراج",6-Oct-25,920,,,,
"$253,344.5",$16.1,63.62,,"AFN 1,026",پرداخت برای خبازی عبدالمطلب بغلانی بابت خریداری نان خشک به تعمیر کارته سه,6-Oct-25,921,,,,
"$253,348.3",$3.8,63.62,,AFN 243,پرداخت برای خبازی عبدالمطلب بغلانی بابت خریداری نان خشک دفتر کراته چهار ,6-Oct-25,922,,,,
"$253,353.7",$5.3,63.62,,AFN 340,"خریداری برس, قفل, جاروب به دفتر ",5-Oct-25,923,,,,
"$253,357.5",$3.8,63.62,,AFN 240,خریداری کاغذ  به دفتر,5-Oct-25,924,,,,
"$253,368.6",$11.2,63.62,,AFN 710,"خریداری انرژی الکزی, آب و سگرت به دفتر ",5-Oct-25,925,,,,
"$253,370.2",$1.6,63.62,,AFN 100,خریداری شیر تازه,4-Oct-25,926,,,,
"$253,384.7",$14.5,63.62,,AFN 920,خریداری شکاستیپ و توش به دفتر ,4-Oct-25,927,,,,
"$253,412.5",$27.8,63.62,,"AFN 1,770",خریداری شیر تازه به خانه توسط حاجی صبغت الله ,4-Oct-25,928,,,,
"$253,417.5",$5.0,63.62,,AFN 320,"خریداری پیاز, مرچ سیر و گشنیز به دفتر ",2-Oct-25,929,,,,
"$253,429.3",$11.8,63.62,,AFN 750,خریداری گوشت مرغ به دفتر ,2-Oct-25,930,,,,
"$253,460.7",$31.4,63.62,,"AFN 2,000",خریداری گوشت گوساله ,2-Oct-25,931,,,,
"$253,464.0",$3.3,63.62,,AFN 210,خریداری کچالو و زردک به دفتر ,2-Oct-25,932,,,,
"$253,465.8",$1.7,63.62,,AFN 110,خریدرای رومی کشمش یه دفتر,2-Oct-25,933,,,,
"$253,469.2",$3.5,63.62,,AFN 220,"خریداری پیاز, مصاله بریانی و مرچ تازه به دفتر ",2-Oct-25,934,,,,
"$253,472.8",$3.6,63.62,,AFN 230,خریدرای کچالو و بادنجان رومی به دفتر ,2-Oct-25,935,,,,
"$253,480.5",$7.7,63.62,,AFN 490,خریداری روب هدیه به دفتر ,2-Oct-25,936,,,,
"$253,483.8",$3.2,63.62,,AFN 205,"خریداری رومی, کدوگک, پیاز و مرچ تازه به دفتر ",2-Oct-25,937,,,,
"$253,486.2",$2.4,63.62,,AFN 155,خریداری روب و مکرونی به دفتر ,2-Oct-25,938,,,,
"$253,522.5",$36.3,63.62,,"AFN 2,310","خریداری کیک, ترمیم بطری, کتابچه صفایی, کچالو, آب گرمی و غیره به دفتر ",16-Nov-25,939,,,,
"$253,525.3",$2.8,63.62,,AFN 175,خریداری چای سبز ماش دانه به دفتر ,15-Nov-25,940,,,,
"$253,535.5",$10.2,63.62,,AFN 650,خریداری غذا از رستورانت به مهمان دفتر ,15-Nov-25,941,,,,
"$253,574.8",$39.3,63.62,,"AFN 2,500",پرداخت فیس انترنیت خانه کارته سه ,15-Nov-25,942,,,,
"$253,603.1",$28.3,63.62,,"AFN 1,800",خریداری غذا از رستورانت به مهمان دفتر ,13-Nov-25,943,,,,
"$253,625.8",$22.8,63.62,,"AFN 1,450","پرداخت برای مصارفات عبدالرحیم بابت کرای موتر, کارت موبایل ",13-Nov-25,944,,,,
"$253,721.8",$96.0,63.62,$96.00,,خریداری شیر خشک اپتامیل به پسر حاجی بلال,8-Nov-25,945,,,,
"$253,729.7",$7.9,63.62,,AFN 500,خریداری گوشت سرخی ,3-Nov-25,946,,,,
"$253,748.6",$18.9,63.62,,"AFN 1,200",ترمیم و خرید پایپ به چاه ,3-Nov-25,947,,,,
"$253,755.3",$6.8,63.62,,AFN 430,کارت مبایل به عبدالرحیم,30-Nov-25,948,,,,
"$253,758.5",$3.1,63.62,,AFN 200,پیاز و روغن به دفتر ,30-Nov-25,949,,,,
"$253,797.8",$39.3,63.62,,"AFN 2,500",فیس مکتب طلحه للندر ,30-Nov-25,950,,,,
"$253,813.5",$15.7,63.62,,"AFN 1,000",خریداری گوشت مرغ و مصاله به دفتر ,30-Nov-25,951,,,,
"$253,931.4",$117.9,63.62,,"AFN 7,500",فلتر آب تصفیه کن به دفتر ,11-Sep-25,952,,,,
"$253,932.2",$0.8,63.62,,AFN 50,بادنجان رومی و مرچ به دفتر ,28-Sep-25,953,,,,
"$255,987.2","$2,055.0",63.62,"$2,055.00",,پرداخت برای شرکت جوتن بابت خریداری رنگ به تعمیر للندر 3 خانه گذر گاه,28-Sep-25,954,,,,
"$255,998.9",$11.8,63.62,,AFN 750,خریدرای مرغ به آشپزخانه دفتر کارته سه,25-Sep-25,955,,,,
"$256,001.6",$2.7,63.62,,AFN 170,"خریداری سیر, مصاله بریانی, مرچ و بادنجان رومی به کارته سه",25-Sep-25,956,,,,
"$256,119.7",$118.0,63.62,,"AFN 7,510",فیس مکتب طلحه للندر و لباس آن,20-Sep-25,957,,,,
"$256,437.0",$317.4,63.62,,"AFN 20,190",ذکریای نلدوان بابت تعمیر للندر 3 گذرگاه ,20-Sep-25,958,,,,
"$256,444.9",$7.9,63.62,,AFN 500,خریداری گوشت مرغ و مصاله به دفتر ,18-Sep-25,959,,,,
"$256,471.9",$27.0,63.62,,"AFN 1,720",خریداری گیلاس به تعیر از BNB,17-Sep-25,960,,,,
"$256,536.7",$64.8,63.62,,"AFN 4,120","خریداری اجاق گاز, پایپ گاز, کرایی, دیگ و گاز به مایح به مهمانان واحد b 19 j تعمیر گذرگاه",16-Sep-25,961,,,,
"$256,545.0",$8.3,63.62,,AFN 530,روغن به دفتر,16-Sep-25,962,,,,
"$256,546.8",$1.8,63.62,,AFN 115,بامیه و بادنجان رومی به دفتر ,16-Sep-25,963,,,,
"$256,616.8",$70.0,63.62,,"AFN 4,455",خریداری شیر تازه به خانه حاجی صبغت الله ,15-Sep-25,964,,,,
"$257,238.0",$621.2,63.62,,"AFN 39,518",پرداخت تعرفه باغ قاضی و کمیشن بانک,15-Sep-25,965,,,,
"$257,241.1",$3.1,63.62,,AFN 200,"رومی, مرچ تازه, بادرنگ و نارنج به ذفتز                                                                                                      ",15-Sep-25,966,,,,
"$257,241.9",$0.8,63.62,,AFN 50,خریداری بوره به دفتر ,15-Sep-25,967,,,,
"$257,268.6",$26.7,63.62,,"AFN 1,700",خریداری روتر به اینترنیت,14-Sep-25,968,,,,
"$257,271.9",$3.3,63.62,,AFN 210,"کوک, انرژی و آب معدنی به دفتر ",13-Sep-25,969,,,,
"$257,274.8",$2.8,63.62,,AFN 180,خریداری گاز به دفتر ,13-Sep-25,970,,,,
"$257,310.9",$36.2,63.62,,"AFN 2,300",فیس انترنیت تعمیر گذرگاه ,13-Sep-25,971,,,,
"$257,314.1",$3.1,63.62,,AFN 200,خریداری گاز به دفتر ,11-Sep-25,972,,,,
"$257,327.4",$13.4,63.62,,AFN 850,خریداری رنگ پرنتر به دفتر ,11-Sep-25,973,,,,
"$257,350.1",$22.6,63.62,,"AFN 1,440",پرداخت برای نان خشک به دفتر کارته سه,11-Sep-25,974,,,,
"$257,358.1",$8.1,63.62,,AFN 513,خریداری نان خشک برای دفتر کارته سه,11-Sep-25,975,,,,
"$257,373.8",$15.7,63.62,,"AFN 1,000",پرداخت و تصفیه حساب یحی بابت شفته کاری بام تعمیر چهلستون,2-Sep-25,976,,,,
"$257,402.1",$28.3,63.62,,"AFN 1,800",خربوز و تربوز به خانه کارته سه,1-Sep-25,977,,,,
"$257,410.0",$7.9,63.62,,AFN 500,پرداخت برای گلکار بابت شفته کاری تعمیر دفتر,31-Aug-25,978,,,,
